{"linkedin_internal_id": "6758", "description": "Austin ISD is a diverse community of more than 10,000 employees, and we recognize that nothing is more essential to a great education system than innovative, talented, passionate educators. \n\nWhether you\u2019re a recent graduate or an experienced professional seeking a new career opportunity, AISD has a home for you at one of our 116 diverse, incredible campuses. \n\nWe serve more than 73,000 students, and integral to that service are our employees. From teachers and administrators to support and maintenance staff, everyone is part of the AISD family. \n\nIf you want to make a difference in the lives of Central Texas students, if you want to help shape new initiatives and collaborate with your peers to increase student achievement, then Austin ISD wants to hear from you! \n\nPlease visit www.austinisd.org to learn more about what AISD has to offer.", "website": "http://www.austinisd.org", "industry": "Primary and Secondary Education", "company_size": [10001, null], "company_size_on_linkedin": 10661, "hq": {"country": "US", "city": "Austin", "postal_code": "78704", "line_1": "4000 S I H 35", "is_hq": true, "state": "Texas"}, "company_type": "EDUCATIONAL", "founded_year": null, "specialities": ["Education", "Student achievement", "Curriculum Development", "Diversity", "Leadership"], "locations": [{"country": "US", "city": "Austin", "postal_code": "78704", "line_1": "4000 S I H 35", "is_hq": true, "state": "Texas"}], "name": "Austin Independent School District", "tagline": null, "universal_name_id": "aisd", "profile_pic_url": "https://s3.us-west-000.backblazeb2.com/proxycurl/company/aisd/profile?X-Amz-Algorithm=AWS4-HMAC-SHA256&X-Amz-Credential=0004d7f56a0400b0000000001%2F20241126%2Fus-west-000%2Fs3%2Faws4_request&X-Amz-Date=20241126T050829Z&X-Amz-Expires=3600&X-Amz-SignedHeaders=host&X-Amz-Signature=cc2c6dc702878e4751cff73075dbfacc8c8e91fc42b444a56de4d158134ebcd9", "background_cover_image_url": "https://s3.us-west-000.backblazeb2.com/proxycurl/company/aisd/cover?X-Amz-Algorithm=AWS4-HMAC-SHA256&X-Amz-Credential=0004d7f56a0400b0000000001%2F20241126%2Fus-west-000%2Fs3%2Faws4_request&X-Amz-Date=20241126T050829Z&X-Amz-Expires=3600&X-Amz-SignedHeaders=host&X-Amz-Signature=ee58f8f9b247788fb6c7c69094f3bd6639d14bf6647bb1c24bf7d57149b13474", "search_id": "6758", "similar_companies": [{"name": "Round Rock ISD", "link": "https://www.linkedin.com/company/round-rock-isd/", "industry": "Primary and Secondary Education", "location": null}, {"name": "Texas Education Agency", "link": "https://www.linkedin.com/company/texas-education-agency/", "industry": "Government Administration", "location": null}, {"name": "Leander ISD", "link": "https://www.linkedin.com/company/leander-isd/", "industry": "Primary and Secondary Education", "location": null}, {"name": "City of Austin", "link": "https://www.linkedin.com/company/city-of-austin/", "industry": "Government Administration", "location": null}, {"name": "IDEA Public Schools", "link": "https://www.linkedin.com/company/idea-public-schools/", "industry": "Education Administration Programs", "location": null}, {"name": "Pflugerville ISD", "link": "https://www.linkedin.com/company/pfisd/", "industry": "Education Administration Programs", "location": null}, {"name": "Austin Independent School District - Economic Opportunity Office", "link": "https://www.linkedin.com/company/aisdeoo/", "industry": "Primary and Secondary Education", "location": null}, {"name": "Travis County", "link": "https://www.linkedin.com/company/travis-county/", "industry": "Government Administration", "location": null}, {"name": "Houston ISD", "link": "https://www.linkedin.com/company/houston-isd/", "industry": "Education Administration Programs", "location": null}, {"name": "Texas Health and Human Services", "link": "https://www.linkedin.com/company/texashhsc/", "industry": "Government Administration", "location": null}, {"name": "U.S. Department of Education", "link": "https://www.linkedin.com/company/usedgov/", "industry": "Government Administration", "location": null}, {"name": "Amplify", "link": "https://www.linkedin.com/company/amplifyinc/", "industry": "Education Administration Programs", "location": null}, {"name": "Texas Workforce Commission", "link": "https://www.linkedin.com/company/txworkforce/", "industry": "Government Administration", "location": null}, {"name": "Dallas Independent School District", "link": "https://www.linkedin.com/company/dallas-isd/", "industry": "Primary and Secondary Education", "location": null}, {"name": "Eanes ISD", "link": "https://www.linkedin.com/company/eanesisd/", "industry": "Primary and Secondary Education", "location": null}, {"name": "Hutto ISD", "link": "https://www.linkedin.com/company/hutto-isd/", "industry": "Education Management", "location": null}, {"name": "KIPP Texas Public Schools", "link": "https://www.linkedin.com/company/kipp-texas/", "industry": "Primary and Secondary Education", "location": null}, {"name": "Del Valle Independent School District", "link": "https://www.linkedin.com/company/delvalleisd/", "industry": "Primary and Secondary Education", "location": null}, {"name": "City of Round Rock", "link": "https://www.linkedin.com/company/roundrocktexas/", "industry": "Government Administration", "location": null}, {"name": "Georgetown ISD", "link": "https://www.linkedin.com/company/georgetown-isd/", "industry": "Primary and Secondary Education", "location": null}], "affiliated_companies": [], "updates": [{"article_link": "https://www.linkedin.com/posts/aisd_aisdproud-aisdjoy-tamuct-activity-7264752945005490176-hPYP", "image": "https://media.licdn.com/dms/image/v2/D5622AQE8Mj1s7aK13g/feedshare-shrink_2048_1536/feedshare-shrink_2048_1536/0/1732052073895?e=1735171200&v=beta&t=FMteNK-nAvpWhoAltrwovkfthIgK9AVylGbwO-uJsFE", "posted_on": {"day": 19, "month": 11, "year": 2024}, "text": "\ud83c\udf89 Austin Independent School District will be joining Texas A&M University\u2013Central Texas for their Fall Internship & Career Fair tomorrow!  \ud83d\udcbc\u2728 #AISDProud #AISDJoy #TAMUCT #FutureReady\n\n\ud83d\udcc5 November 20, 2024\n\ud83d\udccd Bill Yowell Conference Center\n\u23f0 10 AM - 2 PM", "total_likes": 9}, {"article_link": "https://www.linkedin.com/posts/aisd_come-visit-austin-independent-school-district-activity-7262531059009880064-ENwn", "image": "https://media.licdn.com/dms/image/v2/D5622AQHDrLJf9-DSxA/feedshare-shrink_2048_1536/feedshare-shrink_2048_1536/0/1731522303515?e=1735171200&v=beta&t=PNd0zJqT7g7Gf612Y8GSZYd_uAIcl7Nb35TTdHwpc7M", "posted_on": {"day": 14, "month": 11, "year": 2024}, "text": "Come visit Austin Independent School District at The Texas A&M International University\u2019s School Districts Career Fair today from 1 PM to 3 PM in their Student Union and see how you can make Austin ISD your home away from home!", "total_likes": 24}, {"article_link": "https://www.linkedin.com/posts/aisd_goldenrave-austinisd-grateful-activity-7263225192196288512-hSNW", "image": null, "posted_on": {"day": 16, "month": 11, "year": 2024}, "text": "Congratulations to Stacey on a well-deserved Golden RAVE! \n\nRAVES are one way we can honor and recognize our incredible employees for the passion and dedication they bring to our district every single day. We're truly doing game-changing things for students in the Austin Independent School District and at the heart of it all are our teachers and staff.", "total_likes": 12}, {"article_link": "https://www.linkedin.com/posts/aisd_are-you-an-austin-independent-school-district-activity-7263220208977260544-uKmv", "image": "https://media.licdn.com/dms/image/v2/D5622AQEfCvmp0v8Qug/feedshare-shrink_2048_1536/feedshare-shrink_2048_1536/0/1731686640720?e=1735171200&v=beta&t=wa_Wo1X1yU6oK6MB-BM-TBtouKFZqRqfbYsm4oywfzc", "posted_on": {"day": 16, "month": 11, "year": 2024}, "text": "Are you an Austin Independent School District employee working towards your teacher certification? Join us at TeachAustin - an educator certification program exclusively for Team Austin ISD! Join our community that works together to help you make all the right connections. \n\nApplication deadline is Dec 5! https://bit.ly/teachaustin", "total_likes": 15}, {"article_link": "https://www.linkedin.com/posts/aisd_save-the-date-for-austin-independent-school-activity-7262593919597559808-ovt8", "image": null, "posted_on": {"day": 14, "month": 11, "year": 2024}, "text": "\ud83d\udce3 Save the date for Austin Independent School District's 2025 Teacher Career Fair!!!\ud83d\udce3 Keep an eye out on our district website for more information and how to RSVP!!", "total_likes": 39}, {"article_link": "https://www.linkedin.com/posts/aisd_aisdproud-aisdjoy-activity-7259224829436862464-M0IW", "image": "https://media.licdn.com/dms/image/v2/D5622AQEQl1LoMamOuA/feedshare-shrink_2048_1536/feedshare-shrink_2048_1536/0/1730733736511?e=1735171200&v=beta&t=fK8EFSF6T2_PQnCWFteF9yNxWsw3l-Wtj-UnCD3D7fk", "posted_on": {"day": 6, "month": 11, "year": 2024}, "text": "Austin Independent School District is at the Fall 2024 TAMU Education Career Fair! Stop by our booth to inquire about making Austin ISD home! #AISDProud #AISDJoy", "total_likes": 46}], "follower_count": 31145, "acquisitions": null, "exit_data": null, "extra": null, "funding_data": [], "categories": null, "customer_list": null}
