{"linkedin_internal_id": "1586", "description": "Amazon is guided by four principles: customer obsession rather than competitor focus, passion for invention, commitment to operational excellence, and long-term thinking. We are driven by the excitement of building technologies, inventing products, and providing services that change lives. We embrace new ways of doing things, make decisions quickly, and are not afraid to fail. We have the scope and capabilities of a large company, and the spirit and heart of a small one.\n\nTogether, Amazonians research and develop new technologies from Amazon Web Services to Alexa on behalf of our customers: shoppers, sellers, content creators, and developers around the world.\n\nOur mission is to be Earth's most customer-centric company. Our actions, goals, projects, programs, and inventions begin and end with the customer top of mind.\n\nYou'll also hear us say that at Amazon, it's always \"Day 1.\" What do we mean? That our approach remains the same as it was on Amazon's very first day - to make smart, fast decisions, stay nimble, invent, and focus on delighting our customers.", "website": "https://www.aboutamazon.com/", "industry": "Software Development", "company_size": [10001, null], "company_size_on_linkedin": 729103, "hq": {"country": "US", "city": "Seattle", "postal_code": "98109", "line_1": "2127 7th Ave.", "is_hq": true, "state": "WA"}, "company_type": "PUBLIC_COMPANY", "founded_year": null, "specialities": ["e-Commerce", "Retail", "Operations", "Internet"], "locations": [{"country": "US", "city": "Seattle", "postal_code": "98109", "line_1": "2127 7th Ave.", "is_hq": true, "state": "WA"}, {"country": "US", "city": "Herndon", "postal_code": "20170", "line_1": "12900 Worldgate Dr", "is_hq": false, "state": "VA"}, {"country": "US", "city": "Chattanooga", "postal_code": "37416", "line_1": "7200 Discovery Dr", "is_hq": false, "state": "TN"}, {"country": "US", "city": "Sunnyvale", "postal_code": "94089", "line_1": "1100 Enterprise Way", "is_hq": false, "state": "CA"}, {"country": "US", "city": "Baltimore", "postal_code": "21224", "line_1": "2010 Broening Hwy", "is_hq": false, "state": "MD"}, {"country": "TR", "city": "Istanbul", "postal_code": "34394", "line_1": "Buyukdere Caddesi 185", "is_hq": false, "state": "Istanbul"}, {"country": "ES", "city": "Pozuelo de Alarcon", "postal_code": "28224", "line_1": "Via de las Dos Castillas, 33", "is_hq": false, "state": "Community of Madrid"}, {"country": "DE", "city": "Regensburg", "postal_code": "93059", "line_1": "Im Gewerbepark", "is_hq": false, "state": "Bavaria"}, {"country": "AU", "city": "Melbourne", "postal_code": "3000", "line_1": "8 Exhibition St", "is_hq": false, "state": "VIC"}, {"country": "US", "city": "Breinigsville", "postal_code": "18031", "line_1": "705 Boulder Dr", "is_hq": false, "state": "PA"}, {"country": "US", "city": "Irving", "postal_code": "75063", "line_1": "2700 Regent Blvd", "is_hq": false, "state": "TX"}, {"country": "US", "city": "Huntington", "postal_code": "25701", "line_1": "500 Kinetic Dr", "is_hq": false, "state": "WV"}, {"country": "US", "city": "Romeoville", "postal_code": "60446", "line_1": "1125 Remington Blvd", "is_hq": false, "state": "IL"}, {"country": "IE", "city": "Dublin", "postal_code": null, "line_1": "Burlington Road", "is_hq": false, "state": "County Dublin"}, {"country": "CA", "city": "New Westminster", "postal_code": "V3L 5H4", "line_1": "109 Braid St", "is_hq": false, "state": "BC"}, {"country": "ZA", "city": "Cape Town", "postal_code": "8001", "line_1": "Solan Rd", "is_hq": false, "state": "Western Cape"}, {"country": "US", "city": "Dupont", "postal_code": "98327", "line_1": "2700 Center Dr", "is_hq": false, "state": "WA"}, {"country": "US", "city": "Reno", "postal_code": "89506", "line_1": "8000 N Virginia St", "is_hq": false, "state": "NV"}, {"country": "US", "city": "San Antonio", "postal_code": "78217", "line_1": "4848 Perrin Creek", "is_hq": false, "state": "TX"}, {"country": "US", "city": "Tracy", "postal_code": "95304", "line_1": "1555 N Chrisman Rd", "is_hq": false, "state": "CA"}, {"country": "GB", "city": "London", "postal_code": "EC1A 2FD", "line_1": "60 Holborn Viaduct", "is_hq": false, "state": "England"}, {"country": "CA", "city": "Toronto", "postal_code": "M5J 0A8", "line_1": "120 Bremner Blvd", "is_hq": false, "state": "ON"}, {"country": "LU", "city": "Luxembourg", "postal_code": "2165", "line_1": "31 Rives de Clausen", "is_hq": false, "state": "Luxembourg"}, {"country": "GB", "city": "Altrincham", "postal_code": null, "line_1": "Sunbank Lane", "is_hq": false, "state": "England WA15 0"}, {"country": "US", "city": "Atlanta", "postal_code": "30308", "line_1": "86 5th St NW", "is_hq": false, "state": "GA"}, {"country": "US", "city": "Spartanburg", "postal_code": "29303", "line_1": "402 John Dodd Rd", "is_hq": false, "state": "SC"}, {"country": "GB", "city": "Edinburgh", "postal_code": "EH1 3EG", "line_1": "Waterloo Place", "is_hq": false, "state": "Scotland"}, {"country": "DE", "city": "Dresden", "postal_code": "01099", "line_1": "Am Brauhaus 12", "is_hq": false, "state": "SN"}, {"country": "US", "city": "Kenosha", "postal_code": "53144", "line_1": "3501 120th Ave", "is_hq": false, "state": "WI"}, {"country": "US", "city": "Moreno Valley", "postal_code": "92551", "line_1": "24208 San Michele Rd", "is_hq": false, "state": "CA"}, {"country": "ES", "city": "Madrid", "postal_code": "28045", "line_1": "Calle del Hierro, 21", "is_hq": false, "state": "Community of Madrid"}, {"country": "US", "city": "Nashville", "postal_code": "37217", "line_1": "50 Airways Blvd", "is_hq": false, "state": "TN"}, {"country": "US", "city": "Ruskin", "postal_code": "33570", "line_1": "3350 Laurel Ridge Ave", "is_hq": false, "state": "FL"}, {"country": "US", "city": "Whitestown", "postal_code": "46075", "line_1": "4255 Anson Blvd", "is_hq": false, "state": "IN"}, {"country": "US", "city": "Edison", "postal_code": "08817", "line_1": "2170 RT-27", "is_hq": false, "state": "NJ"}, {"country": "US", "city": "Middletown", "postal_code": "19709", "line_1": "560 Merrimac Ave", "is_hq": false, "state": "DE"}, {"country": "US", "city": "Detroit", "postal_code": "48226", "line_1": "150 W Jefferson Ave", "is_hq": false, "state": "MI"}, {"country": "US", "city": "Cambridge", "postal_code": "02142", "line_1": "101 Main St", "is_hq": false, "state": "MA"}, {"country": "US", "city": "Sumner", "postal_code": "98390", "line_1": "1800 140th Ave E", "is_hq": false, "state": "WA"}, {"country": "US", "city": "Petersburg", "postal_code": "23803", "line_1": "5000 Commerce Way", "is_hq": false, "state": "VA"}, {"country": "US", "city": "Robbinsville Township", "postal_code": "08691", "line_1": "50 New Canton Way", "is_hq": false, "state": "NJ"}, {"country": "US", "city": "Jacksonville", "postal_code": "32218", "line_1": "12900 Pecan Park Rd", "is_hq": false, "state": "FL"}, {"country": "US", "city": "West Columbia", "postal_code": "29172", "line_1": "4400 12th Street Ext", "is_hq": false, "state": "SC"}, {"country": "AU", "city": "Sydney", "postal_code": "2000", "line_1": "2 Park St", "is_hq": false, "state": "NSW"}, {"country": "CA", "city": "Vancouver", "postal_code": "V6B 0M3", "line_1": "510 W Georgia St", "is_hq": false, "state": "BC"}, {"country": "US", "city": "North Charleston", "postal_code": "29418", "line_1": "7290 Investment Dr", "is_hq": false, "state": "SC"}, {"country": "US", "city": "Pataskala", "postal_code": "43062", "line_1": "11999 National Rd SW", "is_hq": false, "state": "OH"}, {"country": "IE", "city": "Cork", "postal_code": null, "line_1": "6400 Avenue 6000", "is_hq": false, "state": "County Cork T12 D292"}, {"country": "US", "city": "San Jose", "postal_code": "95113", "line_1": "96 E San Fernando St", "is_hq": false, "state": "CA"}, {"country": "SK", "city": "Bratislava", "postal_code": "811 06", "line_1": "Namestie 1. maja 7286/18", "is_hq": false, "state": "Bratislava"}, {"country": "FR", "city": "Lauwin-Planque", "postal_code": "59553", "line_1": "Rue de Planque", "is_hq": false, "state": "Hauts-de-France"}, {"country": "SG", "city": "Singapore", "postal_code": "049481", "line_1": "23 Church St", "is_hq": false, "state": "Singapore"}, {"country": "US", "city": "Humble", "postal_code": "77338", "line_1": "8120 Humble Westfield Rd", "is_hq": false, "state": "TX"}, {"country": "US", "city": "Sacramento", "postal_code": "95826", "line_1": "2996 Ramona Ave", "is_hq": false, "state": "CA"}, {"country": "CA", "city": "Calgary", "postal_code": "T2A 5L7", "line_1": "801 30 St NE", "is_hq": false, "state": "AB"}, {"country": "US", "city": "Portland", "postal_code": "97210", "line_1": "3610 NW Saint Helens Rd", "is_hq": false, "state": "OR"}, {"country": "MX", "city": "Cuajimalpa de Morelos", "postal_code": "05348", "line_1": "Avenida Juan Salvador Agraz 73", "is_hq": false, "state": "CDMX"}, {"country": "CA", "city": "Brampton", "postal_code": "L6Y 0C9", "line_1": "8050 Heritage Rd", "is_hq": false, "state": "ON"}, {"country": "CZ", "city": "Prague", "postal_code": "160 00", "line_1": "Evropska 2758/11", "is_hq": false, "state": "Prague"}, {"country": "US", "city": "San Bernardino", "postal_code": "92408", "line_1": "1910 E Central Ave", "is_hq": false, "state": "CA"}, {"country": "US", "city": "Oklahoma City", "postal_code": "73128", "line_1": "1414 S Council Rd", "is_hq": false, "state": "OK"}, {"country": "US", "city": "San Marcos", "postal_code": "78666", "line_1": "1401 E McCarty Ln", "is_hq": false, "state": "TX"}, {"country": "IN", "city": "Chennai", "postal_code": "600017", "line_1": "Habibullah Road", "is_hq": false, "state": "Tamil Nadu"}, {"country": "US", "city": "San Francisco", "postal_code": "94105", "line_1": "188 Spear St", "is_hq": false, "state": "CA"}, {"country": "IT", "city": "Fara in Sabina", "postal_code": "02032", "line_1": "Via delle Mechanica", "is_hq": false, "state": "Laz."}, {"country": "US", "city": "Atlanta", "postal_code": "30318", "line_1": "2302 Marietta Blvd NW", "is_hq": false, "state": "GA"}, {"country": "US", "city": "Sterling", "postal_code": "20166", "line_1": "Lane Ct", "is_hq": false, "state": "VA"}, {"country": "IL", "city": "Herzliya", "postal_code": "46000", "line_1": "Sapir", "is_hq": false, "state": "Tel Aviv"}, {"country": "US", "city": "Hazelwood", "postal_code": "63042", "line_1": "462 Hazelwood Logistics Center Dr", "is_hq": false, "state": "MO"}, {"country": "US", "city": "Broomfield", "postal_code": "80021", "line_1": "390 Interlocken Crescent", "is_hq": false, "state": "CO"}, {"country": "US", "city": "Cupertino", "postal_code": "95014", "line_1": "10201 Torre Ave", "is_hq": false, "state": "CA"}, {"country": "US", "city": "Fort Worth", "postal_code": "76177", "line_1": "700 Westport Pkwy", "is_hq": false, "state": "TX"}, {"country": "US", "city": "Minneapolis", "postal_code": "55414", "line_1": "763 SE Kasota Ave", "is_hq": false, "state": "MN"}, {"country": "US", "city": "Lexington", "postal_code": "40511", "line_1": "1850 Mercer Rd", "is_hq": false, "state": "KY"}, {"country": "US", "city": "West Valley City", "postal_code": "84120", "line_1": "4411 W 2100 S", "is_hq": false, "state": "UT"}, {"country": "ES", "city": "El Prat de Llobregat", "postal_code": "08820", "line_1": "Carrer de l'Alta Ribagorca", "is_hq": false, "state": "Catalonia"}, {"country": "US", "city": "Austin", "postal_code": "78758", "line_1": "11501 Alterra Pkwy", "is_hq": false, "state": "TX"}, {"country": "IN", "city": "Gurugram", "postal_code": "122008", "line_1": "Sikanderpur Flyover", "is_hq": false, "state": "HR"}, {"country": "US", "city": "Logan Township", "postal_code": "08085", "line_1": "2277 Center Square Rd", "is_hq": false, "state": "NJ"}, {"country": "DE", "city": "Munich", "postal_code": "80807", "line_1": "Marcel-Breuer-Stra\u00dfe 12", "is_hq": false, "state": "Bavaria"}], "name": "Amazon", "tagline": null, "universal_name_id": "amazon", "profile_pic_url": "https://s3.us-west-000.backblazeb2.com/proxycurl/company/amazon/profile?X-Amz-Algorithm=AWS4-HMAC-SHA256&X-Amz-Credential=0004d7f56a0400b0000000001%2F20241126%2Fus-west-000%2Fs3%2Faws4_request&X-Amz-Date=20241126T050824Z&X-Amz-Expires=3600&X-Amz-SignedHeaders=host&X-Amz-Signature=747887e03873b1f4ec0017c9336d9e1187a41a9672a0fe1caf078f9a1d491eba", "background_cover_image_url": "https://s3.us-west-000.backblazeb2.com/proxycurl/company/amazon/cover?X-Amz-Algorithm=AWS4-HMAC-SHA256&X-Amz-Credential=0004d7f56a0400b0000000001%2F20241126%2Fus-west-000%2Fs3%2Faws4_request&X-Amz-Date=20241126T050824Z&X-Amz-Expires=3600&X-Amz-SignedHeaders=host&X-Amz-Signature=fef19f8f4874966808fc57f502e26d08c0d369a5f5b7ef969ca9567be697913b", "search_id": "1586", "similar_companies": [{"name": "Google", "link": "https://www.linkedin.com/company/google", "industry": "Software Development", "location": "Mountain View, CA"}, {"name": "Microsoft", "link": "https://www.linkedin.com/company/microsoft", "industry": "Software Development", "location": "Redmond, Washington"}, {"name": "Apple", "link": "https://www.linkedin.com/company/apple", "industry": "Computers and Electronics Manufacturing", "location": "Cupertino, California"}, {"name": "Deloitte", "link": "https://www.linkedin.com/company/deloitte", "industry": "Business Consulting and Services", "location": null}, {"name": "Netflix", "link": "https://www.linkedin.com/company/netflix", "industry": "Entertainment Providers", "location": "Los Gatos, CA"}, {"name": "Meta", "link": "https://www.linkedin.com/company/meta", "industry": "Software Development", "location": "Menlo Park, CA"}, {"name": "IBM", "link": "https://www.linkedin.com/company/ibm", "industry": "IT Services and IT Consulting", "location": "Armonk, New York, NY"}, {"name": "Flipkart", "link": "https://in.linkedin.com/company/flipkart", "industry": "Technology, Information and Internet", "location": "Bangalore, Karnataka"}, {"name": "Amazon Web Services (AWS)", "link": "https://www.linkedin.com/company/amazon-web-services", "industry": "IT Services and IT Consulting", "location": "Seattle, WA"}, {"name": "Tata Consultancy Services", "link": "https://in.linkedin.com/company/tata-consultancy-services", "industry": "IT Services and IT Consulting", "location": "Mumbai, Maharashtra"}], "affiliated_companies": [{"name": "Amazon Web Services (AWS)", "link": "https://www.linkedin.com/company/amazon-web-services", "industry": "IT Services and IT Consulting", "location": "Seattle, WA"}, {"name": "Whole Foods Market", "link": "https://www.linkedin.com/company/whole-foods-market", "industry": "Retail", "location": null}, {"name": "Twitch", "link": "https://www.linkedin.com/company/twitch-tv", "industry": "Software Development", "location": "San Francisco, California"}, {"name": "Amazon Science", "link": "https://www.linkedin.com/showcase/amazonscience/", "industry": "Research Services", "location": "Seattle, Washington"}, {"name": "Prime Video & Amazon MGM Studios", "link": "https://www.linkedin.com/company/primevideoamazonstudios", "industry": "Entertainment Providers", "location": "Seattle, Washington"}, {"name": "Amazon Ads", "link": "https://www.linkedin.com/showcase/amazonadvertising/", "industry": "Advertising Services", "location": "Seattle, WA"}, {"name": "Amazon Lab126", "link": "https://www.linkedin.com/company/lab126", "industry": "Computers and Electronics Manufacturing", "location": "Sunnyvale, CA"}, {"name": "Souq.com", "link": "https://ae.linkedin.com/company/souq-com", "industry": "Technology, Information and Internet", "location": null}, {"name": "Amazon Fulfillment Technologies & Robotics", "link": "https://www.linkedin.com/company/amazon-fulfillment-technologies-robotics", "industry": "Software Development", "location": "North Reading, MA"}, {"name": "IMDb.com", "link": "https://www.linkedin.com/company/imdb-com", "industry": "Entertainment Providers", "location": "Seattle, Washington"}, {"name": "Goodreads", "link": "https://www.linkedin.com/company/goodreads-com", "industry": "Technology, Information and Internet", "location": "San Francisco, CA"}, {"name": "Amazon Business", "link": "https://www.linkedin.com/company/amazon-business", "industry": "Retail", "location": null}, {"name": "Audible", "link": "https://www.linkedin.com/company/audible", "industry": "Software Development", "location": "Newark, NJ"}, {"name": "Zappos Family of Companies", "link": "https://www.linkedin.com/company/zappos.com", "industry": "Retail", "location": "Las Vegas, Nevada"}, {"name": "Sell on Amazon", "link": "https://www.linkedin.com/showcase/sellwithamazon/", "industry": "Technology, Information and Internet", "location": "Seattle, WA"}, {"name": "Amazon Games", "link": "https://www.linkedin.com/company/amazongames", "industry": "Entertainment Providers", "location": "Seattle, Washington"}, {"name": "Transportation, Shipping, & Logistics at Amazon", "link": "https://www.linkedin.com/showcase/transportation-shipping-logistics-at-amazon/", "industry": "Transportation, Logistics, Supply Chain and Storage", "location": null}, {"name": "Ring", "link": "https://www.linkedin.com/company/ring-labs", "industry": "Computers and Electronics Manufacturing", "location": "Santa Monica, California"}, {"name": "Amazon Music", "link": "https://www.linkedin.com/company/amazon-music", "industry": "Entertainment Providers", "location": "San Francisco, California"}, {"name": "Amazon Pay", "link": "https://www.linkedin.com/showcase/amazon-pay/", "industry": "Technology, Information and Internet", "location": "Seattle, Washington"}, {"name": "Shopbop", "link": "https://www.linkedin.com/company/shopbop", "industry": "Retail", "location": "Madison, WI"}, {"name": "Amazon Alexa Developers", "link": "https://www.linkedin.com/showcase/amazon-alexa-developers/", "industry": "Computers and Electronics Manufacturing", "location": "Seattle, Washington"}, {"name": "Amazon Design", "link": "https://www.linkedin.com/showcase/amazon-design/", "industry": "Internet Publishing", "location": "Seattle, WA"}, {"name": "Amazon Development Center Poland", "link": "https://pl.linkedin.com/company/amazon-development-center-poland", "industry": "Software Development", "location": "Gdansk, Pomeranian"}, {"name": "Amazon Clinic", "link": "https://www.linkedin.com/showcase/amazon-clinic/", "industry": "Hospitals and Health Care", "location": null}, {"name": "Amazon Associates", "link": "https://www.linkedin.com/showcase/amazon-associates/", "industry": "Technology, Information and Internet", "location": "Seattle, WA"}, {"name": "AbeBooks, an Amazon company", "link": "https://ca.linkedin.com/company/abebooks", "industry": "Technology, Information and Internet", "location": "Victoria, BC"}, {"name": "Alexa.com", "link": "https://www.linkedin.com/company/alexa-internet", "industry": "Technology, Information and Internet", "location": "San Francisco, California"}, {"name": "A9.com", "link": "https://www.linkedin.com/company/a9-com", "industry": "Technology, Information and Internet", "location": "Palo Alto, CA"}, {"name": "Amazon Fashion", "link": "https://uk.linkedin.com/showcase/amazonfashion/", "industry": "Retail Apparel and Fashion", "location": null}, {"name": "Amazon Kindle", "link": "https://www.linkedin.com/showcase/kindle-enterprise/", "industry": "Retail", "location": "Seattle, Washington"}, {"name": "Fulfillment by Amazon", "link": "https://www.linkedin.com/showcase/test---fulfillment-by-amazon/", "industry": "Warehousing and Storage", "location": null}, {"name": "Amazon Careers", "link": "https://www.linkedin.com/showcase/amazon-careers/", "industry": "Software Development", "location": null}, {"name": "Amazon Ads Partners", "link": "https://www.linkedin.com/showcase/amazon-ads-partners/", "industry": "Advertising Services", "location": null}, {"name": "Just Walk Out technology", "link": "https://www.linkedin.com/showcase/just-walk-out-technology/", "industry": "Retail", "location": null}, {"name": "Amazon Appstore Developers", "link": "https://www.linkedin.com/showcase/amazon-appstore-developers/", "industry": "Consumer Electronics", "location": "Seattle, washington"}, {"name": "Amazon Smart Vehicles", "link": "https://www.linkedin.com/showcase/amazon-smart-vehicles/", "industry": "Software Development", "location": "Seattle, WA"}, {"name": "Amazon Launchpad", "link": "https://www.linkedin.com/showcase/amazon-launchpad/", "industry": "Internet Publishing", "location": "Seattle, WA"}, {"name": "Curse", "link": "https://www.linkedin.com/company/curse-inc", "industry": "Computer Games", "location": "Huntsville, AL"}, {"name": "Quidsi Inc., a subsidiary of Amazon", "link": "https://www.linkedin.com/company/quidsi-inc.", "industry": "Retail", "location": "Jersey City, New Jersey"}, {"name": "Woot, Inc.", "link": "https://www.linkedin.com/company/woot-inc.", "industry": "Retail", "location": "Carrollton, TX"}, {"name": "Annapurna Labs", "link": "https://www.linkedin.com/company/annapurna-labs", "industry": "Computer Networking", "location": null}, {"name": "LOVEFiLM", "link": "https://uk.linkedin.com/company/lovefilm", "industry": "Entertainment Providers", "location": "London, London"}, {"name": "CreateSpace", "link": "https://www.linkedin.com/company/createspace", "industry": "Book and Periodical Publishing", "location": "North Charleston, SC"}, {"name": "Comixology, an Amazon company", "link": "https://www.linkedin.com/company/comixology", "industry": "Entertainment", "location": "New York, NY"}, {"name": "Buy with Prime", "link": "https://www.linkedin.com/showcase/buywithprime/", "industry": "Internet Publishing", "location": "Seattle, WA"}, {"name": "AWS Thinkbox", "link": "https://ca.linkedin.com/company/thinkbox-software-inc.", "industry": "Software Development", "location": "Winnipeg, Manitoba"}, {"name": "Amazon Pharmacy", "link": "https://www.linkedin.com/showcase/amazon-pharmacy/", "industry": "Retail Pharmacies", "location": null}, {"name": "Brilliance Publishing", "link": "https://www.linkedin.com/company/brilliance-publishing", "industry": "Book and Periodical Publishing", "location": null}, {"name": "Amazon | Liquavista", "link": "https://nl.linkedin.com/company/liquavista", "industry": "Appliances, Electrical, and Electronics Manufacturing", "location": null}, {"name": "Perceive", "link": "https://www.linkedin.com/company/perceive-io", "industry": "Semiconductors", "location": "San Jose, California"}], "updates": [{"article_link": null, "image": "https://media.licdn.com/dms/image/v2/D5610AQEqrRuTzWSt7w/ads-video-thumbnail_720_1280/ads-video-thumbnail_720_1280/0/1732543278918?e=2147483647&v=beta&t=tDywv3oos3KGhU68TCH9W3CXgXPFs2nDJAwzkfwp86I", "posted_on": {"day": 25, "month": 11, "year": 2024}, "text": "Pause, breathe, and embrace the start of a new week. Happy Monday. Where in the world are you working from today? \ud83d\udccd", "total_likes": 720}, {"article_link": null, "image": "https://media.licdn.com/dms/image/v2/D5622AQEqxQC8ARJwxg/feedshare-shrink_800/feedshare-shrink_800/0/1732287988314?e=2147483647&v=beta&t=w-zzyBnacfHF1fvPdZFNTvojwCQGJM7ze02gnSLwN-Q", "posted_on": {"day": 23, "month": 11, "year": 2024}, "text": "Excited about our deepening partnership with Anthropic. About a year ago, AWS became Anthropic\u2019s primary cloud partner (which you can also see by the substantial momentum of Anthropic on Amazon Bedrock). Today, we become Anthropic\u2019s primary foundation model training partner. Anthropic is excited about the price-performance advantage that Trainium offers, and we\u2019re grateful for this confidence and partnership. Early days for what\u2019s to come\u2026 https://lnkd.in/gzn8ZSkw", "total_likes": 11830}, {"article_link": null, "image": "https://media.licdn.com/dms/image/v2/D5610AQETWob1U6-LNw/ads-video-thumbnail_720_1280/ads-video-thumbnail_720_1280/0/1732197625966?e=2147483647&v=beta&t=dpaTw9hcFoRMoMGSiqw6vMF7JvhAF6ffWFMoMen6PaY", "posted_on": {"day": 22, "month": 11, "year": 2024}, "text": "Earning trust is not about:\n\ud83d\udeab Agreeing with everything for the sake of social cohesion.\n\ud83d\udeab Denying or covering up mistakes to look good.\n\ud83d\udeab Manipulating data to avoid a difficult conversation.\n\nIt\u2019s about:\n\u2705 Listening intently and challenging respectfully when you disagree.\n\u2705 Delivering what you said you would.\n\u2705 Presenting data transparently.\n\nOur CEO Andy Jassy  talks through these common misconceptions and 7 other things you may not know about our Leadership Principles: https://amzn.to/3Z0XHjB", "total_likes": 2161}, {"article_link": null, "image": "https://media.licdn.com/dms/image/v2/D5610AQEPEKg2dQc_NQ/ads-video-thumbnail_720_1280/ads-video-thumbnail_720_1280/0/1731943969364?e=2147483647&v=beta&t=l1zVZW4lVJmEmlpTFaxT9oITlnYA4-vsVF8GwC0vYqc", "posted_on": {"day": 19, "month": 11, "year": 2024}, "text": "Have you ever seen a stylish jacket on TV and wondered where you could get it? Or maybe you were at a friend\u2019s house and admired a unique piece of furniture, but they couldn\u2019t remember where it was from? Or wanted to buy a trendy coffee mug from a caf\u00e9, but they didn't sell it? With Amazon Lens, problem solved!\u2728 \n\nJust open the Amazon app, tap the camera icon, and snap a picture of the object you're interested in. Amazon Lens uses AI to analyze the image, identifying key features like color, shape, and texture. Then, the AI matches those characteristics with millions of products in Amazon's catalog, helping you shop quickly and effortlessly. There are a few different ways to use Amazon Lens\u2014you can take a picture in real-time, upload a photo from your camera roll, or even scan a barcode! \ud83d\udd0d\ud83d\udcf1 Learn more here: https://amzn.to/4hQI4nt\n\n\ud83c\udfa5: mojie_music on TikTok", "total_likes": 904}, {"article_link": null, "image": "https://media.licdn.com/dms/image/v2/D5610AQFRJXK9VupB2A/ads-video-thumbnail_720_1280/ads-video-thumbnail_720_1280/0/1731513633037?e=2147483647&v=beta&t=aWiGwk_cEnY6rc6sGA4N4fS_7ilnjBv_9idkR1MOiuU", "posted_on": {"day": 19, "month": 11, "year": 2024}, "text": "One of the biggest mistakes we see candidates make in their interviews is not presenting their accomplishments in a clear and concise way.\n \nIf an interviewer can\u2019t follow your stories, it\u2019s difficult for them to assess whether you\u2019re a fit for our role and company. That\u2019s why we\u2019re not secretive about our expectations. We ask behavioral-based interview questions and interviewees should use the STAR method to respond.\n \nThe acronym stands for: Situation, Task, Action, and Results.\n \n\u2b50 Situation: start with a clear description of a situation you were in. Avoid rambling, but offer enough detail for the interviewer to understand the complexities of it.\n\u2b50 Task: clearly state the goal.\n\u2b50 Action: what steps did you take? What was your contribution? Let us know what you did, not what your team or group did.\n\u2b50 Result: don\u2019t be shy about taking credit. What happened? How did it end? Provide examples using data.\n \nThis might seem like common sense, but job interviews (at any company!) can be nerve-wracking. Most people feel some sort of pre-interview anxiety no matter what the company is. So, the more someone is prepared with a wide range of thoughtfully organized stories, the more likely they are to set themselves up for success.\n \nWhat other interview tips do you recommend? Here are some of ours: https://amzn.to/4eogknj", "total_likes": 1997}, {"article_link": null, "image": "https://media.licdn.com/dms/image/v2/D5610AQFi47SUg3o_Ow/ads-video-thumbnail_720_1280/ads-video-thumbnail_720_1280/0/1731427224341?e=2147483647&v=beta&t=R4YEKrCN2MAnrE0cTujDZfriqVcTADvBgm4vT67cQtg", "posted_on": {"day": 19, "month": 11, "year": 2024}, "text": "Our Vice President of Worldwide Operations, Udit Madan, walks through some recent innovations that help our employees stay safe and make sure customers get speedy deliveries. For example, Proteus \u2013 our first fully autonomous mobile robot \u2013 has the technology to work independently around people. Proteus can pick up, transport, and drop off heavy containers, so our employees don't have to. This makes for a safer working environment. Watch below to see some other cool tech. What innovations do you want to see next?", "total_likes": 2968}, {"article_link": null, "image": "https://media.licdn.com/dms/image/v2/D5610AQGTw-IHwMm35w/image-shrink_1280/image-shrink_1280/0/1730991604524?e=2147483647&v=beta&t=Pi7SQApzBq2H7qyorI5cQqXU90O8mNDWs0yVzyxBxlI", "posted_on": {"day": 12, "month": 11, "year": 2024}, "text": "Jason Lively spent 14 years in prison after being wrongfully convicted of first-degree murder and first-degree arson. After a decade of appeals, he received a call from his legal team saying that he was going to be let out of prison. His legal team worked with lawyers from Amazon to build his exoneration case. For the past 10 years, Amazon\u2019s legal and public policy teams of over 2,200 employees have volunteered their expertise and resources to make a difference through our pro bono program, and this is one example of that work.\n\nThis is one example of how our legal and public policy teams of over 2,200 employees have volunteered to help make a difference through our pro bono program.\n\nWhen children flee from war, violence, or persecution in their home countries and arrive at the U.S.-Mexico border, they can face the same deportation process as an adult, often without any legal counsel. Our team has partnered with Kids in Need of Defense (KIND) to represent children and help them remain in the U.S.\n\nThis is another example.\n\nThis need for pro bono work all around the world is greater than ever, and we will continue to invest our time and resources into the program. We are proud to celebrate 10 years of pro bono work at Amazon this year. Read more about the program here: https://amzn.to/40A4LGk\n\nThere are plenty more examples in the link above. Which one sticks out to you the most? \u2b07\ufe0f \ud83e\udd14", "total_likes": 3065}, {"article_link": null, "image": "https://media.licdn.com/dms/image/v2/D5610AQFp_6ZEyLc6kg/ads-video-thumbnail_720_1280/ads-video-thumbnail_720_1280/0/1730356249799?e=2147483647&v=beta&t=-ZrTNOl3Z1Il1_1sapOWSOlQjp17PCGmwAU5YokJunc", "posted_on": {"day": 5, "month": 11, "year": 2024}, "text": "Wishing a very Happy Diwali to all those celebrating the Festival of Lights! \ud83e\ude94 \u2728 Diwali is a Hindu festival that symbolizes the spiritual victory of light over darkness, good over evil, and knowledge over ignorance. As lamps are lit and diyas shine bright, may this festival bring hope, prosperity and happiness to everyone around the world. \ud83c\udf1f", "total_likes": 3944}, {"article_link": null, "image": "https://media.licdn.com/dms/image/v2/D5610AQFQNPgyKs8zmA/ads-video-thumbnail_720_1280/ads-video-thumbnail_720_1280/0/1730212206685?e=2147483647&v=beta&t=YcM7KsBGXV2V6qZh91dxEKbGOocebsydPyg3dAzrZK0", "posted_on": {"day": 5, "month": 11, "year": 2024}, "text": "When you're out Trick or Treating and you see the person you're dressed up as. \ud83d\ude99 \ud83d\udce6", "total_likes": 11095}, {"article_link": null, "image": "https://media.licdn.com/dms/image/v2/D4D10AQHYcNCqKLXL3A/image-shrink_800/image-shrink_800/0/1729756802841?e=2147483647&v=beta&t=-7Yw9OiEZ4pytph0rAl1lrl3Y0eor8FXFJoRTXn9Sf8", "posted_on": {"day": 26, "month": 10, "year": 2024}, "text": "\ud83d\udca1 Employee Spotlight \ud83d\udca1\n\nMeet Chinemerem (Ch\u00ed-Ch\u00ed) Nwandu, an HR Assistant at DOX2, who\u2019s inspiring Amazon journey showcases remarkable career growth and the importance of a supportive company culture.\n\nCh\u00ed-Ch\u00ed relocated from Nigeria in January 2020 for her Master's Degree, and shortly after, the world went into lockdown. She found herself in a foreign country, far from family and friends, leaving her lonely and frustrated. Then, she got a job with Amazon, which changed everything.\n\nCh\u00ed-Ch\u00ed started her career at Amazon as a warehouse associate working with a dedicated team focused on maintaining product quality. Two years later, she continued her career at Amazon as an HR Assistant, where she\u2019s been able to utilise her knowledge of employment law and HR/payroll practices, enhance employee engagement, and even have the opportunity to take on an interim managerial position.\n\nA rewarding part of Ch\u00ed-Ch\u00ed\u2019s role is aligning HR initiatives with business goals while promoting fairness across the organization. As an active member of the UK Ops Black Employee Network (BEN) affinity group, she\u2019s deeply passionate about promoting diversity, particularly for young Black female employees, and using her voice to raise awareness about the challenges ethnic minorities face in the workplace.\n\n\u201cI enjoy working at Amazon because of its strong commitment to diversity, inclusion, and fostering a supportive workplace culture. Being part of a company that values people from all backgrounds allows for rich collaboration and the exchange of unique perspectives, which drives innovation and creativity.\u201d", "total_likes": 1445}], "follower_count": 32959363, "acquisitions": null, "exit_data": null, "extra": null, "funding_data": [], "categories": null, "customer_list": null}
