{"linkedin_internal_id": "2382910", "description": "Launched in 2006, Amazon Web Services (AWS) began exposing key infrastructure services to businesses in the form of web services -- now widely known as cloud computing. The ultimate benefit of cloud computing, and AWS, is the ability to leverage a new business model and turn capital infrastructure expenses into variable costs. Businesses no longer need to plan and procure servers and other IT resources weeks or months in advance. Using AWS, businesses can take advantage of Amazon's expertise and economies of scale to access resources when their business needs them, delivering results faster and at a lower cost.\n\nToday, Amazon Web Services provides a highly reliable, scalable, low-cost infrastructure platform in the cloud that powers hundreds of thousands of businesses in 190 countries around the world. With data center locations in the U.S., Europe, Singapore, and Japan, customers across all industries are taking advantage of our low cost, elastic, open and flexible, secure platform.", "website": "http://aws.amazon.com", "industry": "IT Services and IT Consulting", "company_size": [10001, null], "company_size_on_linkedin": 135136, "hq": {"country": "US", "city": "Seattle", "postal_code": "98019", "line_1": "410 Terry Ave N", "is_hq": true, "state": "WA"}, "company_type": "PUBLIC_COMPANY", "founded_year": 2006, "specialities": [""], "locations": [{"country": "US", "city": "Seattle", "postal_code": "98019", "line_1": "410 Terry Ave N", "is_hq": true, "state": "WA"}, {"country": "US", "city": "East Palo Alto", "postal_code": "94303", "line_1": "2100 University Ave", "is_hq": false, "state": "CA"}, {"country": "SE", "city": "Stockholm", "postal_code": "111 22", "line_1": "Kungsgatan 49", "is_hq": false, "state": "Stockholm County"}, {"country": "US", "city": "Cambridge", "postal_code": "02142", "line_1": "101 Main St", "is_hq": false, "state": "MA"}, {"country": "LU", "city": "Luxembourg", "postal_code": "2165", "line_1": "31 Rives de Clausen", "is_hq": false, "state": "Luxembourg"}, {"country": "CA", "city": "Toronto", "postal_code": "M5J 0A8", "line_1": "120 Bremner Blvd", "is_hq": false, "state": "ON"}, {"country": "US", "city": "Chicago", "postal_code": "60606", "line_1": "227 W Monroe St", "is_hq": false, "state": "IL"}, {"country": "BR", "city": "Sao Paulo", "postal_code": "04551-065", "line_1": "Avenida Chedid Jafet, 200", "is_hq": false, "state": "SP"}, {"country": "IT", "city": "Milan", "postal_code": "20124", "line_1": "Via Soperga, 9", "is_hq": false, "state": "Lomb."}, {"country": "US", "city": "Irvine", "postal_code": "92618", "line_1": "40 Pacifica", "is_hq": false, "state": "CA"}, {"country": "CA", "city": "Vancouver", "postal_code": "V6B 0M3", "line_1": "510 W Georgia St", "is_hq": false, "state": "BC"}, {"country": "US", "city": "East Palo Alto", "postal_code": "94303", "line_1": "1900 University Ave", "is_hq": false, "state": "CA"}, {"country": "GB", "city": "London", "postal_code": "EC1A 2FD", "line_1": "60 Holborn Viaduct", "is_hq": false, "state": "England"}, {"country": "AU", "city": "Sydney", "postal_code": "2000", "line_1": "2 Park St", "is_hq": false, "state": "NSW"}, {"country": "IL", "city": "Herzliya", "postal_code": "46000", "line_1": "Sapir", "is_hq": false, "state": "Tel Aviv"}, {"country": "JP", "city": "\u54c1\u5ddd\u533a", "postal_code": "141-0021", "line_1": "\u4e0a\u5927\u5d0e\uff13\u4e01\u76ee\uff11\u2212\uff11 \u76ee\u9ed2\u30bb\u30f3\u30c8\u30e9\u30eb\u30b9\u30af\u30a8\u30a2", "is_hq": false, "state": "\u6771\u4eac\u90fd"}], "name": "Amazon Web Services (AWS)", "tagline": "Official Global LinkedIn page for Amazon Web Services (AWS).", "universal_name_id": "amazon-web-services", "profile_pic_url": "https://media.licdn.com/dms/image/v2/C560BAQER_QnUTXrPJw/company-logo_200_200/company-logo_200_200/0/1670264051233/amazon_web_services_logo?e=2147483647&v=beta&t=D9wI58smQVq8v7UrfyallnGpYCgXcFJoXuB4BWfpfow", "background_cover_image_url": "https://media.licdn.com/dms/image/v2/D4E3DAQGOOZnEqmPQIA/image-scale_191_1128/image-scale_191_1128/0/1672505075211/amazon_web_services_cover?e=2147483647&v=beta&t=Phz9RVZGZGYIdmZXEYt7Arrh-4LEnG342OqF2-khc2s", "search_id": "2382910", "similar_companies": [{"name": "Amazon", "link": "https://www.linkedin.com/company/amazon", "industry": "Software Development", "location": "Seattle, WA"}, {"name": "Google", "link": "https://www.linkedin.com/company/google", "industry": "Software Development", "location": "Mountain View, CA"}, {"name": "Microsoft", "link": "https://www.linkedin.com/company/microsoft", "industry": "Software Development", "location": "Redmond, Washington"}, {"name": "Deloitte", "link": "https://www.linkedin.com/company/deloitte", "industry": "Business Consulting and Services", "location": null}, {"name": "IBM", "link": "https://www.linkedin.com/company/ibm", "industry": "IT Services and IT Consulting", "location": "Armonk, New York, NY"}, {"name": "Meta", "link": "https://www.linkedin.com/company/meta", "industry": "Software Development", "location": "Menlo Park, CA"}, {"name": "Oracle", "link": "https://www.linkedin.com/company/oracle", "industry": "IT Services and IT Consulting", "location": "Austin, Texas"}, {"name": "Salesforce", "link": "https://www.linkedin.com/company/salesforce", "industry": "Software Development", "location": "San Francisco, California"}, {"name": "Apple", "link": "https://www.linkedin.com/company/apple", "industry": "Computers and Electronics Manufacturing", "location": "Cupertino, California"}, {"name": "Accenture", "link": "https://ie.linkedin.com/company/accenture", "industry": "Business Consulting and Services", "location": null}], "affiliated_companies": [{"name": "Amazon", "link": "https://www.linkedin.com/company/amazon", "industry": "Software Development", "location": "Seattle, WA"}, {"name": "AWS Training & Certification", "link": "https://www.linkedin.com/showcase/aws-training-&-certification/", "industry": "IT Services and IT Consulting", "location": "Seattle, Washington"}, {"name": "AWS AI", "link": "https://www.linkedin.com/showcase/aws-ai/", "industry": "IT Services and IT Consulting", "location": "Seattle, Washington"}, {"name": "AWS Careers", "link": "https://www.linkedin.com/showcase/aws-careers/", "industry": "IT Services and IT Consulting", "location": "Seattle, Washington"}, {"name": "AWS Databases & Analytics", "link": "https://www.linkedin.com/showcase/aws-databases/", "industry": "IT Services and IT Consulting", "location": "Seattle, Washington"}, {"name": "AWS Startups", "link": "https://www.linkedin.com/showcase/aws-startups/", "industry": "IT Services and IT Consulting", "location": null}, {"name": "AWS Executive Insights", "link": "https://www.linkedin.com/showcase/aws-executive-insights/", "industry": "Information Technology & Services", "location": "Seattle, Washington"}, {"name": "AWS Events", "link": "https://www.linkedin.com/showcase/awsevents/", "industry": "IT Services and IT Consulting", "location": null}, {"name": "AWS Developers", "link": "https://www.linkedin.com/showcase/aws-developers/", "industry": "Technology, Information and Internet", "location": null}, {"name": "AWS Partners", "link": "https://www.linkedin.com/showcase/aws-partners/", "industry": "IT Services and IT Consulting", "location": "Seattle, Washington"}, {"name": "Machine Learning", "link": "https://www.linkedin.com/showcase/awsml/", "industry": "IT Services and IT Consulting", "location": null}, {"name": "AWS for M&E", "link": "https://www.linkedin.com/showcase/aws-media-entertainment/", "industry": "Software Development", "location": "Seattle, Washington"}, {"name": "AWS for Telecom", "link": "https://www.linkedin.com/showcase/aws-telecom/", "industry": "IT Services and IT Consulting", "location": "Seattle, WA"}, {"name": "AWS for Healthcare & Life Sciences", "link": "https://www.linkedin.com/showcase/aws-healthcare-lifescience/", "industry": "IT Services and IT Consulting", "location": null}, {"name": "AWS for Energy & Utilities", "link": "https://www.linkedin.com/showcase/aws-energy-utilities/", "industry": "IT Services and IT Consulting", "location": "Seattle, WA"}, {"name": "AWS for Financial Services", "link": "https://www.linkedin.com/showcase/aws-for-financial-services/", "industry": "IT Services and IT Consulting", "location": null}, {"name": "Amazon re:MARS", "link": "https://www.linkedin.com/showcase/amazonremars/", "industry": "Information Technology & Services", "location": null}, {"name": "AWS for Industrial", "link": "https://www.linkedin.com/showcase/aws-industrial/", "industry": "IT Services and IT Consulting", "location": "Seattle, WA"}, {"name": "AWS On Air", "link": "https://www.linkedin.com/showcase/aws-on-air/", "industry": "Technology, Information and Internet", "location": null}, {"name": "AWS for Retail and Consumer Goods", "link": "https://www.linkedin.com/showcase/aws-retail-cpg/", "industry": "IT Services and IT Consulting", "location": "Seattle, WA"}, {"name": "AWS for Automotive", "link": "https://www.linkedin.com/showcase/aws-for-automotive/", "industry": "IT Services and IT Consulting", "location": "Seattle, WA"}, {"name": "AWS Products", "link": "https://www.linkedin.com/showcase/awsproducts/", "industry": "Technology, Information and Internet", "location": null}, {"name": "Artificial Intelligence Machine Learning", "link": "https://www.linkedin.com/showcase/awsaiml/", "industry": "IT Services and IT Consulting", "location": null}, {"name": "Machine Learning", "link": "https://www.linkedin.com/showcase/awsmachinelearning/", "industry": "IT Services and IT Consulting", "location": null}, {"name": "AWS for Aerospace & Satellite", "link": "https://www.linkedin.com/showcase/aws-space/", "industry": "IT Services and IT Consulting", "location": null}, {"name": "For Industries", "link": "https://www.linkedin.com/showcase/aws-for-industries/", "industry": "IT Services and IT Consulting", "location": null}, {"name": "T V", "link": "https://www.linkedin.com/showcase/awstv/", "industry": "IT Services and IT Consulting", "location": null}, {"name": "For TV", "link": "https://www.linkedin.com/showcase/aws-tv/", "industry": "IT Services and IT Consulting", "location": null}, {"name": "AWS News", "link": "https://www.linkedin.com/showcase/aws-news/", "industry": "IT Services and IT Consulting", "location": null}], "updates": [{"article_link": null, "image": "https://media.licdn.com/dms/image/v2/D4E10AQFpVZPdzhwe4g/videocover-high/videocover-high/0/1725976912658?e=2147483647&v=beta&t=DYj53BqWSoz3lpNG-CeIGnKAIaW2xNJEA7PTWRZcUVQ", "posted_on": {"day": 26, "month": 9, "year": 2024}, "text": "#Developers, unlock the power of real-time data to elevate your users' experience & score a major win. \u2601\ufe0f\u26bd\ufe0f\ud83d\udca1 https://go.aws/3AWmywZ #AWS #generativeAI #AmazonBedrock", "total_likes": 2698}, {"article_link": null, "image": "https://media.licdn.com/dms/image/v2/D4E10AQEQy6nHrYr8oQ/ads-video-thumbnail_720_1280/ads-video-thumbnail_720_1280/0/1732336849320?e=2147483647&v=beta&t=9DNyHwB4mAr2_kObmH9heURRGSIjpjmF2HXJXi6KMNM", "posted_on": {"day": 23, "month": 11, "year": 2024}, "text": "#AWS works with Scuderia Ferrari to help architect their future in the cloud. \u27a1\ufe0f https://go.aws/3V44qbn\n \nIn AWS Well-Architected Framework, security takes center stage. This systematic approach helps empower the #F1 team to modernize applications and embrace cloud-native development.", "total_likes": 339}, {"article_link": null, "image": "https://media.licdn.com/dms/image/v2/D4E10AQG0z7_2IPJWOg/ads-video-thumbnail_720_1280/ads-video-thumbnail_720_1280/0/1732313021105?e=2147483647&v=beta&t=lROJWexOIOB-RRK8MrYyHU2KwkrIOyt5zvrxsG3Lc1w", "posted_on": {"day": 23, "month": 11, "year": 2024}, "text": "Big things are coming to the #AWS Sports Forum at #AWSreInvent. \u2601\ufe0f \ud83c\udfc8 \ud83c\udfdf\ufe0f Learn more. \u27a1\ufe0f https://go.aws/410dKRH\n\nJoin Maxx Crosby inside the Sports Forum, where you can design your very own cleats in support of #MyCauseMyCleats using #generativeAI. \n\nRegister now.", "total_likes": 186}, {"article_link": null, "image": "https://media.licdn.com/dms/image/v2/D4D10AQFIJv-HWXeU6g/videocover-high/videocover-high/0/1732305784679?e=2147483647&v=beta&t=1POFvBV-mALMCw_j1AB5dtn48fV1FlwdsmZV6scWLFE", "posted_on": {"day": 23, "month": 11, "year": 2024}, "text": "As we celebrate AWS Lambda's 10th anniversary, #AWS CTO Werner Vogels shares something rare: the original PR/FAQ that launched this transformative service. \ud83d\udcc3\u23ee\ufe0f\ud83e\udde0 https://go.aws/3V61V8G\n\nIn his latest blog, Werner reflects on the vision that shaped #serverless computing and how crisp writing paired with a deep understanding of customer needs laid the foundation for AWS Lambda. The PR/FAQ offers a rare glimpse into the challenges developers faced in the 2010s\u2014like idle EC2 fleets\u2014and the ideas that inspired a new paradigm for building in the cloud. \n\nOver the past decade, #AWSLambda has evolved to support containerized workloads, millisecond billing, and features like SnapStart\u2014all innovations driven by customer feedback and creativity.", "total_likes": 202}, {"article_link": null, "image": null, "posted_on": {"day": 23, "month": 11, "year": 2024}, "text": "Join us for our Road to re:Invent special - we'll preview the event, give tips on how to prepare, and demo some of our most exciting recent releases!", "total_likes": 248}, {"article_link": null, "image": null, "posted_on": {"day": 23, "month": 11, "year": 2024}, "text": "Learn to review and optimize your AWS account for maximum efficiency. We'll cover rightsizing instances, using Cost Explorer, and leveraging native tools to keep your resources lean and costs down.", "total_likes": 231}, {"article_link": null, "image": "https://media.licdn.com/dms/image/v2/D4E10AQHo5Odb8P3fWg/ads-video-thumbnail_720_1280/ads-video-thumbnail_720_1280/0/1732294865968?e=2147483647&v=beta&t=_4wxQEiTm-HoZAQiKVxul0VrlHx_5axa2lEKjvW1Zfc", "posted_on": {"day": 23, "month": 11, "year": 2024}, "text": "#AWS is proud to partner with the #MyCauseMyCleats initiative giving #DKMetcalf, #JoshAllen, and #MaxxCrosby the ability to build their very own cleats in support of their causes using #generativeAI. \n \nJust like these #NFL stars, fans can build their very own cleat AND for a chance to win game worn cleats from the players. \u27a1\ufe0f https://go.aws/3Om1tzu\n\nNational Football League (NFL)", "total_likes": 154}, {"article_link": null, "image": "https://media.licdn.com/dms/image/v2/D4D10AQFcDf-fOsUQAw/videocover-high/videocover-high/0/1732280601277?e=2147483647&v=beta&t=HG56S_KfoIt1I6ktqmLHCLVJJeseHaD320urOo_eDZs", "posted_on": {"day": 23, "month": 11, "year": 2024}, "text": "The #AmazonQ Developer plugin for Datadog is now generally available in the AWS Management Console. \u2601\ufe0f \ud83d\udc36 \ud83d\ude80 Learn more. \u27a1\ufe0f https://go.aws/3V17KUE\n#AWS\n\nAccess your Datadog cases & monitors using natural language prompts with Amazon Q chat \ud83d\udcac capabilities to find information faster & stay in the flow longer.", "total_likes": 325}, {"article_link": null, "image": "https://media.licdn.com/dms/image/v2/D4D10AQHC6F1ThqjwQQ/videocover-high/videocover-high/0/1732212255999?e=2147483647&v=beta&t=loc5eIZUEPQ7o7p8KCfFCAec19ve-HltZ99Hdfobyyg", "posted_on": {"day": 22, "month": 11, "year": 2024}, "text": "AI meets plants with #PartyRock! \ud83c\udf31\ud83e\udd16\ud83e\ude84 https://go.aws/4hWs3g3\n\nDr. Nashlie Sephus teamed up with Seattle's Peace, Love, and Happiness Club to show how #generativeAI is transforming small businesses. From crafting personalized plant care tips to creating custom recommendations for their customers, this local shop is using the full power of AI to make every plant parent feel like an expert! #AWS", "total_likes": 124}, {"article_link": null, "image": null, "posted_on": {"day": 22, "month": 11, "year": 2024}, "text": "Don\u2019t miss the AWS Keynote with Werner Vogels, CTO of Amazon.com. \ud83d\udd2e \ud83d\udee0\ufe0f \ud83d\udca1 Watch live on 12/5\u2014register for free.", "total_likes": 80}], "follower_count": 9745541, "acquisitions": null, "exit_data": null, "extra": null, "funding_data": [], "categories": null, "customer_list": null}
