{"linkedin_internal_id": "11734473", "description": "India's Armament Research & Development Establishment (ARDE) is a laboratory of the Defence Research and Development Organisation (DRDO). Located in Pune, it is the main DRDO lab involved in the development of conventional armaments.", "website": "https://www.drdo.gov.in/drdo/labs1/ARDE/English/indexnew.jsp?pg=homepage.jsp", "industry": "Defense and Space Manufacturing", "company_size": [501, 1000], "company_size_on_linkedin": 121, "hq": {"country": "IN", "city": "Pune", "postal_code": null, "line_1": "Armament PO, Pashan", "is_hq": true, "state": "Maharashtra 411 021"}, "company_type": "GOVERNMENT_AGENCY", "founded_year": 1958, "specialities": [""], "locations": [{"country": "IN", "city": "Pune", "postal_code": null, "line_1": "Armament PO, Pashan", "is_hq": true, "state": "Maharashtra 411 021"}], "name": "Armament Research and Development Establishment, DRDO", "tagline": null, "universal_name_id": "arde-pune", "profile_pic_url": "https://s3.us-west-000.backblazeb2.com/proxycurl/company/arde-pune/profile?X-Amz-Algorithm=AWS4-HMAC-SHA256&X-Amz-Credential=0004d7f56a0400b0000000001%2F20241126%2Fus-west-000%2Fs3%2Faws4_request&X-Amz-Date=20241126T050839Z&X-Amz-Expires=3600&X-Amz-SignedHeaders=host&X-Amz-Signature=786bafdfc36eb70616b7357d4318dd8e7551fc7567f22b1c2839504d7edfbdbb", "background_cover_image_url": "https://s3.us-west-000.backblazeb2.com/proxycurl/company/arde-pune/cover?X-Amz-Algorithm=AWS4-HMAC-SHA256&X-Amz-Credential=0004d7f56a0400b0000000001%2F20241126%2Fus-west-000%2Fs3%2Faws4_request&X-Amz-Date=20241126T050839Z&X-Amz-Expires=3600&X-Amz-SignedHeaders=host&X-Amz-Signature=9aa12bee3b3b35006c8dc4b14959fca6af0bb0698f1c8fd439973ad93c30a767", "search_id": "11734473", "similar_companies": [{"name": "Defence Research and Development Organisation (DRDO)", "link": "https://in.linkedin.com/company/defence-research-and-development-organisation-drdo", "industry": "Research Services", "location": "Delhi, New Delhi"}, {"name": "DRDO, Ministry of Defence, Govt. of India", "link": "https://www.linkedin.com/company/drdo-ministry-of-defence-govt-of-india", "industry": "Government Administration", "location": null}, {"name": "Defence Research and Development Laboratory (DRDL) - DRDO", "link": "https://in.linkedin.com/company/defence-research-and-development-laboratory-drdl-hyderabad", "industry": "Defense and Space Manufacturing", "location": "Hyderabad, Telangana"}, {"name": "DRDO, Centre for Airborne Systems", "link": "https://in.linkedin.com/company/drdo", "industry": "Airlines and Aviation", "location": "Bangalore, Karnataka"}, {"name": "Centre for Artificial Intelligence & Robotics, DRDO", "link": "https://in.linkedin.com/company/centre-for-artificial-intelligence-robotics-drdo", "industry": "Defense and Space Manufacturing", "location": null}, {"name": "Striders Hub", "link": "https://in.linkedin.com/company/stridershub", "industry": "Marketing Services", "location": "Bengaluru South, Karnataka"}, {"name": "Aeronautical Development Agency", "link": "https://in.linkedin.com/company/aeronautical-development-agency", "industry": "Defense & Space", "location": "Bangalore, Karnataka"}, {"name": "Research Centre Imarat (RCI)\u2022DRDO", "link": "https://in.linkedin.com/company/researchcentreimarat", "industry": "Defense and Space Manufacturing", "location": "Hyderabad, Telangana"}, {"name": "Defence Research and Development Organisation", "link": "https://in.linkedin.com/company/defence-research-and-development-organisation", "industry": "Defense and Space Manufacturing", "location": null}, {"name": "Ministry of Defence of India", "link": "https://in.linkedin.com/company/ministry-of-defence_india", "industry": "Government Administration", "location": null}], "affiliated_companies": [], "updates": [], "follower_count": 2693, "acquisitions": null, "exit_data": null, "extra": null, "funding_data": [], "categories": null, "customer_list": null}
