{"linkedin_internal_id": "1788688", "description": "AT \ud83c\udde6\ud83c\uddf9", "website": null, "industry": "IT Services and IT Consulting", "company_size": [0, 1], "company_size_on_linkedin": 1, "hq": {"country": "TR", "city": "\u0130stanbul", "postal_code": null, "line_1": null, "is_hq": true, "state": null}, "company_type": "PRIVATELY_HELD", "founded_year": null, "specialities": [], "locations": [{"country": "TR", "city": "\u0130stanbul", "postal_code": null, "line_1": null, "is_hq": true, "state": null}], "name": "AT", "tagline": null, "universal_name_id": "at", "profile_pic_url": "https://s3.us-west-000.backblazeb2.com/proxycurl/company/at/profile?X-Amz-Algorithm=AWS4-HMAC-SHA256&X-Amz-Credential=0004d7f56a0400b0000000001%2F20241126%2Fus-west-000%2Fs3%2Faws4_request&X-Amz-Date=20241126T054145Z&X-Amz-Expires=3600&X-Amz-SignedHeaders=host&X-Amz-Signature=7ab64688cce35ac342bbc18dbb7bb43089900579db04a694b94c60297ae0359b", "background_cover_image_url": "https://s3.us-west-000.backblazeb2.com/proxycurl/company/at/cover?X-Amz-Algorithm=AWS4-HMAC-SHA256&X-Amz-Credential=0004d7f56a0400b0000000001%2F20241126%2Fus-west-000%2Fs3%2Faws4_request&X-Amz-Date=20241126T054145Z&X-Amz-Expires=3600&X-Amz-SignedHeaders=host&X-Amz-Signature=441b78094071f56e22794306b32f320526971ccb48b8a5e3345402fa37440abd", "search_id": "1788688", "similar_companies": [{"name": "Atishay Limited", "link": "https://www.linkedin.com/company/atishay-limited/", "industry": "IT Services and IT Consulting", "location": null}, {"name": "Hotel Atishay ", "link": "https://www.linkedin.com/company/hotel-atisahy/", "industry": "Hospitality", "location": null}, {"name": "Evolf vermogensadvies", "link": "https://www.linkedin.com/company/e/", "industry": "Financial Services", "location": null}, {"name": "Array Property Group", "link": "https://www.linkedin.com/company/array-property-group/", "industry": "Real Estate", "location": null}, {"name": "Izzy Industries", "link": "https://www.linkedin.com/company/izzy-industries/", "industry": "Telecommunications", "location": null}, {"name": "staywyze", "link": "https://www.linkedin.com/company/staywyzezw/", "industry": "Travel Arrangements", "location": null}, {"name": "Coastal Pacific Construction Inc.", "link": "https://www.linkedin.com/company/coastal-pacific-construction-inc-/", "industry": "Construction", "location": null}, {"name": "Bartlit Beck LLP", "link": "https://www.linkedin.com/company/bartlitbeckllp/", "industry": "Law Practice", "location": null}, {"name": "Strong Automotive", "link": "https://www.linkedin.com/company/strong-llc/", "industry": "Advertising Services", "location": null}, {"name": "NadaMoo!", "link": "https://www.linkedin.com/company/nadamoo-/", "industry": "Food and Beverage Services", "location": null}, {"name": "TopCV Vietnam", "link": "https://www.linkedin.com/company/topcv-vietnam/", "industry": "Human Resources Services", "location": null}, {"name": "Red Robin", "link": "https://www.linkedin.com/company/redrobinburgers/", "industry": "Restaurants", "location": null}, {"name": "Chick-fil-A Restaurants", "link": "https://www.linkedin.com/company/chick-fil-a-restaurants/", "industry": "Restaurants", "location": null}, {"name": "Atmosfy", "link": "https://www.linkedin.com/company/atmosfyapp/", "industry": "Online Audio and Video Media", "location": null}], "affiliated_companies": [], "updates": [], "follower_count": 29, "acquisitions": null, "exit_data": null, "extra": null, "funding_data": [], "categories": null, "customer_list": null}
