{"linkedin_internal_id": "67952300", "description": "B2Bx is an services marketplace that directly connects brands and businesses with curated and vetted B2B Experts to create a seamless marketplace for both buyer and expert to engage. B2B Experts in the network have built significant followings over traditional business channels such as LinkedIn. Their trusted voices are valued in both the B2C and B2B contexts.\n \nIn engaging with B2B Experts through B2Bx, business owners can cut through the channel noise and marketing challenges of a fragmented media world. With B2Bx, engagement is direct between business and expert, and there is a cost only if an expert agrees to engage.", "website": "https://b2bxperts.com/", "industry": "Advertising Services", "company_size": [2, 10], "company_size_on_linkedin": 37, "hq": {"country": "US", "city": "Dover", "postal_code": null, "line_1": null, "is_hq": true, "state": "Delaware"}, "company_type": "PRIVATELY_HELD", "founded_year": 2020, "specialities": ["marketing", "advertising", "brand growth", "marketplace", "brand amplification", "growth", "global marketing", "media"], "locations": [{"country": "US", "city": "Dover", "postal_code": null, "line_1": null, "is_hq": true, "state": "Delaware"}, {"country": "AU", "city": "Sydney", "postal_code": null, "line_1": "333 George Street", "is_hq": false, "state": "NSW"}, {"country": "CA", "city": "Toronto", "postal_code": null, "line_1": null, "is_hq": false, "state": "Ontario"}, {"country": "US", "city": "Chicago", "postal_code": null, "line_1": null, "is_hq": false, "state": "Illinois"}], "name": "B2Bx", "tagline": "The worlds first B2B global services marketplace. Work with B2B experts to impact your business & amplify your marketing", "universal_name_id": "b2bxperts", "profile_pic_url": "https://s3.us-west-000.backblazeb2.com/proxycurl/company/b2bxperts/profile?X-Amz-Algorithm=AWS4-HMAC-SHA256&X-Amz-Credential=0004d7f56a0400b0000000001%2F20241126%2Fus-west-000%2Fs3%2Faws4_request&X-Amz-Date=20241126T050813Z&X-Amz-Expires=3600&X-Amz-SignedHeaders=host&X-Amz-Signature=414f53eef228c6721e82309bd2f24667bd4f777201647b6073770ef31dd20512", "background_cover_image_url": "https://s3.us-west-000.backblazeb2.com/proxycurl/company/b2bxperts/cover?X-Amz-Algorithm=AWS4-HMAC-SHA256&X-Amz-Credential=0004d7f56a0400b0000000001%2F20241126%2Fus-west-000%2Fs3%2Faws4_request&X-Amz-Date=20241126T050813Z&X-Amz-Expires=3600&X-Amz-SignedHeaders=host&X-Amz-Signature=7bd3964982385a70c672d781594d85031df08bb9baf8caa86ca4544eb0a5a320", "search_id": "67952300", "similar_companies": [{"name": "Trinity Consulting Services", "link": "https://au.linkedin.com/company/trinity-consulting-services", "industry": "Advertising Services", "location": "Sydney, NSW"}, {"name": "DDB Asia", "link": "https://sg.linkedin.com/company/ddb-group-asia-pacific", "industry": "Advertising Services", "location": "Singapore, Singapore"}, {"name": "Sample Central", "link": "https://au.linkedin.com/company/sample-central", "industry": "Advertising Services", "location": "Sydney, NSW"}, {"name": "Creata", "link": "https://www.linkedin.com/company/creata", "industry": "Advertising Services", "location": "Oakbrook Terrace, Illinois"}, {"name": "Nas Company", "link": "https://www.linkedin.com/company/nas-company", "industry": "Software Development", "location": null}, {"name": "KUOG Corporation", "link": "https://www.linkedin.com/company/kuog-corporation", "industry": "Defense and Space Manufacturing", "location": null}, {"name": "World Innovation Alliance - Improve X", "link": "https://es.linkedin.com/company/worldinnovationalliance", "industry": "Public Policy Offices", "location": "Madrid, NC"}, {"name": "The Longevity Group", "link": "https://www.linkedin.com/company/the-longevity-group", "industry": "Business Consulting and Services", "location": null}, {"name": "Elevate Media", "link": "https://www.linkedin.com/company/elevatemediainvestors", "industry": "Media Production", "location": "West Palm Beach, Florida"}, {"name": "Bengal Group Limited", "link": "https://bd.linkedin.com/company/bengal-group-bd", "industry": "Retail Office Equipment", "location": "Dhaka, Dhaka"}], "affiliated_companies": [], "updates": [{"article_link": "http://B2Bxperts.com", "image": null, "posted_on": {"day": 18, "month": 11, "year": 2022}, "text": "We are now B2Bxperts.com!\n\nOver the last 2 years we\u2019ve been working to connect brands with business leaders around the world. We\u2019ve been able to help hundreds of brands build insights, improve their targeted marketing and amplify their business growth activities. \n\nIn the process we learned that the most successful projects were collaborative - where industry knowledge and expertise made all the difference.\n\nTo more accurately reflect the amazing services and capabilities our experts deliver for clients, we have rebranded the marketplace as B2Bxperts.com. \n\nFrom today you will see a much larger range of services offered by our B2Bxperts and be able to quickly and easily book and brief world-class business experts directly.\n\nWe look forward to helping you grow your business by connecting you with a network of the world\u2019s leading business-to-business professionals to deliver service expertise on-demand.\n\nThe B2Bx Team\n#business #growth #marketing", "total_likes": 38}], "follower_count": 27432, "acquisitions": null, "exit_data": null, "extra": null, "funding_data": [], "categories": null, "customer_list": null}
