{"linkedin_internal_id": "157296", "description": null, "website": "http://www.chase.com/", "industry": "Banking", "company_size": [10001, null], "company_size_on_linkedin": 520, "hq": {"country": "US", "city": null, "postal_code": null, "line_1": null, "is_hq": true, "state": null}, "company_type": "PUBLIC_COMPANY", "founded_year": null, "specialities": [], "locations": [{"country": "US", "city": null, "postal_code": null, "line_1": null, "is_hq": true, "state": null}, {"country": null, "city": null, "postal_code": null, "line_1": null, "is_hq": true, "state": null}], "name": "Bank One", "tagline": null, "universal_name_id": "bank-one", "profile_pic_url": null, "background_cover_image_url": null, "search_id": "157296", "similar_companies": [{"name": "JPMorganChase", "link": "https://www.linkedin.com/company/jpmorganchase/", "industry": "Financial Services", "location": null}, {"name": "Bank One Limited", "link": "https://www.linkedin.com/company/bankone.mu/", "industry": "Banking", "location": null}, {"name": "J.P. Morgan", "link": "https://www.linkedin.com/company/jpmorgan/", "industry": "Financial Services", "location": null}, {"name": "FIRST BOSTON", "link": "https://www.linkedin.com/company/firstboston/", "industry": "Financial Services", "location": null}, {"name": "SBM Bank Mauritius", "link": "https://www.linkedin.com/company/sbmbank/", "industry": "Banking", "location": null}, {"name": "Blackstone", "link": "https://www.linkedin.com/company/blackstonegroup/", "industry": "Financial Services", "location": null}, {"name": "Citi", "link": "https://www.linkedin.com/company/citi/", "industry": "Financial Services", "location": null}, {"name": "Morgan Stanley", "link": "https://www.linkedin.com/company/morgan-stanley/", "industry": "Financial Services", "location": null}, {"name": "Goldman Sachs", "link": "https://www.linkedin.com/company/goldman-sachs/", "industry": "Financial Services", "location": null}, {"name": "UBS", "link": "https://www.linkedin.com/company/ubs/", "industry": "Financial Services", "location": null}, {"name": "AfrAsia Bank Limited", "link": "https://www.linkedin.com/company/afrasia-bank-limited/", "industry": "Banking", "location": null}, {"name": "MCB Group", "link": "https://www.linkedin.com/company/mcbgroup/", "industry": "Financial Services", "location": null}, {"name": "BlackRock", "link": "https://www.linkedin.com/company/blackrock/", "industry": "Financial Services", "location": null}, {"name": "Bank of America", "link": "https://www.linkedin.com/company/bank-of-america/", "industry": "Banking", "location": null}, {"name": "Absa Group", "link": "https://www.linkedin.com/company/absa/", "industry": "Financial Services", "location": null}, {"name": "Chase", "link": "https://www.linkedin.com/company/chase/", "industry": "Financial Services", "location": null}, {"name": "Mauritius Revenue Authority", "link": "https://www.linkedin.com/company/mauritius-revenue-authority-mra/", "industry": "Government Administration", "location": null}, {"name": "Robin Hood", "link": "https://www.linkedin.com/company/robin-hood/", "industry": "Non-profit Organizations", "location": null}, {"name": "Deloitte", "link": "https://www.linkedin.com/company/deloitte/", "industry": "Business Consulting and Services", "location": null}, {"name": "IBL Together", "link": "https://www.linkedin.com/company/iblgroup/", "industry": "International Trade and Development", "location": null}], "affiliated_companies": [], "updates": [], "follower_count": 6394, "acquisitions": null, "exit_data": null, "extra": null, "funding_data": [], "categories": null, "customer_list": null}
