{"linkedin_internal_id": "2371", "description": "For nearly a century, we have delivered on our commitment to saving and sustaining the lives of patients, working alongside clinicians and providers around the world. We believe every person \u2014 regardless of who they are or where they are from \u2014 deserves a chance to live a healthy life, free from illness and full of possibility. At the intersection of progress and purpose is where we are redefining what it means to be a global medtech leader. It is where we are relentlessly pursuing healthcare transformation, fueled by our compassion for patients and providers and the challenges they face. It is where bold ideas meet the promise for meaningful change in the world around us. We are there, at every step of the journey, to help clinicians deliver the best care possible.", "website": "http://www.baxter.com", "industry": "Medical Equipment Manufacturing", "company_size": [10001, null], "company_size_on_linkedin": 40945, "hq": {"country": "US", "city": "Deerfield", "postal_code": "60015", "line_1": "1 Baxter Pkwy", "is_hq": true, "state": "Illinois"}, "company_type": "PUBLIC_COMPANY", "founded_year": null, "specialities": ["Medical Devices", "Biosurgery", "Anesthetics", "Pharmacy Automation"], "locations": [{"country": "US", "city": "Deerfield", "postal_code": "60015", "line_1": "1 Baxter Pkwy", "is_hq": true, "state": "Illinois"}, {"country": "US", "city": "Round Lake", "postal_code": "60073", "line_1": "25212 IL-120", "is_hq": false, "state": "IL"}, {"country": "MX", "city": "Zapopan", "postal_code": "45145", "line_1": "Calle Fernando Aranguren 830", "is_hq": false, "state": "JAL"}], "name": "Baxter International Inc.", "tagline": null, "universal_name_id": "baxter-healthcare", "profile_pic_url": "https://s3.us-west-000.backblazeb2.com/proxycurl/company/baxter-healthcare/profile?X-Amz-Algorithm=AWS4-HMAC-SHA256&X-Amz-Credential=0004d7f56a0400b0000000001%2F20241126%2Fus-west-000%2Fs3%2Faws4_request&X-Amz-Date=20241126T050839Z&X-Amz-Expires=3600&X-Amz-SignedHeaders=host&X-Amz-Signature=feebfe2226bdcc9571d7b8fffd5f24a2f387e59fe0b5062a4e97b1878b8af27c", "background_cover_image_url": "https://s3.us-west-000.backblazeb2.com/proxycurl/company/baxter-healthcare/cover?X-Amz-Algorithm=AWS4-HMAC-SHA256&X-Amz-Credential=0004d7f56a0400b0000000001%2F20241126%2Fus-west-000%2Fs3%2Faws4_request&X-Amz-Date=20241126T050839Z&X-Amz-Expires=3600&X-Amz-SignedHeaders=host&X-Amz-Signature=cca0f5c63a2b657b539bddc34cd84f7a792ea76fa59db564b1bf0b047b0fe611", "search_id": "2371", "similar_companies": [{"name": "Abbott", "link": "https://www.linkedin.com/company/abbott-", "industry": "Hospitals and Health Care", "location": "Abbott Park, Illinois"}, {"name": "Medtronic", "link": "https://www.linkedin.com/company/medtronic", "industry": "Medical Equipment Manufacturing", "location": "Minneapolis, MN"}, {"name": "Johnson & Johnson", "link": "https://www.linkedin.com/company/johnson-&-johnson", "industry": "Hospitals and Health Care", "location": "New Brunswick, NJ"}, {"name": "BD", "link": "https://www.linkedin.com/company/bd1", "industry": "Medical Equipment Manufacturing", "location": "Franklin Lakes, New Jersey"}, {"name": "Stryker", "link": "https://www.linkedin.com/company/stryker", "industry": "Medical Equipment Manufacturing", "location": "Kalamazoo, MI"}, {"name": "Boston Scientific", "link": "https://www.linkedin.com/company/boston-scientific", "industry": "Medical Equipment Manufacturing", "location": "Marlborough, MA"}, {"name": "GE HealthCare", "link": "https://www.linkedin.com/company/gehealthcare", "industry": "Hospitals and Health Care", "location": null}, {"name": "Pfizer", "link": "https://www.linkedin.com/company/pfizer", "industry": "Pharmaceutical Manufacturing", "location": "New York, New York"}, {"name": "Philips", "link": "https://nl.linkedin.com/company/philips", "industry": "Hospitals and Health Care", "location": "Amsterdam, Noord-Holland"}, {"name": "Roche", "link": "https://ch.linkedin.com/company/roche", "industry": "Biotechnology Research", "location": null}], "affiliated_companies": [{"name": "Baxter Colombia", "link": "https://co.linkedin.com/showcase/baxter-colombia/", "industry": "Medical Equipment Manufacturing", "location": "Cali, Valle del Cauca"}, {"name": "Baxter M\u00e9xico", "link": "https://mx.linkedin.com/showcase/baxter-m%C3%A9xico/", "industry": "Medical Device", "location": "Ciudad de M\u00e9xico, Del. Miguel Hidalgo"}, {"name": "Baxter Australia and New Zealand", "link": "https://au.linkedin.com/showcase/baxter-australia-new-zealand/", "industry": "Hospitals and Health Care", "location": "Old Toongabbie, New South Wales"}, {"name": "Baxter Brasil", "link": "https://br.linkedin.com/showcase/baxter-brasil/", "industry": "Medical Equipment Manufacturing", "location": "S\u00e3o Paulo, SP"}, {"name": "Baxter Healthcare India", "link": "https://in.linkedin.com/showcase/baxter-india/", "industry": "Medical Equipment Manufacturing", "location": "Gurugram, Haryana"}, {"name": "Advanced Surgery at Baxter - U.S.", "link": "https://www.linkedin.com/showcase/advanced-surgery-at-baxter/", "industry": "Medical Equipment Manufacturing", "location": "Deerfield, Illinois"}, {"name": "Medical Products & Therapies at Baxter - US", "link": "https://www.linkedin.com/showcase/hospital-products-at-baxter/", "industry": "Hospitals and Health Care", "location": "Deerfield, Ill."}, {"name": "Baxter Italia", "link": "https://it.linkedin.com/showcase/baxter-italia/", "industry": "Medical Equipment Manufacturing", "location": "Rome, Latium"}, {"name": "Baxter WEU", "link": "https://ch.linkedin.com/showcase/baxter-emea/", "industry": "Medical Equipment Manufacturing", "location": "Opfikon, Zurich"}, {"name": "Baxter Asia Pacific", "link": "https://sg.linkedin.com/showcase/baxter-asia-pacific/", "industry": "Medical Equipment Manufacturing", "location": "Gateway West, Singapore"}, {"name": "Baxter UK", "link": "https://www.linkedin.com/showcase/baxter-uk/", "industry": "Medical Device", "location": null}, {"name": "Acute Therapies at Baxter - Global", "link": "https://www.linkedin.com/showcase/acute-therapies-at-baxter-global/", "industry": "Medical Equipment Manufacturing", "location": "Deerfield, Illinois"}, {"name": "Acute Therapies at Baxter - U.S.", "link": "https://www.linkedin.com/showcase/acute-therapies-at-baxter-us/", "industry": "Medical Equipment Manufacturing", "location": "Deerfield, Illinois"}, {"name": "Baxter Polska", "link": "https://pl.linkedin.com/showcase/baxter-polska/", "industry": "Medical Equipment Manufacturing", "location": "Warszawa, Mazowieckie"}, {"name": "Baxter Middle East & Africa", "link": "https://www.linkedin.com/showcase/baxter-middle-east-africa/", "industry": "Medical Equipment Manufacturing", "location": "Deerfield, Illinois"}, {"name": "Renal Care Services", "link": "https://co.linkedin.com/showcase/latam-renal-care-services-at-baxter/", "industry": "Medical Equipment Manufacturing", "location": null}, {"name": "Baxter France", "link": "https://fr.linkedin.com/showcase/baxter-france/", "industry": "Medical Equipment Manufacturing", "location": "Guyancourt, Yvelines/\u00cele-de-France"}, {"name": "Renal Care at Baxter - U.S.", "link": "https://www.linkedin.com/showcase/us-renal-care-at-baxter/", "industry": "Medical Equipment Manufacturing", "location": "Deerfield, Illinois"}, {"name": "Baxter Canada", "link": "https://ca.linkedin.com/showcase/baxter-canada/", "industry": "Medical Device", "location": "Mississauga, Ontario"}, {"name": "Care and Connectivity Solutions at Baxter - U.S.", "link": "https://www.linkedin.com/showcase/care-and-connectivity-solutions-at-baxter-us/", "industry": "Medical Equipment Manufacturing", "location": "Deerfield, IL"}, {"name": "Baxter Southeast Asia", "link": "https://www.linkedin.com/showcase/baxter-southeast-asia/", "industry": "Medical Equipment Manufacturing", "location": null}, {"name": "Baxter Deutschland, \u00d6sterreich, Schweiz", "link": "https://de.linkedin.com/showcase/baxter-dach/", "industry": "Pharmaceutical Manufacturing", "location": "Unterschlei\u00dfheim, Bavaria"}, {"name": "Baxter Espa\u00f1a", "link": "https://es.linkedin.com/showcase/baxterspain/", "industry": "Medical Equipment Manufacturing", "location": "Av. de Castilla, 2, 28830 San Fernando de Henares, Madrid, Madrid"}, {"name": "Baxter Ecuador", "link": "https://ec.linkedin.com/showcase/baxter-ecuador/", "industry": "Medical Device", "location": null}, {"name": "Pharmaceuticals at Baxter - U.S.", "link": "https://www.linkedin.com/showcase/pharmaceuticals-at-baxter-us/", "industry": "Hospitals and Health Care", "location": "Deerfield, Illinois"}, {"name": "Baxter Turkey", "link": "https://tr.linkedin.com/showcase/baxter-turkey/", "industry": "Medical Equipment Manufacturing", "location": null}, {"name": "Baxter South Central Europe & Israel", "link": "https://cz.linkedin.com/showcase/baxter-%C4%8Desko-&-slovensko/", "industry": "Medical Equipment Manufacturing", "location": "Praha 5, Prague"}, {"name": "Baxter Benelux", "link": "https://be.linkedin.com/showcase/baxter-benelux/", "industry": "Medical Equipment Manufacturing", "location": null}, {"name": "Baxter Ireland", "link": "https://ie.linkedin.com/showcase/baxter-ireland/", "industry": "Medical Equipment Manufacturing", "location": null}, {"name": "Baxter Chile", "link": "https://cl.linkedin.com/showcase/baxter-chile/", "industry": "Medical Equipment Manufacturing", "location": null}, {"name": "Advanced Surgery at Baxter Asia Pacific", "link": "https://sg.linkedin.com/showcase/advanced-surgery-at-baxter-asia-pacific/", "industry": "Medical Equipment Manufacturing", "location": null}], "updates": [{"article_link": null, "image": "https://media.licdn.com/dms/image/v2/D5610AQGbAMXbrP_4cg/ads-video-thumbnail_720_1280/ads-video-thumbnail_720_1280/0/1732047495280?e=2147483647&v=beta&t=Ghp5ylNcfM0KvV_6XiguNGYb_IeQ4AXGrcIKebcMkIk", "posted_on": null, "text": "Everything we do is for patients like Izzy, a young cancer fighter and survivor who spent much of her treatment with a special partner by her side: her dog, Baxter. Meet Izzy and learn more about why the name 'Baxter' held a very special place in her health journey: https://bit.ly/4eydoEU #Baxter #SaveAndSustainLives", "total_likes": 13}, {"article_link": null, "image": "https://media.licdn.com/dms/image/v2/D5610AQEL0TgdtKoO9A/image-shrink_800/image-shrink_800/0/1731976206315?e=2147483647&v=beta&t=TSFSGTIlOyHx3hr1bNF_rnmgOsOKVveLoAs8mH2Lmro", "posted_on": {"day": 19, "month": 11, "year": 2024}, "text": "Today, the first truckloads of IV fluid products made following Hurricane Helene left our North Cove facility, while HHS Secretary Becerra and his team were onsite to survey the progress we\u2019ve made to initiate production in phases. Our trucks are now heading to distribution points across the country to support hospitals and their patients. We're grateful for the Secretary's leadership, along with the support of teams at HHS, FDA, ASPR and the state of North Carolina. We also thank our customers, care teams and patients for their understanding and patience as we've advanced our recovery. #NorthCoveStrong", "total_likes": 3224}, {"article_link": null, "image": "https://media.licdn.com/dms/image/v2/D5610AQH6hvaVitM8vQ/image-shrink_800/image-shrink_800/0/1731687246904?e=2147483647&v=beta&t=O1hgd-yW1wVqxVp3JAqW_PBCiKKtLW8WMA5J3LDQzTA", "posted_on": {"day": 15, "month": 11, "year": 2024}, "text": "Organized by Baxter's enABLES Business Resource Group, several Baxter employees participated in the 16th Annual SkyRise Chicago event. Each of them conquered 2,149 stairs, reaching the top of Chicago's iconic Willis Tower, to raise money for the Shirley Ryan AbilityLab, the global leader in physical medicine and rehabilitation for adults and children with severe, complex conditions. #BaxterGivesBack #LifeAtBaxter", "total_likes": 398}, {"article_link": null, "image": "https://media.licdn.com/dms/image/v2/D5610AQHl5QF2Ssk9bQ/image-shrink_800/image-shrink_800/0/1731594662930?e=2147483647&v=beta&t=kr45ZjFK7gWozQx29NnBy3C875E-DlcjPgS3qhatAyk", "posted_on": {"day": 14, "month": 11, "year": 2024}, "text": "Our Advanced Surgery team hosted surgeons from Canada and Latin America at our headquarters for a surgical workshop. Keynote speaker Dr. Ryan Matthews from the UK offered invaluable insights into clinical cases and the latest techniques. Immediate action is necessary for life-threatening intraoperative bleeding. Choosing and using the right hemostatic agent correctly is vital. These collaborative and interactive sessions are where we make meaningful connections with healthcare professionals. As one participant said: \"This demonstration surpassed all our expectations, filling us with a sense of pride and accomplishment.\"", "total_likes": 286}, {"article_link": null, "image": "https://media.licdn.com/dms/image/v2/D5610AQEcHAWwcjojMQ/image-shrink_1280/image-shrink_1280/0/1731523202792?e=2147483647&v=beta&t=PAnUXVTtMIcgBqTBLtQJSKTWpD0q1wT4amyxjDDWR04", "posted_on": {"day": 13, "month": 11, "year": 2024}, "text": "A group of team members who work on Baxter's connected care solutions gathered for a few days of learning, collaboration and team bonding! The meeting kicked off with a visit to Baxter\u2019s Customer Experience Center in Batesville, Indiana to see our connected care solutions in action, followed by skill-building sessions and team brainstorms at our headquarters in Deerfield, Illinois. And of course, the meeting wouldn\u2019t be complete without a few friendly rounds of ping pong. #LifeAtBaxter", "total_likes": 295}, {"article_link": null, "image": "https://media.licdn.com/dms/image/v2/D5610AQGoIiqTBy8McQ/image-shrink_800/image-shrink_800/0/1731436623424?e=2147483647&v=beta&t=KCYW1WAdjOlNJrHMligw8DrhXdm81eeTzyKtZoikWFA", "posted_on": {"day": 12, "month": 11, "year": 2024}, "text": "Our Alliance for Baxter Women Business Resource Group proudly helped sponsor the Race for the Cure\u00ae Brussels, organized by Think Pink Belgium. This event is Europe's largest event dedicated to women's health and plays a crucial role in supporting breast cancer organizations and hospitals. \n\nBaxter team members participated in the race, carrying with them those who have been affected by this disease. #ABWRaceForTheCure #LifeAtBaxter #BreastCancerAwareness", "total_likes": 295}, {"article_link": null, "image": "https://media.licdn.com/dms/image/v2/D5610AQG5pfxDDKdDdw/image-shrink_1280/image-shrink_1280/0/1731354542237?e=2147483647&v=beta&t=UvQdh6Yjz-QsvNaxFKoLJXELFgK8gH9I4UCAwm1P4-g", "posted_on": {"day": 12, "month": 11, "year": 2024}, "text": "Amidst unprecedented flooding in Valencia, Spain, our colleagues banded together to keep our local warehouse facility open, provide updates to authorities and coordinate transportation to our site.\n\n\"The exceptional work of our Valencia team in the aftermath of the devastating weather conditions has been simply outstanding. We recovered the site quickly and were able, with some limitations, to continue doing our work and serve our patients. A huge thank you to the team for your commitment to our mission while going through personal losses and for all your efforts to support the community,\" said Ventosa Manuel, Country Lead, Spain", "total_likes": 558}, {"article_link": null, "image": "https://media.licdn.com/dms/image/v2/D5610AQFmAqNBQ1TieA/image-shrink_1280/image-shrink_1280/0/1731074453804?e=2147483647&v=beta&t=KX5MKNA0jtHn-10YvSUj9pU8bR88n9CZJtYjaK3V0SY", "posted_on": {"day": 12, "month": 11, "year": 2024}, "text": "During our third-quarter 2024 earnings conference call with investors, CEO Joe Almeida and CFO Joel Grade discussed our positive performance and provided updates on the substantial progress we\u2019re making in advancing hurricane recovery efforts at our North Cove, North Carolina, facility, thanks to the inspirational commitment and resilience of our Baxter team, in coordination with government agencies. bit.ly/4hGA3le", "total_likes": 469}, {"article_link": null, "image": "https://media.licdn.com/dms/image/v2/D5610AQGqOmmVvGR9Bg/image-shrink_800/image-shrink_800/0/1731016502268?e=2147483647&v=beta&t=W_n1R8QBxK0Hba8b14ClDEl9kn7-9ey0hITOu_Lrq5Y", "posted_on": {"day": 12, "month": 11, "year": 2024}, "text": "Thanks to the support of ASPR, North Carolina Department of Transportation and our local team, a second temporary bridge that will enable more truck and equipment traffic to enter and leave the site is now installed and in use. This bridge supplements the first, which has already transported more than 1,000 truckloads of finished product from the site. Latest update: https://bit.ly/3BrUWA2 #NorthCoveStrong", "total_likes": 808}, {"article_link": null, "image": null, "posted_on": {"day": 5, "month": 11, "year": 2024}, "text": "We're sending a huge thank you to our North Cove team for their ongoing efforts, which allowed us to restart our first IV fluids line last week. This phenomenal team and its leaders have gone above and beyond, while also navigating the storm's devastating personal and community impact. It has not been easy, and we have more hard work ahead, but we're coming back stronger than ever. Check our hurricane page for the latest information: https://lnkd.in/gPg87FNV #NorthCoveStrong", "total_likes": 975}], "follower_count": 1077456, "acquisitions": null, "exit_data": null, "extra": null, "funding_data": [], "categories": null, "customer_list": null}
