{"linkedin_internal_id": "3754002", "description": "Who We Are:\nThe Belfer Center for Science and International Affairs is the hub of Harvard Kennedy School's research, teaching, and training in international security and diplomacy, environmental and resource issues, and science and technology policy. From terrorism and nuclear weapons to cybersecurity, climate change, energy, and diplomacy, the Belfer Center provides research, ideas, and leadership for a more secure, peaceful world.\n\nWhat We Do:\nThe Center has a dual mission: (1) to provide leadership in advancing policy-relevant knowledge about the most important challenges of international security and other critical issues where science, technology, environmental policy, and international affairs intersect; and (2) to prepare future generations of leaders for these arenas.\n\nHow We Do It:\nThe heart of the Belfer Center is its resident research community of more than 150 scholars, who through publications and policy discussions, workshops, seminars, and conferences, promote innovative solutions to significant international challenges.\n\nStay Connected:\n- Receive our latest updates: https://belfercenter.org/subscribe\n- Watch us on YouTube: https://youtube.com/BelferCenter\n- See us on Instagram: https://instagram.com/belfercenter", "website": "https://belfercenter.org", "industry": "Think Tanks", "company_size": [51, 200], "company_size_on_linkedin": 145, "hq": {"country": "US", "city": "Cambridge", "postal_code": "02138", "line_1": "79 JFK Street", "is_hq": true, "state": "MA"}, "company_type": "EDUCATIONAL", "founded_year": 1973, "specialities": ["international affairs", "climate change", "policy", "science", "defense", "technology", "international security", "cybersecurity", "environment", "innovation", "natural resources", "diplomacy", "international relations", "energy", "nuclear warfare", "nuclear terrorism", "globalization", "geopolitics"], "locations": [{"country": "US", "city": "Cambridge", "postal_code": "02138", "line_1": "79 JFK Street", "is_hq": true, "state": "MA"}], "name": "Harvard's Belfer Center", "tagline": null, "universal_name_id": "belfercenter", "profile_pic_url": "https://s3.us-west-000.backblazeb2.com/proxycurl/company/belfercenter/profile?X-Amz-Algorithm=AWS4-HMAC-SHA256&X-Amz-Credential=0004d7f56a0400b0000000001%2F20241126%2Fus-west-000%2Fs3%2Faws4_request&X-Amz-Date=20241126T054151Z&X-Amz-Expires=3600&X-Amz-SignedHeaders=host&X-Amz-Signature=b9649317c6846dc7352560332e3fe30992e0e8c151e01b46dc5c804d7e03712c", "background_cover_image_url": "https://s3.us-west-000.backblazeb2.com/proxycurl/company/belfercenter/cover?X-Amz-Algorithm=AWS4-HMAC-SHA256&X-Amz-Credential=0004d7f56a0400b0000000001%2F20241126%2Fus-west-000%2Fs3%2Faws4_request&X-Amz-Date=20241126T054151Z&X-Amz-Expires=3600&X-Amz-SignedHeaders=host&X-Amz-Signature=73bb490e583be4a8742819c3c7d0e17c8877869464ace6ea3653f3b8f3cc2aed", "search_id": "3754002", "similar_companies": [{"name": "Center for Strategic and International Studies (CSIS)", "link": "https://www.linkedin.com/company/csis/", "industry": "Think Tanks", "location": null}, {"name": "Institute of Politics at Harvard Kennedy School", "link": "https://www.linkedin.com/company/harvard-institute-of-politics/", "industry": "Higher Education", "location": null}, {"name": "The Brookings Institution", "link": "https://www.linkedin.com/company/the-brookings-institution/", "industry": "Think Tanks", "location": null}, {"name": "Council on Foreign Relations", "link": "https://www.linkedin.com/company/council-on-foreign-relations/", "industry": "Think Tanks", "location": null}, {"name": "The Wilson Center", "link": "https://www.linkedin.com/company/woodrow-wilson-international-center-for-scholars/", "industry": "Think Tanks", "location": null}, {"name": "Hoover Institution, Stanford University", "link": "https://www.linkedin.com/company/hoover-institution-at-stanford-university/", "industry": "Think Tanks", "location": null}, {"name": "Carnegie Endowment for International Peace", "link": "https://www.linkedin.com/company/carnegieendowment/", "industry": "Think Tanks", "location": null}, {"name": "International Institute for Strategic Studies", "link": "https://www.linkedin.com/company/international-institute-for-strategic-studies/", "industry": "Think Tanks", "location": null}, {"name": "Harvard's Center for Public Leadership", "link": "https://www.linkedin.com/company/harvardcpl/", "industry": "Higher Education", "location": null}, {"name": "RAND", "link": "https://www.linkedin.com/company/rand-corporation/", "industry": "Think Tanks", "location": null}, {"name": "Atlantic Council", "link": "https://www.linkedin.com/company/atlantic-council/", "industry": "International Affairs", "location": null}, {"name": "Harvard's Middle East Initiative", "link": "https://www.linkedin.com/company/the-middle-east-initiative/", "industry": "Higher Education", "location": null}, {"name": "Institute for the Study of War", "link": "https://www.linkedin.com/company/institute-for-the-study-of-war/", "industry": "Think Tanks", "location": null}, {"name": "Center for a New American Security (CNAS)", "link": "https://www.linkedin.com/company/center-for-a-new-american-security/", "industry": "Think Tanks", "location": null}, {"name": "Mossavar-Rahmani Center for Business and Government at the Harvard Kennedy School", "link": "https://www.linkedin.com/company/harvardbizgov/", "industry": "Think Tanks", "location": null}, {"name": "The Salata Institute for Climate and Sustainability at Harvard University", "link": "https://www.linkedin.com/company/salata-institute-harvard/", "industry": "Higher Education", "location": null}, {"name": "The Stimson Center", "link": "https://www.linkedin.com/company/the-henry-l.-stimson-center/", "industry": "Think Tanks", "location": null}, {"name": "CSIS Defense and Security Department", "link": "https://www.linkedin.com/company/csis-defense/", "industry": "International Affairs", "location": null}, {"name": "Harvard Kennedy School Executive Education", "link": "https://www.linkedin.com/company/hksexeced/", "industry": "Higher Education", "location": null}, {"name": "Foreign Affairs Magazine", "link": "https://www.linkedin.com/company/foreign-affairs-magazine/", "industry": "Book and Periodical Publishing", "location": null}], "affiliated_companies": [], "updates": [{"article_link": "https://www.linkedin.com/posts/national-security-college_in-full-richard-fontaine-beth-sanners-activity-7264447936254652417-KjNN", "image": null, "posted_on": {"day": 19, "month": 11, "year": 2024}, "text": "\u201cThe United States has a lot going in terms of Australia. We have interests, we have institutions, and we have mutual investment in each other\u2026President Trump will understand those things.\u201d\n\nWith Donald Trump set to return to the White House, how might US-Australia relations evolve?\n\nEarlier this year, we hosted US experts Richard Fontaine \u2013 CEO, Center for a New American Security(CNAS) and Beth Sanner \u2013 Senior Fellow, Harvard's Belfer Center.\n\nWatch their addresses at National Press Club of Australia which explore:\nBeyond Taiwan: are there other crocodiles closer to the boat?\nUS Indo-Pacific strategy: pivoting or pretending?\nhttps://lnkd.in/gFRhAHcG\n\nRory Medcalf AM Tim Wilford Justin Burke", "total_likes": 4}, {"article_link": "https://www.linkedin.com/posts/belfercenter_biden-allowing-ukraine-to-strike-into-russia-activity-7264668790875983872-1t6T", "image": null, "posted_on": {"day": 19, "month": 11, "year": 2024}, "text": "President Biden's decision to allow Ukraine to use US-supplied ballistic missiles - Army Tactical Missile Systems - on Russia\u2019s sovereign territory is a significant shift in policy.\n\nMariana Budjeryn, Senior Research Associate with the Project on Managing the Atom, writes for the Bulletin of the Atomic Scientists.", "total_likes": 3}, {"article_link": "https://www.linkedin.com/posts/harvard-institute-of-politics_thank-you-to-former-ceo-of-google-eric-schmidt-ugcPost-7264665178158329857-8h8c", "image": "https://media.licdn.com/dms/image/v2/D4E22AQFUh2Bn0gFroA/feedshare-shrink_2048_1536/feedshare-shrink_2048_1536/0/1732031147283?e=1735171200&v=beta&t=VHfxZXtLtA30u9ofj7WlUemWdDgLkKY6LuToU2s7GUY", "posted_on": {"day": 19, "month": 11, "year": 2024}, "text": "Thank you to former CEO of Google, Eric Schmidt, who recently joined us in the Forum for a conversation with Graham Allison, Douglas Dillon Professor of Government, about his new book, \"Genesis: Artificial Intelligence, Hope, and the Human Spirit,\" co-authored with Henry Kissinger and Craig Mundie.\n\nWatch the full conversation: https://lnkd.in/eW5PCid2", "total_likes": 38}, {"article_link": "https://www.linkedin.com/posts/diam-aboudiab-ll-m-7644427a_leadership-politics-foreignpolicy-activity-7264261074269491200-IINH", "image": "https://media.licdn.com/dms/image/v2/D4E22AQErXO5bq_lqzg/feedshare-shrink_2048_1536/feedshare-shrink_2048_1536/0/1731909318815?e=1735171200&v=beta&t=831cZTYjyJI52ltrgoHwCoEnNcjlS-saS0TX0b40qhY", "posted_on": {"day": 19, "month": 11, "year": 2024}, "text": "With the U.S. Presidential elections behind us, we wrapped up last week at Harvard Kennedy School a three-session study group on U.S. Elections and Foreign Policy with Ambassador Wendy Sherman.\n\nAs the first woman to serve as U.S. Deputy Secretary of State, Ambassador Sherman brought a wealth of experience serving under three presidents and five secretaries of state. She\u2019s widely recognized for her work in tackling challenging diplomatic issues, including her role as a key negotiator of the Iran nuclear deal.\n\nDuring the sessions, we examined key U.S. foreign policy topics and analyzed the political messaging of both presidential candidates, particularly on what resonates with voters in swing states.\n\nIt was an excellent opportunity to learn and discuss the connections between foreign policy, U.S. elections, and their global impact with Ambassador Sherman, known as the diplomat for \"hard conversations in hard places.\"\n\n#Leadership #Politics #ForeignPolicy #USelections Harvard University Harvard's Belfer Center", "total_likes": 120}, {"article_link": "https://www.linkedin.com/posts/belfercenter_join-us-this-thursday-november-14-at-12pm-activity-7262524631700443136-grk_", "image": null, "posted_on": {"day": 14, "month": 11, "year": 2024}, "text": "Register for the online session tomorrow, here: https://lnkd.in/eT_zmWP7", "total_likes": 3}, {"article_link": "https://www.linkedin.com/posts/belfercenter_announcing-new-task-force-on-nuclear-proliferation-activity-7264714063690059777-gjGw", "image": null, "posted_on": {"day": 19, "month": 11, "year": 2024}, "text": "The Belfer Center is pleased to announce a new Task Force on Nuclear Proliferation and U.S. National Security, in collaboration with the Carnegie Endowment for International Peace and Nuclear Threat Initiative (NTI). \n\nAmid increasingly tense geopolitics, growing nuclear threats, and risks posed by rapidly evolving technologies,\u00a0the bipartisan group will address critical questions about how the changing geopolitical landscape could affect the proliferation of nuclear weapons, and will issue policy recommendations to guide the future of U.S. national security policy. \n\nThe task force is co-chaired by Meghan L. O'Sullivan, Belfer Center Director and Jeane Kirkpatrick Professor of the Practice of International Affairs at the Harvard Kennedy School, Mariano-Florentino (Tino) Cu\u00e9llar, President of Carnegie and Ernest J. Moniz, NTI Co-Chair and CEO. \n\nTask Force members include:\n\ud83d\udc49 Matthew Bunn, James R. Schlesinger Professor of the Practice of Energy, National Security, and Foreign Policy at Harvard Kennedy School; \n\ud83d\udc49 Bob Corker, former U.S. Senator from Tennesse; \n\ud83d\udc49 Francis J. Gavin, Giovanni Agnelli Distinguished Professor and Director of the Henry A. Kissinger Center for Global Affairs at Johns Hopkins School of Advanced International Studies (SAIS); \n\ud83d\udc49 Rose Gottemoeller, former Deputy Secretary General of NATO; \n\ud83d\udc49 Stephen Hadley, former U.S. National Security Advisor; \n\ud83d\udc49 Jessica Tuchman Mathews, Distinguished Fellow at the Carnegie Endowment for International Peace; \n\ud83d\udc49 Michael Morell, former Acting Director and Deputy Director of the Central Intelligence Agency;\n\ud83d\udc49 Sam Nunn, former U.S. Senator from Georgia;\n\ud83d\udc49 Daniel B. Poneman, former U.S. Deputy Secretary of Energy;\n\ud83d\udc49 Susan E. Rice, former U.S. National Security Advisor;\n\ud83d\udc49 Kori Schake, Senior Fellow and Director of Foreign and Defense Policy Studies at the American Enterprise Institute; \n\ud83d\udc49 Wendy Sherman, former U.S. Deputy Secretary of State; and\n\ud83d\udc49 Admiral Sandy Winnefeld, former Vice Chairman of the Joint Chiefs of Staff. \n\nWhen President-elect Donald Trump takes office, his administration will face nuclear threats from Russia, China, North Korea, Iran, and others; interest in nuclear weapons from several allies and partners; and steady expansion in the global nuclear energy sector. Addressing proliferation in this environment will require sustained and focused U.S. leadership, which necessitates a clear and strong consensus among policymakers across the political spectrum on the central principles and policies best suited to U.S. national security. \n\nRead more about the taskforce here: https://lnkd.in/eF3tAsTQ\n\n#Nuclear #Nonproliferation #Policy #NationalSecurity", "total_likes": 31}], "follower_count": 26261, "acquisitions": null, "exit_data": null, "extra": null, "funding_data": [], "categories": null, "customer_list": null}
