{"linkedin_internal_id": "15142913", "description": "A Tradition of Innovation\r\nBerkeley Engineering is a community that is dedicated to creating tomorrow's leaders and supporting today's pioneers. Students and researchers from around the world are drawn to Berkeley by its outstanding reputation, its internationally recognized faculty and its strong tradition of impact in research and teaching.\r\n\r\nEarlier Berkeley engineers brought water to California's great agricultural lands, pioneered the microelectronics that seeded Silicon Valley and helped build the unbuildable in structures like Hoover Dam and the Golden Gate Bridge. Today, Berkeley engineers in every field remain at the center of technological innovation worldwide.\r\n\r\nOur Mission\r\nTo educate men and women for careers of leadership and innovation in engineering and related fields\r\nTo expand the base of engineering knowledge through original research and by developing technology to serve the needs of society\r\nTo benefit the public through service to industry, government and the engineering profession\r\n\r\nOur Vision\r\nIncreasingly rapid advances in technology are creating unprecedented opportunities for innovation in every field of engineering. Today, opportunities to benefit society through engineering advancements are unparalleled in history. As a national leader in engineering education, Berkeley's College of Engineering is positioned to make major contributions in this era of opportunity.", "website": "http://engineering.berkeley.edu", "industry": "Higher Education", "company_size": [501, 1000], "company_size_on_linkedin": 523, "hq": {"country": "US", "city": "Berkeley", "postal_code": "94720", "line_1": "College of Engineering, University of California", "is_hq": true, "state": "ca"}, "company_type": "EDUCATIONAL", "founded_year": 1868, "specialities": ["Computer Science", "Electrical Engineering", "Material Science", "Mechanical Engineering", "Civil Engineering", "Environmental Engineering", "Bioengineering", "Engineering Science", "Nuclear Engineering", "Industrial Engineering", "Operations Research", "Students", "Academics", "Leadership"], "locations": [{"country": "US", "city": "Berkeley", "postal_code": "94720", "line_1": "College of Engineering, University of California", "is_hq": true, "state": "ca"}], "name": "UC Berkeley College of Engineering", "tagline": "We aim to educate leaders, create knowledge, serve society", "universal_name_id": "berkeleyengineering", "profile_pic_url": "https://s3.us-west-000.backblazeb2.com/proxycurl/company/berkeleyengineering/profile?X-Amz-Algorithm=AWS4-HMAC-SHA256&X-Amz-Credential=0004d7f56a0400b0000000001%2F20241126%2Fus-west-000%2Fs3%2Faws4_request&X-Amz-Date=20241126T055823Z&X-Amz-Expires=3600&X-Amz-SignedHeaders=host&X-Amz-Signature=8c044d9b0a5f8e0a2dbdba688041b565a54a2a91a84d0940e2318f49e4230346", "background_cover_image_url": "https://s3.us-west-000.backblazeb2.com/proxycurl/company/berkeleyengineering/cover?X-Amz-Algorithm=AWS4-HMAC-SHA256&X-Amz-Credential=0004d7f56a0400b0000000001%2F20241126%2Fus-west-000%2Fs3%2Faws4_request&X-Amz-Date=20241126T055823Z&X-Amz-Expires=3600&X-Amz-SignedHeaders=host&X-Amz-Signature=532ef5032e1fd2f0ff688f30b72d07f4e3e4b778a6d31753d1e212c081cd243c", "search_id": "15142913", "similar_companies": [{"name": "UC Berkeley Coleman Fung Institute for Engineering Leadership", "link": "https://www.linkedin.com/company/funginstitute/", "industry": "Higher Education", "location": null}, {"name": "MIT Center for Quantum Engineering", "link": "https://www.linkedin.com/company/mit-center-for-quantum-engineering/", "industry": "Research Services", "location": null}, {"name": "Rahpooyan Javan", "link": "https://www.linkedin.com/company/rahpooyan-javan/", "industry": "Staffing and Recruiting", "location": null}, {"name": "NHERI SimCenter", "link": "https://www.linkedin.com/company/nheri-simcenter/", "industry": "Research Services", "location": null}, {"name": "Earthquake Engineering Research Institute", "link": "https://www.linkedin.com/company/earthquake-engineering-research-institute/", "industry": "Non-profit Organization Management", "location": null}, {"name": "Fung Fellowship at UC Berkeley", "link": "https://www.linkedin.com/company/fungfellows/", "industry": "Higher Education", "location": null}, {"name": "Structural Engineers Association of Northern California (SEAONC)", "link": "https://www.linkedin.com/company/seaonc/", "industry": "Civil Engineering", "location": null}, {"name": "Bakar Labs", "link": "https://www.linkedin.com/company/bakar-labs/", "industry": "Biotechnology Research", "location": null}, {"name": "CsMena", "link": "https://www.linkedin.com/company/csmenaco/", "industry": "Outsourcing and Offshoring Consulting", "location": null}, {"name": "Simpson Gumpertz & Heger (SGH)", "link": "https://www.linkedin.com/company/sghengineering/", "industry": "Civil Engineering", "location": null}, {"name": "Rewiring America", "link": "https://www.linkedin.com/company/rewiring-america/", "industry": "Non-profit Organizations", "location": null}, {"name": "WSP in Australia", "link": "https://www.linkedin.com/company/wspaustralia-newzealand/", "industry": "Professional Services", "location": null}, {"name": "Trianz", "link": "https://www.linkedin.com/company/trianz/", "industry": "Technology, Information and Internet", "location": null}, {"name": "Berkeley Lab", "link": "https://www.linkedin.com/company/lawrence-berkeley-national-laboratory/", "industry": "Research Services", "location": null}, {"name": "JavaScript Mastery", "link": "https://www.linkedin.com/company/javascriptmastery/", "industry": "E-Learning Providers", "location": null}, {"name": "Samaritan's Purse", "link": "https://www.linkedin.com/company/samaritan%27s-purse/", "industry": "Non-profit Organizations", "location": null}, {"name": "TransUnion", "link": "https://www.linkedin.com/company/transunion/", "industry": "IT Services and IT Consulting", "location": null}, {"name": "GeeksforGeeks", "link": "https://www.linkedin.com/company/geeksforgeeks/", "industry": "Education", "location": null}, {"name": "Intuitive", "link": "https://www.linkedin.com/company/intuitivesurgical/", "industry": "Medical Equipment Manufacturing", "location": null}, {"name": "Fidelity Investments", "link": "https://www.linkedin.com/company/fidelity-investments/", "industry": "Financial Services", "location": null}], "affiliated_companies": [], "updates": [{"article_link": "https://www.linkedin.com/posts/berkeleyengineering_berkeley-engineering-continues-to-rank-no-activity-7244387127247978499-7tf3", "image": "https://media.licdn.com/dms/image/v2/D5610AQE_UH3So-ytKA/image-shrink_1280/image-shrink_1280/0/1727196483719?e=1732014000&v=beta&t=IsXspjErKuXSXvi_03jdJfo9dIzfVFNNlKc1WVPTrps", "posted_on": {"day": 12, "month": 10, "year": 2024}, "text": "Berkeley Engineering continues to rank No. 3 in the top undergraduate engineering schools nationwide, according to U.S. News & World Report\u2019s 2025 rankings. The college also remains the top public engineering program.\n\nRead more: bit.ly/4ecfWsN", "total_likes": 312}, {"article_link": "https://www.linkedin.com/posts/berkeleyengineering_scenes-from-the-berkeley-space-symposium-activity-7261765638132518912-scIV", "image": "https://media.licdn.com/dms/image/v2/D5610AQHcFo-v_xLYkw/image-shrink_1280/image-shrink_1280/0/1731339842225?e=1732014000&v=beta&t=k-LYDJZT-S9Te-7_A-tQvYeeTNrptcAQQrDLPJt5MvQ", "posted_on": {"day": 11, "month": 11, "year": 2024}, "text": "Scenes from the Berkeley Space Symposium 2024, hosted by NewSpace@Berkeley, at the Pauley Ballroom on Oct. 11. (Photos by Adam Lau / Berkeley Engineering)", "total_likes": 12}, {"article_link": "https://www.linkedin.com/posts/berkeleyengineering_voicesofbe-activity-7261421615702290433-S58N", "image": "https://media.licdn.com/dms/image/v2/D5610AQECmYz7ZD1fow/image-shrink_1280/image-shrink_1280/0/1731257821916?e=1732014000&v=beta&t=4dicrfKP5jQaQhIOx8HFx6YSulJNDV_2Gik9CC0GJ_k", "posted_on": {"day": 11, "month": 11, "year": 2024}, "text": "\u201cI\u2019ve had a profound interest in aerospace for as long as I can remember.\n\nEntering my freshman year of high school in Portland, Oregon, I endured multiple surgeries that left me unable to walk independently for nearly three years. What could have been a time of isolation for me instead became a catalyst for some of the most meaningful and fulfilling projects I\u2019ve ever initiated. This experience ultimately fueled my curiosity and motivation to become an engineer and led me to intern at NASA\u2019s Jet Propulsion Laboratory and Vast, a startup building the next-generation space station.\n\nBetween physical therapy and school, I dug into aerospace life support systems research through the Regeneron International Science and Engineering Fair (2x International Grand Awardee), solo-publishing in the American Institute of Aeronautics and Astronautics (AIAA) SciTech conference journal my senior year. I also was the first woman to lead my school\u2019s aerospace team, where we became the The American Rocketry Challenge National Champions in 2021.\n\nThroughout my experience as an engineer in a predominantly male-dominated industry, I have consistently found myself being one of the only women in the room, if not the only one. I strive to challenge this status quo by creating spaces where women are celebrated, supported and given opportunities to lead.\n\nI co-lead outreach for the Association of Women in Aerospace here at Berkeley and previously co-founded the AIAA student branch, both of which are focused on providing industry-to-student, aerospace-related opportunities for the UC Berkeley undergraduate student population. This builds on work I did previously with the Portland State Aerospace Society, as I led a four-part aerospace career panel with industry professionals for 400+ high school students during COVID-19 lockdown.\n\nI\u2019m excited to continue paving the way for young women who are passionate about aerospace, while deepening my own skills and expertise as a mechanical engineer.\u201d\n\n\u2014 Kara Gaiser (B.S.\u201926 ME) #VoicesOfBE\n\nMore community profiles: bit.ly/3ifpSXy", "total_likes": 55}, {"article_link": "https://www.linkedin.com/posts/dawn-song-51586033_ai-hackathon-llmagents-activity-7254179015358398465-s8ks", "image": "https://media.licdn.com/dms/image/v2/D4E22AQHId1qhyegMDQ/feedshare-shrink_2048_1536/feedshare-shrink_2048_1536/0/1729531052194?e=1734566400&v=beta&t=vdsLkFRRJZJ9E8Wi69NxqYUo80Ik0hu2_UprunwbIHs", "posted_on": {"day": 22, "month": 10, "year": 2024}, "text": "\ud83c\udf89 Thrilled by the incredible enthusiasm for our LLM Agents MOOC\u201412K+ registered learners & 5K+ Discord members!\u00a0\n\ud83d\udce3 Excited to launch today the LLM Agents MOOC Hackathon, open to all, with $200K+ in prizes & credits!\n\ud83d\udd17 Sign up now: https://lnkd.in/edPK6h9p & join us virtually or in person @UCBerkeley! \n\nHuge thanks to our sponsors: OpenAI Google AMD Lambda Intel Corporation Sierra Orby AI (and more to come)\n\n\ud83d\ude80 Explore 5 exciting tracks:\n1\ufe0f\u20e3 Applications: Build cutting-edge LLM agents!\u00a0\u00a0\n2\ufe0f\u20e3 Benchmarks: Create innovative AI agent evaluation benchmarks!\u00a0\u00a0\n3\ufe0f\u20e3 Fundamentals: Strengthen core agent capabilities!\u00a0\u00a0\n4\ufe0f\u20e3 Safety: Address critical safety challenges in AI!\u00a0\u00a0\n5\ufe0f\u20e3 Decentralized & Multi-Agents: Push the boundaries of multi-agent systems!\n\nSpecial thanks to my co-instructor Xinyun Chen Google DeepMind & our amazing guest speakers for making this a great MOOC: Denny Zhou Google DeepMind; Percy Liang Stanford University; Benjamin Mann Anthropic; Shunyu Yao OpenAI; Chi Wang Google DeepMind; Jerry Liu LlamaIndex; Omar Khattab Databricks; Graham Neubig Carnegie Mellon University; Nicolas Chapados ServiceNow; Yuandong Tian Meta; Jim Fan NVIDIA; Burak Gokturk Google\nJoin us to shape the future of LLM Agents! \ud83e\udd16\u2728 #AI\u00a0 #Hackathon #LLMAgents #UCberkeley", "total_likes": 459}, {"article_link": "https://www.linkedin.com/posts/berkeleyengineering_minette-norman-author-and-former-silicon-activity-7260685286169288705-Femy", "image": "https://media.licdn.com/dms/image/v2/D5610AQEAmNAf-twB4A/image-shrink_1280/image-shrink_1280/0/1731082266686?e=1732014000&v=beta&t=qDtnthIcJC4kKM0jnrGOy77h3OF_s1NVGVsYp7oxzTE", "posted_on": {"day": 9, "month": 11, "year": 2024}, "text": "Minette Norman, author and former Silicon Valley software executive, presented her book, \u201cThe Boldly Inclusive Leader,\u201d during a lecture on Oct. 30. \n\nStay tuned for more events in the Berkeley Engineering Book Talk Series!\n\n(Photos by Adam Lau / Berkeley Engineering)", "total_likes": 2}, {"article_link": "https://www.linkedin.com/posts/center-for-information-technology-research-in-the-interest-of-society-citris-_airmobility-advancedairmobility-aviation-activity-7258178500430290946-nXLQ", "image": "https://media.licdn.com/dms/image/v2/D5610AQHhCjAc6Lfihg/image-shrink_1280/image-shrink_1280/0/1730484602764?e=1732014000&v=beta&t=QPq1RZPAoHnAXOEtnoYXNHLh5xXs-z5znyoIqedF0w4", "posted_on": {"day": 5, "month": 11, "year": 2024}, "text": "Has your team submitted its CITRIS Aviation Prize proposal yet? Only 2\ufe0f\u20e3 weeks left \u2014 applications are due Friday, Nov. 15! \ud83d\udeeb \n\nThe competition is open to all students at UC Berkeley, UC Davis, UC Merced and UC Santa Cruz.\n\nFind the details here: https://lnkd.in/gpD-gapg\n\nUniversity of California, Berkeley | UC Berkeley College of Engineering | University of California, Davis | UC Davis College of Engineering | University of California, Merced | CITRIS and the Banatao Institute at UC Merced | University of California, Santa Cruz | Baskin Engineering at UCSC \n#AirMobility #AdvancedAirMobility #Aviation #EngineeringDesign #UrbanAirMobility", "total_likes": 15}], "follower_count": 29575, "acquisitions": null, "exit_data": null, "extra": null, "funding_data": [], "categories": null, "customer_list": null}
