{"linkedin_internal_id": "3998145", "description": "Blockstream\u2019s mission is to create the financial infrastructure of the future. We build crypto-financial infrastructure based on Bitcoin, the most robust and secure blockchain. Applying cutting-edge cryptography and security engineering, we\u2019re building the products and networks that make financial markets more efficient by reducing reliance on trust. With a long term outlook on delivering robust and scalable solutions, we invest heavily in research and development to strengthen the Bitcoin ecosystem and protocol.\n\n\nPeer-to-peer, open network finance holds the promise to change the world for the benefit of all. Blockstream is proud to be making this a reality.", "website": "https://www.blockstream.com", "industry": "Software Development", "company_size": [51, 200], "company_size_on_linkedin": 86, "hq": {"country": "CA", "city": "Montreal", "postal_code": "H4M 2X6", "line_1": "1111 Dr. Frederik-Phillips Blvd Suite #644", "is_hq": true, "state": "Quebec"}, "company_type": "PRIVATELY_HELD", "founded_year": 2014, "specialities": ["Bitcoin", "Cryptography", "Blockchain", "Sidechains", "Privacy Enhancing Technology", "Cryptocurrencies"], "locations": [{"country": "CA", "city": "Montreal", "postal_code": "H4M 2X6", "line_1": "1111 Dr. Frederik-Phillips Blvd Suite #644", "is_hq": true, "state": "Quebec"}, {"country": "CA", "city": "Victoria", "postal_code": "V8Z0B9", "line_1": null, "is_hq": true, "state": "BC"}, {"country": "US", "city": "Mountain View", "postal_code": "94040", "line_1": "554 Fayette Dr", "is_hq": true, "state": "California"}], "name": "Blockstream", "tagline": "Blockstream is the global leader in Bitcoin and blockchain technology. #DontTrustVerify", "universal_name_id": "blockstream", "profile_pic_url": "https://s3.us-west-000.backblazeb2.com/proxycurl/company/blockstream/profile?X-Amz-Algorithm=AWS4-HMAC-SHA256&X-Amz-Credential=0004d7f56a0400b0000000001%2F20241126%2Fus-west-000%2Fs3%2Faws4_request&X-Amz-Date=20241126T055838Z&X-Amz-Expires=3600&X-Amz-SignedHeaders=host&X-Amz-Signature=1fa4c7d7e26034c6b8be190a54d766c014a982e30cdd9e61e8f6b8fcb28caf63", "background_cover_image_url": "https://s3.us-west-000.backblazeb2.com/proxycurl/company/blockstream/cover?X-Amz-Algorithm=AWS4-HMAC-SHA256&X-Amz-Credential=0004d7f56a0400b0000000001%2F20241126%2Fus-west-000%2Fs3%2Faws4_request&X-Amz-Date=20241126T055838Z&X-Amz-Expires=3600&X-Amz-SignedHeaders=host&X-Amz-Signature=8507d6aa422bd272d141c97c5fbfa8979fc5dbee4db34b7b79a4a611b554bef5", "search_id": "3998145", "similar_companies": [{"name": "Strike", "link": "https://www.linkedin.com/company/strikebtc/", "industry": "Technology, Information and Internet", "location": null}, {"name": "Xapo Bank", "link": "https://www.linkedin.com/company/xapobankapp/", "industry": "Financial Services", "location": null}, {"name": "Swan Bitcoin", "link": "https://www.linkedin.com/company/swanbitcoin/", "industry": "Financial Services", "location": null}, {"name": "River", "link": "https://www.linkedin.com/company/riverfinancial/", "industry": "Financial Services", "location": null}, {"name": "Lightning Labs", "link": "https://www.linkedin.com/company/lightning-labs-inc/", "industry": "Software Development", "location": null}, {"name": "Unchained", "link": "https://www.linkedin.com/company/unchainedcom/", "industry": "Financial Services", "location": null}, {"name": "Lirium", "link": "https://www.linkedin.com/company/lirium-ag/", "industry": "Financial Services", "location": null}, {"name": "AbCellera", "link": "https://www.linkedin.com/company/abcellera/", "industry": "Biotechnology Research", "location": null}, {"name": "Dapper Labs", "link": "https://www.linkedin.com/company/dapper-labs/", "industry": "Software Development", "location": null}, {"name": "Allocadia, an Uptempo company", "link": "https://www.linkedin.com/company/allocadia-software/", "industry": "Software Development", "location": null}, {"name": "Black & White Zebra", "link": "https://www.linkedin.com/company/blackandwhitezebra/", "industry": "Technology, Information and Media", "location": null}, {"name": "Blanka", "link": "https://www.linkedin.com/company/blankabrand/", "industry": "Personal Care Product Manufacturing", "location": null}, {"name": "Alida", "link": "https://www.linkedin.com/company/alidainc/", "industry": "Software Development", "location": null}, {"name": "Copperleaf", "link": "https://www.linkedin.com/company/copperleaf-technologies/", "industry": "Software Development", "location": null}, {"name": "JAN3", "link": "https://www.linkedin.com/company/jan3/", "industry": "Software Development", "location": null}, {"name": "Absolute Security", "link": "https://www.linkedin.com/company/absolute-cyberresilience/", "industry": "Computer and Network Security", "location": null}, {"name": "Aquanow", "link": "https://www.linkedin.com/company/aquanow/", "industry": "Financial Services", "location": null}, {"name": "Certn", "link": "https://www.linkedin.com/company/certn/", "industry": "Software Development", "location": null}, {"name": "Aspect Biosystems", "link": "https://www.linkedin.com/company/aspect-biosystems/", "industry": "Biotechnology Research", "location": null}, {"name": "Bench Accounting", "link": "https://www.linkedin.com/company/benchaccounting/", "industry": "Accounting", "location": null}], "affiliated_companies": [], "updates": [{"article_link": "https://www.linkedin.com/posts/blockstream_were-thrilled-to-welcome-sean-bill-as-our-activity-7264672432630771714-dNxO", "image": null, "posted_on": {"day": 19, "month": 11, "year": 2024}, "text": "We\u2019re thrilled to welcome Sean Bill as our Chief Investment Officer to lead Blockstream\u2019s new Asset Management Division! \n\nFull press release below \u2193", "total_likes": 17}, {"article_link": "https://www.linkedin.com/posts/mminkevich_btc-blockchain-activity-7264317861962162178-tt7-", "image": "https://media.licdn.com/dms/image/v2/D5622AQFMK_1MClcuxg/feedshare-shrink_2048_1536/feedshare-shrink_2048_1536/0/1731948341676?e=1735171200&v=beta&t=lyKN2J1do6pf1F0uveiKi3oPWlb5kSQ50xKTUqhoyOs", "posted_on": {"day": 19, "month": 11, "year": 2024}, "text": "Blockstream is going big in Taiwan. Our CEO Adam Back  has officially kicked off the 9th Annual Taiwan Blockchain Summit, alongside Taiwan Minister of Digital Affairs, Huang Yen-nun.\n#BTC #blockchain", "total_likes": 35}, {"article_link": "https://www.linkedin.com/posts/mminkevich_btc-fintech-activity-7260345675358392322-2J0g", "image": "https://media.licdn.com/dms/image/v2/D4E22AQEfTbxaNaCcww/feedshare-shrink_2048_1536/feedshare-shrink_2048_1536/0/1731001298228?e=1735171200&v=beta&t=fHKwQIkslb9fgfekRDnqacYhiQ87-Ru_R2hXsFRH5fs", "posted_on": {"day": 13, "month": 11, "year": 2024}, "text": "Another important announcement: Blockstream is launching a brand new innovation hub focused on #BTC Layer-2 technologies in Lugano!\n\nAs part of that initiative, we are introducing a sponsorship program to support developers working in the Liquid and Lightning ecosystem. Selected projects will receive a grant of 10,000CHF. Calling all developers and startup founders - let's build the future of #fintech together!\n\nThis is how our new Swiss R&D lab looks like from the outside (believe me, from the inside it looks even better \ud83d\ude09)", "total_likes": 69}, {"article_link": "https://www.linkedin.com/posts/blockstream_learn-from-our-ceo-adam-back-how-the-liquid-activity-7261857502030438402-vHfo", "image": null, "posted_on": {"day": 13, "month": 11, "year": 2024}, "text": "Learn from our CEO Adam Back how the Liquid Network and Blockstream AMP enable Bitcoin like trading, but with assets like MicroStrategy stock for verified participants.", "total_likes": 28}, {"article_link": "https://www.linkedin.com/posts/blockstream_register-for-the-tokenization-on-different-activity-7251833321515544576-sQ9U", "image": null, "posted_on": {"day": 20, "month": 10, "year": 2024}, "text": "\ud83d\udce2 Join us for the \u201cTokenization on Different Chains\u201d webinar this week!\n\nFeaturing:\n\n\t\u2022\tAdolfo Contreras from Blockstream\n\t\u2022\tClaus Skaaning and Gabriel Sadoun from DigiShares\n\t\u2022\tAnthony Moro from Provenance Blockchain Foundation\n\t\u2022\tColin Butler from Polygon Labs\n\t\u2022\tGraeme Moore from Polymesh\n\nDon\u2019t miss this opportunity to hear insights on how tokenization is evolving across different blockchain networks. \n\nRegister now - link below!", "total_likes": 18}, {"article_link": "https://www.linkedin.com/posts/polymeshnetwork_register-for-the-tokenization-on-different-activity-7251670148862853121-OvLy", "image": "https://media.licdn.com/dms/image/v2/D4E22AQE8rhZb7-sEWA/feedshare-shrink_2048_1536/feedshare-shrink_2048_1536/0/1728932892235?e=1735171200&v=beta&t=bbZFGvlmxVbNMAieE4MfrM8EQpH_UVrfo2PUSFBof7Q", "posted_on": {"day": 20, "month": 10, "year": 2024}, "text": "Register for the Tokenization on Different Chains webinar this week featuring Claus Skaaning and Gabriel Sadoun from DigiShares, Anthony Moro from Provenance Blockchain Foundation, Colin Butler from Polygon Labs, Adolfo Contreras from Blockstream, and of course Graeme Moore from Polymesh!\n\nLink to register: https://lnkd.in/eX9tgB-x", "total_likes": 32}], "follower_count": 21091, "acquisitions": null, "exit_data": null, "extra": null, "funding_data": [], "categories": null, "customer_list": null}
