{"linkedin_internal_id": "1784", "description": "Boston Consulting Group partners with leaders in business and society to tackle their most important challenges and capture their greatest opportunities. BCG was the pioneer in business strategy when it was founded in 1963. Today, we work closely with clients to embrace a transformational approach aimed at benefiting all stakeholders\u2014empowering organizations to grow, build sustainable competitive advantage, and drive positive societal impact.\n \nOur diverse, global teams bring deep industry and functional expertise and a range of perspectives that question the status quo and spark change. BCG delivers solutions through leading-edge management consulting, technology and design, and corporate and digital ventures. We work in a uniquely collaborative model across the firm and throughout all levels of the client organization, fueled by the goal of helping our clients thrive and enabling them to make the world a better place.\n\nBCG Privacy Policy: https://www.bcg.com/about/privacy-policy.aspx", "website": "http://www.bcg.com", "industry": "Business Consulting and Services", "company_size": [10001, null], "company_size_on_linkedin": 36615, "hq": {"country": "US", "city": "Boston", "postal_code": "02210", "line_1": "200 Pier 4 Blvd", "is_hq": true, "state": "Massachusetts"}, "company_type": "PARTNERSHIP", "founded_year": 1963, "specialities": ["Consumer insight", "corporate development", "corporate finance", "digital economy", "globalization", "growth", "information technology", "innovation", "marketing & sales", "operations", "people & organization", "postmerger integration", "risk management", "strategy", "sustainability", "transformation", "climate"], "locations": [{"country": "US", "city": "Boston", "postal_code": "02210", "line_1": "200 Pier 4 Blvd", "is_hq": true, "state": "Massachusetts"}], "name": "Boston Consulting Group (BCG)", "tagline": "Unlocking the potential of those who advance the world", "universal_name_id": "boston-consulting-group", "profile_pic_url": "https://s3.us-west-000.backblazeb2.com/proxycurl/company/boston-consulting-group/profile?X-Amz-Algorithm=AWS4-HMAC-SHA256&X-Amz-Credential=0004d7f56a0400b0000000001%2F20241126%2Fus-west-000%2Fs3%2Faws4_request&X-Amz-Date=20241126T054227Z&X-Amz-Expires=3600&X-Amz-SignedHeaders=host&X-Amz-Signature=9657e3e677bf873c1f811bea154486a15dda86497a4610dcbbafa5cb6845ae93", "background_cover_image_url": "https://s3.us-west-000.backblazeb2.com/proxycurl/company/boston-consulting-group/cover?X-Amz-Algorithm=AWS4-HMAC-SHA256&X-Amz-Credential=0004d7f56a0400b0000000001%2F20241126%2Fus-west-000%2Fs3%2Faws4_request&X-Amz-Date=20241126T054227Z&X-Amz-Expires=3600&X-Amz-SignedHeaders=host&X-Amz-Signature=48969b7ecb7225296b197be25bbf805cabebd9c058f56cab60b2d36d136f91c0", "search_id": "1784", "similar_companies": [{"name": "McKinsey & Company", "link": "https://www.linkedin.com/company/mckinsey", "industry": "Business Consulting and Services", "location": null}, {"name": "Bain & Company", "link": "https://www.linkedin.com/company/bain-and-company", "industry": "Business Consulting and Services", "location": "Boston, MA"}, {"name": "Deloitte", "link": "https://www.linkedin.com/company/deloitte", "industry": "Business Consulting and Services", "location": null}, {"name": "EY", "link": "https://uk.linkedin.com/company/ernstandyoung", "industry": "IT Services and IT Consulting", "location": null}, {"name": "PwC", "link": "https://uk.linkedin.com/company/pwc", "industry": "Professional Services", "location": null}, {"name": "Accenture", "link": "https://ie.linkedin.com/company/accenture", "industry": "Business Consulting and Services", "location": null}, {"name": "Goldman Sachs", "link": "https://www.linkedin.com/company/goldman-sachs", "industry": "Financial Services", "location": "New York, New York"}, {"name": "Kearney", "link": "https://www.linkedin.com/company/kearney", "industry": "Business Consulting and Services", "location": "Chicago, Illinois"}, {"name": "Google", "link": "https://www.linkedin.com/company/google", "industry": "Software Development", "location": "Mountain View, CA"}, {"name": "JPMorganChase", "link": "https://www.linkedin.com/company/jpmorganchase", "industry": "Financial Services", "location": "New York, NY"}], "affiliated_companies": [{"name": "BCG X", "link": "https://www.linkedin.com/company/bcg-x", "industry": "Business Consulting and Services", "location": "Boston, Massachusetts"}, {"name": "BCG Digital Ventures", "link": "https://www.linkedin.com/company/bcg-digital-ventures", "industry": "Software Development", "location": "Manhattan Beach, California"}, {"name": "BCG on Digital and Technology", "link": "https://www.linkedin.com/showcase/bcg-on-digital-and-technology/", "industry": "Business Consulting and Services", "location": "Boston, MA"}, {"name": "BCG Platinion", "link": "https://de.linkedin.com/company/bcg-platinion", "industry": "Business Consulting and Services", "location": "Cologne, NRW"}, {"name": "BCG GAMMA", "link": "https://www.linkedin.com/company/bcg-gamma", "industry": "Business Consulting and Services", "location": "Boston, MA"}, {"name": "BCG on Energy", "link": "https://www.linkedin.com/showcase/bcg-on-energy/", "industry": "Business Consulting and Services", "location": "Boston, MA"}, {"name": "Women@BCG", "link": "https://www.linkedin.com/showcase/women-bcg/", "industry": "Business Consulting and Services", "location": "Boston, MA"}, {"name": "BCG on Social Impact", "link": "https://www.linkedin.com/showcase/bcg-on-social-impact/", "industry": "Business Consulting and Services", "location": "Boston, MA"}, {"name": "BCG on Marketing, Sales and Pricing", "link": "https://www.linkedin.com/showcase/bcg-on-marketing-sales-and-pricing/", "industry": "Business Consulting and Services", "location": "Boston, MA"}, {"name": "BCG on Transformation", "link": "https://www.linkedin.com/company/bcg-transform", "industry": "Business Consulting and Services", "location": "Boston, MA"}, {"name": "BCG on Financial Institutions", "link": "https://www.linkedin.com/showcase/bcg-on-financial-institutions/", "industry": "Business Consulting and Services", "location": "Boston, MA"}, {"name": "BCG on Corporate Finance & Strategy", "link": "https://www.linkedin.com/showcase/bcg_on_corporate_finance&strategy/", "industry": "Business Consulting and Services", "location": "Boston, MA"}, {"name": "BCG on Operations", "link": "https://www.linkedin.com/showcase/bcg-on-operations/", "industry": "Business Consulting and Services", "location": "Boston, Massachusetts"}, {"name": "BCG on People and Organization", "link": "https://www.linkedin.com/showcase/bcg-on-people-and-organization/", "industry": "Business Consulting and Services", "location": "Boston, MA"}, {"name": "BCG on M&A and Post-Merger Integration", "link": "https://www.linkedin.com/showcase/bcg_on_m&a_and_post_merger_integration/", "industry": "Business Consulting and Services", "location": "Boston, MA"}, {"name": "BCG Henderson Institute", "link": "https://www.linkedin.com/company/bcg-henderson-institute", "industry": "Think Tanks", "location": "Boston, MA"}, {"name": "BCG on Technology, Media, and Telecommunications", "link": "https://www.linkedin.com/showcase/bcg-on-technology-media-and-telecommunications/", "industry": "Business Consulting and Services", "location": "Boston, Massachusetts"}, {"name": "BCG on Health Care", "link": "https://www.linkedin.com/showcase/bcg-on-health-care/", "industry": "Business Consulting and Services", "location": "Boston, Massachusetts"}, {"name": "BCG on Insurance", "link": "https://www.linkedin.com/showcase/bcg-on-insurance/", "industry": "Business Consulting and Services", "location": "Boston, Massachusetts"}, {"name": "BCG on Industrial Goods", "link": "https://www.linkedin.com/showcase/bcg-on-industrial-goods/", "industry": "Business Consulting and Services", "location": "Boston, MA"}, {"name": "BCG on Consumer", "link": "https://www.linkedin.com/showcase/bcgonconsumer/", "industry": "Business Consulting and Services", "location": "Boston, Massachusetts"}], "updates": [{"article_link": null, "image": null, "posted_on": {"day": 12, "month": 11, "year": 2024}, "text": "The green economy represents a significant business opportunity, requiring an estimated $3 trillion to $5 trillion in annual capital investment through 2050 to achieve net zero.  \n\nWhile CEOs understand the reasons to invest in green initiatives, they often face challenges in execution. Building successful green businesses involves navigating a complex regulatory landscape, developing necessary capabilities, and overcoming financing hurdles. \n\nBy tackling these challenges head-on, first and early movers will access new value pools and improve their market position while accelerating green growth.  \n\nWe\u2019ve identified a winning combination of five key actions for forward-looking CEOs to set their company up for success.  \n\nRead more: https://on.bcg.com/48MaB9O", "total_likes": 107}, {"article_link": null, "image": "https://media.licdn.com/dms/image/v2/D4E05AQFEOnYEgI6CGA/feedshare-thumbnail_720_1280/feedshare-thumbnail_720_1280/0/1731355771131?e=2147483647&v=beta&t=gA-SvwK-Nxn6DtxsGN2joz4xbmLAm_YHdYxCOhuykZI", "posted_on": {"day": 11, "month": 11, "year": 2024}, "text": "Building on our recently announced strategic collaboration with Amazon Web Services (AWS), we look forward to joining the top cloud and tech experts from around the world at AWS re:Invent in Las Vegas.\n\nThis year\u2019s focus: turning cutting-edge innovations into impactful solutions, with cloud computing, generative AI, machine learning, data analytics, and emerging tech leading the agenda.\n\nAs a proud AWS Strategic Alliance Partner, BCG will be on-site with our delegation to engage on the future of cloud-based innovation.\n\nLearn more about our presence at AWS reInvent:  https://lnkd.in/evEvFQ7m\n\n#BCGatAWSreInvent #AWSreInvent", "total_likes": 116}, {"article_link": null, "image": "https://media.licdn.com/dms/image/v2/D4E10AQE6JNx034vfFA/image-shrink_1280/image-shrink_1280/0/1731313801238?e=2147483647&v=beta&t=h6AjnJapLVZ9Wg_jzqE8qv_v71L7gv-BDRxoEibukb0", "posted_on": {"day": 11, "month": 11, "year": 2024}, "text": "Keeping both climate and AI development goals on track is possible, but no single CEO or policymaker can do it alone. Energy companies, as well as those at the forefront of AI development and deployment, and end user companies will need to work individually and in concert to develop near-term strategies and longer-term solutions that are both climate-friendly and maintain an AI advantage.  \n\nRead how here: https://on.bcg.com/4fHbJ0B", "total_likes": 95}, {"article_link": null, "image": null, "posted_on": {"day": 10, "month": 11, "year": 2024}, "text": "At BCG, we believe that collaboration between businesses and governments is essential to drive meaningful, sustainable change for both the environment and the economy. As climate change continues to intensify\u2014with more frequent extreme weather events, rising sea levels impacting coastal areas, and growing public health challenges\u2014the importance of collective action has never been clearer. Working together unlocks innovative solutions and multiplies impact, creating a future where tackling climate change is not only achievable but also a shared success.\n \nThe 2024 UN Climate Change Conference (COP29) kicks off in Baku, Azerbaijan, uniting leaders from both the public and private sectors in solidarity for a green world. This gathering will aim to drive solutions and foster actionable commitments, with a particular focus on unlocking the finance required to translate the global pathway into national plans based on the pledges made during COP28. COP29 is crucial in setting financial goals that drive climate action, laying the groundwork for shared climate ambitions in the years ahead.\n \nTo further drive progress, we identify five topics high on our agenda this year:\n1. Collaboration: Partnerships across governments, multilateral institutions, the social sector, and businesses are vital to achieving transformational change.\n2. Finance: New financing structures can unlock capital to turn ambition into action.\n3. Energy Transition and Decarbonization: Infrastructure transformation, methane reduction, and green procurement are foundational for scaling climate solutions.\n4. Green Growth Acceleration: Expanding green businesses and fostering innovation drive sustainability and economic resilience.\n5. Adaptation and Resilience: Effective adaptation needs public-private collaboration and investment. Financing upgrades in infrastructure to tackle rising sea levels and extreme weather protects vulnerable communities and ecosystems.\n \nFind out more about BCG\u2019s insights in climate and sustainability: https://on.bcg.com/48HAHuw", "total_likes": 297}, {"article_link": null, "image": "https://media.licdn.com/dms/image/v2/D4E10AQGfCoVeortXKQ/image-shrink_1280/image-shrink_1280/0/1731157201444?e=2147483647&v=beta&t=-hm0AJX4pnFGzZ7LE2VuO0gUWSY171ElI9sGWcuXh4U", "posted_on": {"day": 10, "month": 11, "year": 2024}, "text": "Our Virtual Job Simulations are the perfect tool to give you a confidence boost during your applications and interviews. \n\nAfter completing, you will feel confident when speaking about BCG to your interviewers and more overall prepared for the process. \n\nExplore our virtual job simulations here: \n\nhttps://on.bcg.com/3NYljR9", "total_likes": 164}, {"article_link": null, "image": "https://media.licdn.com/dms/image/v2/D4E10AQFsz2L2NSuYnA/videocover-high/videocover-high/0/1731153446360?e=2147483647&v=beta&t=UxhGYkSdUDJEYu-QI1In9t8k37dKV9BIjBCczeTXIqo", "posted_on": {"day": 10, "month": 11, "year": 2024}, "text": "\"Companies and corporate leaders need to navigate, and they need to develop a geopolitical muscle.\"\n\nHere are the five exercises that companies need to do, according to Nikolaus S.  Lang, Global Leader of the BCG Henderson Institute and leader of the BCG Center for Geopolitics, in this latest #TEDatBCG talk.\n\nWatch the full talk now: https://on.bcg.com/4hRDJ3I", "total_likes": 263}, {"article_link": null, "image": "https://media.licdn.com/dms/image/v2/D4E22AQGFGvpkhU4jEg/feedshare-shrink_2048_1536/feedshare-shrink_2048_1536/0/1731090658186?e=2147483647&v=beta&t=gR_boz1P5Nyd5F2PezUI4hdyIGG1PliMKGUgeY2dAhY", "posted_on": {"day": 9, "month": 11, "year": 2024}, "text": "Announcing our new strategic collaboration with Amazon Web Services (AWS) to accelerate enterprise adoption of generative AI.\n\nThe newly signed strategic collaboration agreement cements our plans to help enterprises fast-track the deployment of Generative AI from proof of concept to large-scale, production-ready solutions. Through this collaboration, AWS and BCG will enable enterprises to leverage GenAI to transform operations, boost efficiency, and drive measurable business outcomes.\n\nDiscover more about this breakthrough collaboration in the full announcement: \non.bcg.com/BCG_AWS_SCA", "total_likes": 719}, {"article_link": null, "image": null, "posted_on": {"day": 8, "month": 11, "year": 2024}, "text": "The annual planning and budgeting process isn't as straightforward as it used to be. Today's disruptions can throw off even the most carefully thought-out budget.\n\nUp next, here are five moves that companies can make to set them up for success in 2025.", "total_likes": 983}, {"article_link": null, "image": "https://media.licdn.com/dms/image/v2/D4E10AQGfN2mnKmJlSQ/image-shrink_1280/image-shrink_1280/0/1730971800950?e=2147483647&v=beta&t=sd6ZFXsXVojRRlE3btQB3iXdVSkz-8hwjT6y0DSVGoc", "posted_on": {"day": 7, "month": 11, "year": 2024}, "text": "By 2050, 70% of people will live in urban areas, with car ownership rising to 2.4 billion. As congestion, emissions, and road safety issues intensify, cities need more than quick fixes like road expansions\u2014they need sustainable, long-term solutions. \n\nSix strategies work to reshape urban mobility, from diagnostics and digital capabilities to balancing quick wins with strategic planning and transparent communication. Our cutting-edge Digital Twin tool, City Flow by BCG X, provides city leaders a method to map out transport networks in real time, test traffic interventions, and make data-informed decisions, offering a holistic approach to sustainable urban mobility. \n\nRead more: https://on.bcg.com/4emJ7IS", "total_likes": 129}, {"article_link": null, "image": "https://media.licdn.com/dms/image/v2/D4E22AQF7u94i_W6w0g/feedshare-shrink_2048_1536/feedshare-shrink_2048_1536/0/1730716456844?e=2147483647&v=beta&t=5XjYIjd-Z3CSCr2-Bzr_9tmUL4LQQjC-iv5mjfJgURY", "posted_on": {"day": 5, "month": 11, "year": 2024}, "text": "Are companies that have entered the world of generative AI climbing the steps toward real impact, or are they stopping too soon?\n\nTwo-thirds of executives are still not satisfied with their GenAI progress, with over half expecting cost savings by year's end, according to a recent BCG survey.\n\nTo make GenAI work for you, it's time to get strategic. Focus on new revenue, cost reduction, and productivity gains\u2014these are the levers to pull for a 10-15x ROI in less than three years.\n\nFind out how to reach the top of the staircase of GenAI's full potential, starting with realistic goals and a focused roadmap: https://lnkd.in/eXQCsb89", "total_likes": 1393}], "follower_count": 4648735, "acquisitions": null, "exit_data": null, "extra": null, "funding_data": [], "categories": null, "customer_list": null}
