{"linkedin_internal_id": "27135632", "description": "Celebal Technologies is a premier software services company in the field of Data Science, Big Data and Enterprise Cloud. Celebal Technologies helps you to discover the competitive advantage by employing intelligent data solutions using cutting-edge technology solutions that can bring massive value to your organization. The core offerings are around \"Data to Intelligence\", wherein we leverage data to extract intelligence and patterns thereby facilitating smarter and quicker decision making for clients.\n\nCelebal Technologies solutions are powered by Robotics, Artificial Intelligence and Machine Learning algorithms which offer improved business efficiency in the interconnected world. Companies clients are Product ISVs and delivery organisations across the globe who use our niche expertise in product development as well as Enterprise project implementations. We have adopted the highest standards of service quality and operational excellence, enabling its clients across a wide range of industries to transform into a data-driven enterprise. Our tailor-made solutions help enterprises maximise productivity, improve speed and accuracy.\n\nOur adept team industry experts have strong expertise in various industry-standard technologies along with niche emerging areas including Blockchain, Analytics & Visualization, IoT, Chatbot, Data Science- AI & ML. We have hands-on experience in developing and performing supply chain analytics and media greenlighting solutions, connect the dots across data pits for generating actionable insights. We help modernize legacy and on-premise applications by leveraging modern cloud paradigms such as Microservices, Advance Analytics, API Management and other Cloud-native services.\n\nWith Celebal Technologies, who understands the core value of modern analytics over the enterprise, we help the business in improving business intelligence and more data-driven in architecting solutions. Our analytics team caters to ad-hoc and defined business analytics", "website": "http://celebaltech.com/", "industry": "Information Technology and Services", "company_size": [1001, 5000], "company_size_on_linkedin": 2859, "hq": {"country": "IN", "city": "Jaipur", "postal_code": "302017", "line_1": "Corporate Tower, JLN Marg", "is_hq": true, "state": "Rajasthan"}, "company_type": "PRIVATELY_HELD", "founded_year": 2015, "specialities": ["Machine Learning", "Artificial Intelligence", "Big Data", "Azure", "Business Intelligence", "Microsoft Dynamics 365", "Power BI", "InternetOfThings", "ChatBot", "EnterpriseBots", "MicrosoftTeams", "DeepLearning", "NLP", "Supply Chain Analytics", "DC Migration", "SAP on Azure", "Power Apps", "SAP on Cloud", "Intelligent Enterprise", "App Modernization", "Cloud Innovation", "Enterprise Cloud"], "locations": [{"country": "IN", "city": "Jaipur", "postal_code": "302017", "line_1": "Corporate Tower, JLN Marg", "is_hq": true, "state": "Rajasthan"}, {"country": "SG", "city": "Singapore", "postal_code": "408726", "line_1": "6 UBI ROAD 1 #07-10 WINTECH CENTRE SINGAPORE (408726)", "is_hq": false, "state": "Singapore"}, {"country": "US", "city": "Houston", "postal_code": "22003", "line_1": "USA 22003 Oakcreek Hollow ln", "is_hq": false, "state": "Texas"}], "name": "Celebal Technologies", "tagline": "Traditional Enterprise meets Modern Cloud Innovation", "universal_name_id": "celebaltechnologies", "profile_pic_url": "https://s3.us-west-000.backblazeb2.com/proxycurl/company/celebaltechnologies/profile?X-Amz-Algorithm=AWS4-HMAC-SHA256&X-Amz-Credential=0004d7f56a0400b0000000001%2F20241126%2Fus-west-000%2Fs3%2Faws4_request&X-Amz-Date=20241126T055825Z&X-Amz-Expires=3600&X-Amz-SignedHeaders=host&X-Amz-Signature=28152fa6807409dc8308bf370ca720169de9b1920a8b8f546a2a3d08c4619b3e", "background_cover_image_url": "https://s3.us-west-000.backblazeb2.com/proxycurl/company/celebaltechnologies/cover?X-Amz-Algorithm=AWS4-HMAC-SHA256&X-Amz-Credential=0004d7f56a0400b0000000001%2F20241126%2Fus-west-000%2Fs3%2Faws4_request&X-Amz-Date=20241126T055825Z&X-Amz-Expires=3600&X-Amz-SignedHeaders=host&X-Amz-Signature=b505f2ff1af0afac76f4ecb720ab77b1e4a52c72ba9b72c2dc6a4fe167901978", "search_id": "27135632", "similar_companies": [{"name": "Metacube Software Pvt Ltd", "link": "https://in.linkedin.com/company/metacube", "industry": "Software Development", "location": "Jaipur, Rajasthan"}, {"name": "Dotsquares", "link": "https://uk.linkedin.com/company/dotsquares", "industry": "Information Technology & Services", "location": "London, England"}, {"name": "Cyntexa", "link": "https://in.linkedin.com/company/cyntexa", "industry": "IT Services and IT Consulting", "location": "San Francisco, California"}, {"name": "Pratham Software (PSI)", "link": "https://www.linkedin.com/company/pratham-software-inc", "industry": "IT Services and IT Consulting", "location": "Cupertino, California"}, {"name": "In Time Tec", "link": "https://www.linkedin.com/company/in-time-tec", "industry": "Software Development", "location": "Meridian, ID"}, {"name": "Nagarro", "link": "https://de.linkedin.com/company/nagarro", "industry": "IT Services and IT Consulting", "location": null}, {"name": "A3Logics", "link": "https://in.linkedin.com/company/a3logic", "industry": "IT Services and IT Consulting", "location": "Carlsbad, California"}, {"name": "Ranosys", "link": "https://sg.linkedin.com/company/ranosys", "industry": "IT Services and IT Consulting", "location": "Singapore, Singapore"}, {"name": "The NineHertz", "link": "https://in.linkedin.com/company/nine-hertz-india-pvt-ltd-", "industry": "IT Services and IT Consulting", "location": "Jaipur, Rajasthan"}, {"name": "Deloitte", "link": "https://www.linkedin.com/company/deloitte", "industry": "Business Consulting and Services", "location": null}], "affiliated_companies": [], "updates": [{"article_link": null, "image": "https://media.licdn.com/dms/image/v2/D5622AQFGTUBv4tc46Q/feedshare-shrink_800/feedshare-shrink_800/0/1732022062655?e=2147483647&v=beta&t=RiTmL4Bi4f3KbzZ1LZZgnh7ibcOuF1fWirWiJT5bB78", "posted_on": {"day": 19, "month": 11, "year": 2024}, "text": "\ud835\uddd6\ud835\uddf2\ud835\uddf9\ud835\uddf2\ud835\uddef\ud835\uddee\ud835\uddf9 \ud835\udde7\ud835\uddf2\ud835\uddf0\ud835\uddf5\ud835\uddfb\ud835\uddfc\ud835\uddf9\ud835\uddfc\ud835\uddf4\ud835\uddf6\ud835\uddf2\ud835\ude00 \ud835\uddf5\ud835\uddee\ud835\ude00 \ud835\uddf7\ud835\ude02\ud835\ude00\ud835\ude01 \ud835\uddf9\ud835\uddee\ud835\uddfb\ud835\uddf1\ud835\uddf2\ud835\uddf1 \ud835\uddf6\ud835\uddfb \ud835\ude01\ud835\uddf5\ud835\uddf2 \ud835\uddea\ud835\uddf6\ud835\uddfb\ud835\uddf1\ud835\ude06 \ud835\uddd6\ud835\uddf6\ud835\ude01\ud835\ude06, \ud835\uddee\ud835\uddfb\ud835\uddf1 \ud835\ude04\ud835\uddf2\u2019\ud835\uddff\ud835\uddf2 \ud835\uddee\ud835\uddf9\ud835\uddff\ud835\uddf2\ud835\uddee\ud835\uddf1\ud835\ude06 \ud835\uddf3\ud835\uddf2\ud835\uddf2\ud835\uddf9\ud835\uddf6\ud835\uddfb\ud835\uddf4 \ud835\ude01\ud835\uddf5\ud835\uddf2 \ud835\uddf2\ud835\ude05\ud835\uddf0\ud835\uddf6\ud835\ude01\ud835\uddf2\ud835\uddfa\ud835\uddf2\ud835\uddfb\ud835\ude01 \ud835\uddfc\ud835\uddf3 #\ud835\udde0\ud835\uddf6\ud835\uddf0\ud835\uddff\ud835\uddfc\ud835\ude00\ud835\uddfc\ud835\uddf3\ud835\ude01\ud835\udddc\ud835\uddf4\ud835\uddfb\ud835\uddf6\ud835\ude01\ud835\uddf2\ud835\udfee\ud835\udfec\ud835\udfee\ud835\udff0!  \n\nThe discussions here are all about the latest advancements in AI transformation, modernization, multicloud innovation, and data security\u2014all crucial themes that resonate deeply with our mission at Celebal Technologies.  \n\nWe are particularly looking forward to the conversations around #ResponsibleAI and its role in enhancing #cybersecurity while navigating today\u2019s challenges. Meet our team of experts who are all set to showcase our tailored solutions to streamline operations and enable smarter data-driven decision-making. \n\nIf you\u2019re here in Chicago, let\u2019s connect! We\u2019d love to chat about how we can leverage #AI adoption, #cloud migration, and #governance strategies to drive real enterprise growth.  \n\nSo, who's with us for #MSIgnite? Let\u2019s make it happen!    \n\n\nAnupam Gupta | Anirudh Kala | Orod Arbabzadeh I Jayanta (Jay) Banerjee I Dhruv Sharma I Udayan Saxena I Lance Nurick I Abhishek Parti I Abhishek Goyal | Abhinav Chawla | ASHOK KUMAR | Tanya A. | Harsh Upadhyay | Anshuman Tiwari | Suchit Sharma | Varun Agarwal\n\n\n#CloudComputing #ArtificialIntelligence #MachineLearning #DataScience #AIInnovation #CloudAI #DigitalTransformation #TechTrends #FutureOfWork #Cybersecurity #DataManagement #DataStrategy #DataIntelligence #AI #BigData #TechInnovation #ERP #SupplyChain", "total_likes": 33}, {"article_link": null, "image": "https://media.licdn.com/dms/image/v2/D5622AQHad15w3TDfyQ/feedshare-shrink_800/feedshare-shrink_800/0/1732005321834?e=2147483647&v=beta&t=jSc13uuh9APN_x7G423gLSYheIwl8Jto1lNSSTOGObg", "posted_on": {"day": 19, "month": 11, "year": 2024}, "text": "The \ud835\uddd7\ud835\uddd4\ud835\udddc\ud835\uddea\ud835\udde7 \ud835\udfee\ud835\udfec\ud835\udfee\ud835\udff0 is setting new benchmarks for achieving Data & AI excellence, and Zurich is going to be another turning point because our solution experts are here to deliver next-gen capabilities across industries today! \n\nOur unique industry data models around #SmartManufacturing, #SupplyChainAnalytics, #IoTDeviceAnalytics, #SentimentAnalytics, and more are pushing the boundaries of what's possible in driving operational efficiency and transforming data into actionable insights across the digital realm.  \n\nSo, what\u2019s stopping you from accelerating intelligent decision-making for your enterprise? \ud835\udde6\ud835\uddf0\ud835\uddf5\ud835\uddf2\ud835\uddf1\ud835\ude02\ud835\uddf9\ud835\uddf2 \ud835\uddee \ud835\uddfa\ud835\uddf2\ud835\uddf2\ud835\ude01\ud835\uddf6\ud835\uddfb\ud835\uddf4 & \ud835\uddf0\ud835\uddfc\ud835\uddfb\ud835\uddfb\ud835\uddf2\ud835\uddf0\ud835\ude01 \ud835\ude04\ud835\uddf6\ud835\ude01\ud835\uddf5 \ud835\uddfc\ud835\ude02\ud835\uddff \ud835\ude00\ud835\uddfd\ud835\uddf2\ud835\uddf0\ud835\uddf6\ud835\uddee\ud835\uddf9\ud835\uddf6\ud835\ude00\ud835\ude01\ud835\ude00 \ud835\uddee\ud835\ude01 \ud835\uddd5\ud835\uddfc\ud835\uddfc\ud835\ude01\ud835\uddf5 \ud835\udde1\ud835\uddfc.\ud835\udfed\ud835\udfee \ud835\ude01\ud835\uddfc\ud835\uddf1\ud835\uddee\ud835\ude06 \ud835\uddee\ud835\ude01 \ud835\udddd\ud835\uddd8\ud835\uddd7 \ud835\uddd8\ud835\ude03\ud835\uddf2\ud835\uddfb\ud835\ude01\ud835\ude00, \ud835\udded\ud835\ude02\ud835\uddff\ud835\uddf6\ud835\uddf0\ud835\uddf5 \ud835\uddfb\ud835\uddfc\ud835\ude04! https://lnkd.in/gjHXckte \n\n\nAnupam Gupta | Anirudh Kala | Sachin Pai | Bala Amavasai | Anurag Agrawal | Piyush Gupta | Ayush Jain | Rohan Garg | Sharthak Acharjee | Luv L. | Lynne Bailey | Michael N\u00f6sges | Matthias Ingerfeld | Sarah Scholz | Felix Mutzl | Nehm\u00e9 TOHM\u00c9 | Natalia Hern\u00e1ndez De la Mora | Vlad Cristian M. | Alexander Genser | Piotr Majer | Sebastian Kollmann\n\n\n#databricks #CloudComputing #ArtificialIntelligence #MachineLearning #DataScience #AIInnovation #CloudAI #DigitalTransformation #TechTrends #FutureOfWork #Cybersecurity #DataManagement #DataStrategy #DataIntelligence #AI #BigData #TechInnovation #ERP #SupplyChain", "total_likes": 56}, {"article_link": null, "image": "https://media.licdn.com/dms/image/v2/D5622AQEFjX3BxFFWSw/feedshare-shrink_800/feedshare-shrink_800/0/1731936478739?e=2147483647&v=beta&t=iDn9NUlIXaNKvevTXe52ISCnc8zkQ7gKisZbHUS2llA", "posted_on": {"day": 19, "month": 11, "year": 2024}, "text": "\ud835\uddda\ud835\uddff\ud835\uddee\ud835\uddf0\ud835\uddf6\ud835\uddee\ud835\ude00 \ud835\udde0\ud835\uddee\ud835\uddf1\ud835\uddff\ud835\uddf6\ud835\uddf1, \ud835\ude06\ud835\uddfc\ud835\ude02 \ud835\ude04\ud835\uddf2\ud835\uddff\ud835\uddf2 \ud835\ude02\ud835\uddfb\ud835\uddf3\ud835\uddfc\ud835\uddff\ud835\uddf4\ud835\uddf2\ud835\ude01\ud835\ude01\ud835\uddee\ud835\uddef\ud835\uddf9\ud835\uddf2!  \n \nThis #DAIWT2024 stop was a powerful celebration of innovation and collaboration, bringing together thousands of data enthusiasts, visionaries, and industry leaders. Our solution experts' deep insights on #GenerativeAI, #SAPDataModernization, #EDWMigration, and #UCMigration showcased our mastery in simplifying complex #DataEcosystems. The energy and excitement from the event reaffirmed our dedication to modernizing #LegacySystems, driving seamless cloud migrations, and delivering transformative impact on a global scale. \n\nLastly, a heartfelt appreciation to the entire Databricks team for organizing such a comprehensive & impactful global gathering\u2014truly paving the way for the future of data and AI! \n\nP.S. We\u2019re excited for the journey ahead and can\u2019t wait to continue the momentum at our upcoming #DAIWT stops in Zurich & Paris. Check out Celebal Technologies' full schedule & stay tuned for more opportunities to create success stories together! https://lnkd.in/gjHXckte \n\n\nAnupam Gupta | Anirudh Kala | Bala Amavasai | Sharthak Acharjee | Luv L. | Manan Tholia | Ari Kaplan | Iain Humphries | Sergio Garcia Desplat | Patricia Novo Garc\u00eda | Luis Herrera | Lorenzo Rubio | Arduino Cascella | Jos\u00e9 Rub\u00e9n Alfonso Garc\u00eda | Timo Roest | Thibault Delfaud | Miguel Peralvo | Lynne Bailey\n\n\n#databricks #CloudComputing #ArtificialIntelligence #MachineLearning #DataScience #AIInnovation #CloudAI #DigitalTransformation #TechTrends #FutureOfWork #Cybersecurity #DataManagement #DataStrategy #DataIntelligence #AI #BigData #TechInnovation #ERP #SupplyChain", "total_likes": 197}, {"article_link": null, "image": "https://media.licdn.com/dms/image/v2/D5605AQGue-MhotUbIQ/videocover-high/videocover-high/0/1731924083990?e=2147483647&v=beta&t=Ws5NULW2VPQ7dwnrnYq5AVRM8WCOjczzghUNlqkFyCU", "posted_on": {"day": 19, "month": 11, "year": 2024}, "text": "\ud835\udddd\ud835\uddfc\ud835\uddf6\ud835\uddfb \ud835\udde8\ud835\ude00 \ud835\uddf6\ud835\uddfb \ud835\udded\ud835\ude02\ud835\uddff\ud835\uddf6\ud835\uddf0\ud835\uddf5 \ud835\uddf3\ud835\uddfc\ud835\uddff #\ud835\uddd7\ud835\uddd4\ud835\udddc\ud835\uddea\ud835\udde7 \ud835\ude01\ud835\uddfc \ud835\udde5\ud835\uddf2\ud835\uddf6\ud835\uddfa\ud835\uddee\ud835\uddf4\ud835\uddf6\ud835\uddfb\ud835\uddf2 \ud835\uddec\ud835\uddfc\ud835\ude02\ud835\uddff \ud835\uddd7\ud835\uddee\ud835\ude01\ud835\uddee \ud835\udde6\ud835\ude01\ud835\uddff\ud835\uddee\ud835\ude01\ud835\uddf2\ud835\uddf4\ud835\ude06 \ud835\uddf3\ud835\uddfc\ud835\uddff \ud835\udde0\ud835\uddee\ud835\ude05\ud835\uddf6\ud835\uddfa\ud835\ude02\ud835\uddfa \ud835\udde2\ud835\uddfd\ud835\uddf2\ud835\uddff\ud835\uddee\ud835\ude01\ud835\uddf6\ud835\uddfc\ud835\uddfb\ud835\uddee\ud835\uddf9 \ud835\udddc\ud835\uddfa\ud835\uddfd\ud835\uddee\ud835\uddf0\ud835\ude01! \n\nOur technical solution architects are preparing for the next stop of the \ud835\uddd7\ud835\uddee\ud835\ude01\ud835\uddee+\ud835\uddd4\ud835\udddc \ud835\uddea\ud835\uddfc\ud835\uddff\ud835\uddf9\ud835\uddf1 \ud835\udde7\ud835\uddfc\ud835\ude02\ud835\uddff at \ud835\udddd\ud835\uddd8\ud835\uddd7 \ud835\uddd8\ud835\ude03\ud835\uddf2\ud835\uddfb\ud835\ude01\ud835\ude00, \ud835\udded\ud835\ude02\ud835\uddff\ud835\uddf6\ud835\uddf0\ud835\uddf5 tomorrow! \n\nWith the countdown underway, make sure to explore our advanced integration techniques that unify #DataLakes and #DataWarehouses for real-time reporting and advanced business intelligence. Meet our in-demand experts at \ud835\uddef\ud835\uddfc\ud835\uddfc\ud835\ude01\ud835\uddf5 \ud835\uddfb\ud835\uddfc. \ud835\udfed\ud835\udfee to discover how our #GenAI capabilities streamline #EnterpriseGradeModels, simplify data consolidation, and enhance management across diverse sources. Additionally, learn how we unify these models within a powerful #MLOps framework, ensuring scalability & operational efficiency for your enterprise. \n\nGet ready to advance your #EnterpriseOperations with Celebal Technologies\u2013 your ultimate partner in driving data-powered decisions and next-level intelligent automation. \n\nAccess our full tour schedule here: https://lnkd.in/gjHXckte \n\n\nAnupam Gupta | Anirudh Kala | Sachin Pai | Bala Amavasai | Anurag Agrawal | Piyush Gupta | Ayush Jain | Rohan Garg | Sharthak Acharjee | Luv L. | Lynne Bailey | Michael N\u00f6sges | Matthias Ingerfeld | Sarah Scholz | Felix Mutzl | Nehm\u00e9 TOHM\u00c9 | Natalia Hern\u00e1ndez De la Mora | Vlad Cristian M. | Alexander Genser | Piotr Majer | Sebastian Kollmann\n\n\n#BigData #DAIWT #DataStrategy #OperationalImpact #DataLakes #DataWarehouses #BusinessIntelligence #GenAI #EnterpriseGradeModels #DataConsolidation #MLOps #EnterpriseOperations #TechConference #DataDriven #IntelligentAutomation #CelebalTech #AIWorldTour #NextLevelInnovation #TechSolutions #DataOptimization #AIInBusiness #TechExperts", "total_likes": 49}, {"article_link": null, "image": "https://media.licdn.com/dms/image/v2/D5622AQGYj_79otNXfA/feedshare-shrink_800/feedshare-shrink_800/0/1731910488142?e=2147483647&v=beta&t=XVY5BH5jB0WhwTtSZSUoGVbaJteA5Uja6W7Ffa0hYtk", "posted_on": {"day": 19, "month": 11, "year": 2024}, "text": "\ud835\udde7\ud835\uddff\ud835\uddee\ud835\uddfb\ud835\ude00\ud835\uddf3\ud835\uddfc\ud835\uddff\ud835\uddfa \ud835\uddec\ud835\uddfc\ud835\ude02\ud835\uddff \ud835\uddd7\ud835\uddee\ud835\ude01\ud835\uddee \ud835\udddd\ud835\uddfc\ud835\ude02\ud835\uddff\ud835\uddfb\ud835\uddf2\ud835\ude06 \ud835\ude04\ud835\uddf6\ud835\ude01\ud835\uddf5 Celebal Technologies \ud835\uddee\ud835\ude01 \ud835\ude01\ud835\uddf5\ud835\uddf2 \ud835\uddd7\ud835\uddee\ud835\ude01\ud835\uddee\ud835\uddef\ud835\uddff\ud835\uddf6\ud835\uddf0\ud835\uddf8\ud835\ude00 \ud835\udde8\ud835\ude00\ud835\uddf2\ud835\uddff \ud835\uddda\ud835\uddff\ud835\uddfc\ud835\ude02\ud835\uddfd \ud835\uddf6\ud835\uddfb \ud835\udde6\ud835\ude01\ud835\ude02\ud835\ude01\ud835\ude01\ud835\uddf4\ud835\uddee\ud835\uddff\ud835\ude01! \n\nWe are thrilled to collaborate with Databricks for an inclusive in-person event on November 21st, 2024, in Eberhardstra\u00dfe, Stuttgart, uniting #data visionaries, industry leaders, and tech enthusiasts for an insightful experience. \n\nJoin us & discover how Databricks #AssetBundles are speeding up data application development and explore the power of #DeltaLake\u2019s #ACIDTransactions for consistent, high-performance data processing. Connect with us at this valuable networking opportunity to explore our expertise in building scalable #ETLPipelines, integrating SAP data, and driving actionable insights through hands-on experience and innovation.\n\nLet\u2019s #innovate, #learn, and advance your #digitaltransformation journey together! \nRegister now: https://lnkd.in/gHzE_PbK\n\n\nAnupam Gupta | Anirudh Kala | Raman J S Dhooria | Piyush Gupta | Bala Amavasai | Ryan Messina | Anurag Agrawal | Mandar Gokhale | Manan Tholia | Max K\u00f6hler | \u2022 Andreas Limpak | Sachin Pai | Bharat S. | Sharthak Acharjee | Ante Borau | Ayush Jain | Luv L. | Rohan Garg | Mohit Bhatia | Kunal Asudani | Dhruv Sharma\n\n\n#DataJourney #DataInnovation #AIpowered #DataTransformation #DigitalTransformation #DataAnalytics #DeltaLake #ACIDTransactions #ETLPipelines #SAPIntegration #DataInsights #NetworkingOpportunity #DatabricksUserGroup #TechEvent #FutureOfData #DataSolutions #LearnAndInnovate #Databricks #CelebalTechnologies #StuttgartEvent #DatabricksUserGroup #LakehouseArchitecture", "total_likes": 73}, {"article_link": null, "image": "https://media.licdn.com/dms/image/v2/D5622AQF1tfeMYVIj9A/feedshare-shrink_800/feedshare-shrink_800/0/1731664054761?e=2147483647&v=beta&t=jP0N5lVBBED1JqgUUrGCL8DXWTUDkscnczzvmP8dI78", "posted_on": {"day": 16, "month": 11, "year": 2024}, "text": "\ud835\udde7\ud835\uddff\ud835\uddee\ud835\uddfb\ud835\ude00\ud835\uddf3\ud835\uddfc\ud835\uddff\ud835\uddfa \ud835\uddec\ud835\uddfc\ud835\ude02\ud835\uddff \ud835\uddd4\ud835\udddc \ud835\udddd\ud835\uddfc\ud835\ude02\ud835\uddff\ud835\uddfb\ud835\uddf2\ud835\ude06 \ud835\uddee\ud835\ude01 \ud835\udde0\ud835\uddf6\ud835\uddf0\ud835\uddff\ud835\uddfc\ud835\ude00\ud835\uddfc\ud835\uddf3\ud835\ude01 \ud835\udddc\ud835\uddf4\ud835\uddfb\ud835\uddf6\ud835\ude01\ud835\uddf2 \u2013 \ud835\udddd\ud835\uddfc\ud835\uddf6\ud835\uddfb \ud835\uddd6\ud835\uddf2\ud835\uddf9\ud835\uddf2\ud835\uddef\ud835\uddee\ud835\uddf9 \ud835\udde7\ud835\uddf2\ud835\uddf0\ud835\uddf5 \ud835\uddf3\ud835\uddfc\ud835\uddff \ud835\uddee\ud835\uddfb \ud835\uddd8\ud835\ude05\ud835\uddf0\ud835\uddf9\ud835\ude02\ud835\ude00\ud835\uddf6\ud835\ude03\ud835\uddf2 \ud835\uddd8\ud835\ude05\ud835\uddfd\ud835\uddf2\ud835\uddff\ud835\uddf6\ud835\uddf2\ud835\uddfb\ud835\uddf0\ud835\uddf2! \n \nAs proud recipients of Microsoft\u2019s AI Partner of the Year, India, 2024, we invite you to connect with us at McCormick Place West from \ud835\udde1\ud835\uddfc\ud835\ude03\ud835\uddf2\ud835\uddfa\ud835\uddef\ud835\uddf2\ud835\uddff \ud835\udfed\ud835\udff5\u2013\ud835\udfee\ud835\udfee, \ud835\udfee\ud835\udfec\ud835\udfee\ud835\udff0 for #MicrosoftIgnite to streamline every aspect of your data journey. Join our solution experts to deep dive into our advanced services & accelerators powered by Microsoft which can: \n \n\u2022 Empower your enterprise with data-driven solutions at scale using our #AzureMachineLearning capabilities, optimizing your entire #MLLifecycle for smarter decision-making. \n\u2022 Enhance your data functionality & control through our #MicrosoftFabric expertise enabling real-time data processing & advanced analytics. \n\u2022 Refine your workflows via our hands on experience around #Microsoft365Copilot, driving innovation and delivering impactful results. \n\u2022 Integrate your analytics across big data and data warehousing via our competence in #AzureSynapse, opening powerful insights for your enterprise. \n\u2022 Strengthen your data security with our advanced #PowerPlatform expertise, driving efficiency and innovation while ensuring governance.  \n \nOpen doors to next-level scalability, security, & intelligence. Engage with us at this exclusive innovation & tech summit! \n\n\nAnupam Gupta | Anirudh Kala | Orod Arbabzadeh I Jayanta (Jay) Banerjee I Dhruv Sharma I Udayan Saxena I Lance Nurick I Abhishek Parti I Abhishek Goyal | Abhinav Chawla | ASHOK KUMAR | Tanya A. | Harsh Upadhyay | Anshuman Tiwari | Suchit Sharma | Varun Agarwal \n\n\n#AIJourney #CelebalTech #AzureMachineLearning #DataDriven #MLLifecycle #MicrosoftFabric #RealTimeData #AdvancedAnalytics #Microsoft365Copilot #Innovation #AzureSynapse #DataWarehousing #PowerPlatform #DataSecurity #TechSummit #NextLevelScalability #DataGovernance #AIExcellence #TechTransformation", "total_likes": 49}, {"article_link": null, "image": "https://media.licdn.com/dms/image/v2/D5622AQEtgm_-WZxsvQ/feedshare-shrink_800/feedshare-shrink_800/0/1731656083381?e=2147483647&v=beta&t=Z9oUGLxDROqLtQiBY-QP_8ZxoQFJ4pmx5m8-c138KRE", "posted_on": {"day": 16, "month": 11, "year": 2024}, "text": "\ud835\uddd6\ud835\uddf2\ud835\uddf9\ud835\uddf2\ud835\uddef\ud835\uddff\ud835\uddee\ud835\ude01\ud835\uddf6\ud835\uddfb\ud835\uddf4 \ud835\udff4 \ud835\uddec\ud835\uddf2\ud835\uddee\ud835\uddff\ud835\ude00 \ud835\uddfc\ud835\uddf3 \ud835\uddd8\ud835\ude05\ud835\uddf0\ud835\uddf2\ud835\uddf9\ud835\uddf9\ud835\uddf2\ud835\uddfb\ud835\uddf0\ud835\uddf2 \ud835\uddee\ud835\ude01 \ud835\uddd6\ud835\uddf2\ud835\uddf9\ud835\uddf2\ud835\uddef\ud835\uddee\ud835\uddf9 \ud835\udde7\ud835\uddf2\ud835\uddf0\ud835\uddf5\ud835\uddfb\ud835\uddfc\ud835\uddf9\ud835\uddfc\ud835\uddf4\ud835\uddf6\ud835\uddf2\ud835\ude00! \n\nWe are excited to mark our \ud835\udff4-\ud835\ude06\ud835\uddf2\ud835\uddee\ud835\uddff \ud835\uddf7\ud835\uddfc\ud835\ude02\ud835\uddff\ud835\uddfb\ud835\uddf2\ud835\ude06, where the Celebal Technologies Jaipur team truly brought the house down at this year\u2019s #AnnualCelebration! With \ud835\udfed\ud835\udfee\ud835\udfec\ud835\udfec+ \ud835\uddf2\ud835\uddfa\ud835\uddfd\ud835\uddf9\ud835\uddfc\ud835\ude06\ud835\uddf2\ud835\uddf2\ud835\ude00 and \ud835\udfed\ud835\udfec\ud835\udfec \ud835\uddf4\ud835\ude02\ud835\uddf2\ud835\ude00\ud835\ude01\ud835\ude00 in attendance, it was a grand event that showcased our growth and success.\n\nThe evening kicked off with a delightful High Tea & Networking event that set the tone for the day. A highlight was the \ud835\uddd9\ud835\uddf6\ud835\uddff\ud835\uddf2\ud835\ude00\ud835\uddf6\ud835\uddf1\ud835\uddf2 \ud835\uddd6\ud835\uddf5\ud835\uddee\ud835\ude01 featuring Anirudh Kala, Anupam Gupta, and Shiv Chaudhary, whose experiences and insights motivated our employees to strive for excellence in their work.\n\nAdding to the excitement, the incredibly talented \ud835\uddd4\ud835\uddfb\ud835\ude02\ud835\uddef\ud835\uddf5\ud835\uddee\ud835\ude03 \ud835\udde6\ud835\uddf6\ud835\uddfb\ud835\uddf4\ud835\uddf5 \ud835\uddd5\ud835\uddee\ud835\ude00\ud835\ude00\ud835\uddf6 gave an amazing performance that created a lively atmosphere. This was followed by engaging activities, including a fun \ud835\uddfd\ud835\uddf5\ud835\uddfc\ud835\ude01\ud835\uddfc \ud835\uddef\ud835\uddfc\ud835\uddfc\ud835\ude01\ud835\uddf5 and \ud835\ude03\ud835\uddf6\ud835\uddef\ud835\uddff\ud835\uddee\ud835\uddfb\ud835\ude01 \ud835\uddf1\ud835\uddee\ud835\uddfb\ud835\uddf0\ud835\uddf2 \ud835\uddfd\ud835\uddf2\ud835\uddff\ud835\uddf3\ud835\uddfc\ud835\uddff\ud835\uddfa\ud835\uddee\ud835\uddfb\ud835\uddf0\ud835\uddf2\ud835\ude00 that showcased our team\u2019s talent.\n\nWe also held a heartfelt \ud835\udde5&\ud835\udde5 \ud835\uddf0\ud835\uddf2\ud835\uddff\ud835\uddf2\ud835\uddfa\ud835\uddfc\ud835\uddfb\ud835\ude06 to honor our dedicated #Celebalites for their hard work and contributions and enjoyed a delicious dinner that brought everyone together.\n\nA huge thank you to everyone who participated and made this event such a success. Here\u2019s to many more wonderful gatherings as we continue to grow and succeed together!\n\n\nHemant Mathur | Yashwant Singh Shekhawat | MANASHVEE . | Divya Bhati | Mitali Agrawal | Jyoti Joshi | Neha Shekhawat | Anurag Y. | Manya Choudhary | Aryan Sharma | Vidhi Sharma |  Sakshi Shejwal | Divakar Sharma | Rahul Sharma | Gaurav Modi | Sneh Jain | Rohan S. | Pranjal Gupta | Vineet Kumar | Himanshu Trilokani | Abhishek Parti | Jatin Arora | Saloni Mathur | Anshu Agrawal | Abhishek Goyal | Ayush Jain | Ashish Jain | Vijay Sharma | Rohit Rajput | Muskan Khatnani | Abhishek Jarwal | Akshay Agarwal | Rahul Saini | Kinjal Chhaparwal | Harshita Khandelwal | Anant Pandey\n\n\n#TechCommunity #WorkLifeBalance #FunAtWork #CelebalPune #AnnualMeet2024 #Celebration #LifeAtCelebal #BoldnessAndGrowth #TeamCelebration #EmployeeEngagement #DynamicCulture #VibrantWorkplace #CelebratingSuccess #CareerOpportunities #ElectricMusic #UniqueDelicacies", "total_likes": 719}, {"article_link": null, "image": "https://media.licdn.com/dms/image/v2/D5605AQHoV5O0uSnWyQ/videocover-high/videocover-high/0/1731565989375?e=2147483647&v=beta&t=1RkMkE3m8Za51TpkkaufKHqk9Ea3M5xMOZNbHKKfUUc", "posted_on": {"day": 15, "month": 11, "year": 2024}, "text": "\ud835\uddd9\ud835\uddff\ud835\uddfc\ud835\uddfa \ud835\uddd4\ud835\ude00\ud835\uddf6\ud835\uddee\u2019\ud835\ude00 \ud835\ude03\ud835\uddf6\ud835\uddef\ud835\uddff\ud835\uddee\ud835\uddfb\ud835\ude01 \ud835\uddf5\ud835\ude02\ud835\uddef\ud835\ude00 \ud835\ude01\ud835\uddfc \ud835\udde1\ud835\uddfc\ud835\uddff\ud835\ude01\ud835\uddf5 \ud835\uddd4\ud835\uddfa\ud835\uddf2\ud835\uddff\ud835\uddf6\ud835\uddf0\ud835\uddee\u2019\ud835\ude00 \ud835\uddf6\ud835\uddfb\ud835\uddfb\ud835\uddfc\ud835\ude03\ud835\uddee\ud835\ude01\ud835\uddf6\ud835\uddfc\ud835\uddfb \ud835\uddf0\ud835\uddf2\ud835\uddfb\ud835\ude01\ud835\uddf2\ud835\uddff\ud835\ude00 \ud835\uddee\ud835\uddfb\ud835\uddf1 \ud835\uddd8\ud835\ude02\ud835\uddff\ud835\uddfc\ud835\uddfd\ud835\uddf2\u2019\ud835\ude00 \ud835\uddf5\ud835\uddf6\ud835\ude00\ud835\ude01\ud835\uddfc\ud835\uddff\ud835\uddf6\ud835\uddf0 \ud835\uddf5\ud835\uddf2\ud835\uddee\ud835\uddff\ud835\ude01, \ud835\ude04\ud835\uddf2\u2019\ud835\uddff\ud835\uddf2 \ud835\uddf1\ud835\uddf2\ud835\uddf9\ud835\uddf6\ud835\ude03\ud835\uddf2\ud835\uddff\ud835\uddf6\ud835\uddfb\ud835\uddf4 \ud835\ude01\ud835\uddff\ud835\uddee\ud835\uddfb\ud835\ude00\ud835\uddf3\ud835\uddfc\ud835\uddff\ud835\uddfa\ud835\uddee\ud835\ude01\ud835\uddf6\ud835\ude03\ud835\uddf2 \ud835\uddf1\ud835\uddee\ud835\ude01\ud835\uddee \ud835\uddee\ud835\uddfb\ud835\uddf1 \ud835\uddd4\ud835\udddc \ud835\ude00\ud835\uddfc\ud835\uddf9\ud835\ude02\ud835\ude01\ud835\uddf6\ud835\uddfc\ud835\uddfb\ud835\ude00 \ud835\uddff\ud835\uddf6\ud835\uddf4\ud835\uddf5\ud835\ude01 \ud835\uddee\ud835\ude01 \ud835\ude06\ud835\uddfc\ud835\ude02\ud835\uddff \ud835\uddf3\ud835\uddf6\ud835\uddfb\ud835\uddf4\ud835\uddf2\ud835\uddff\ud835\ude01\ud835\uddf6\ud835\uddfd\ud835\ude00! \n \nOur tech experts are live today at all three #DAIWT locations\u2014Toronto, Tokyo, and Amsterdam. Be sure to stop by \ud835\uddd5\ud835\uddfc\ud835\uddfc\ud835\ude01\ud835\uddf5 \ud835\udde1\ud835\uddfc. \ud835\udfef in Toronto to explore our proven capabilities, including:\n \n\u2022 \ud835\udddf\ud835\uddee\ud835\uddf8\ud835\uddf2\ud835\uddf5\ud835\uddfc\ud835\ude02\ud835\ude00\ud835\uddf2 \ud835\udde6\ud835\uddfc\ud835\uddf9\ud835\ude02\ud835\ude01\ud835\uddf6\ud835\uddfc\ud835\uddfb \ud835\udddc\ud835\uddfa\ud835\uddfd\ud835\uddf9\ud835\uddf2\ud835\uddfa\ud835\uddf2\ud835\uddfb\ud835\ude01\ud835\uddee\ud835\ude01\ud835\uddf6\ud835\uddfc\ud835\uddfb with platforms like Databricks for unified data management. \n\u2022 \ud835\udde6\ud835\uddf6\ud835\uddfa\ud835\ude02\ud835\uddf9\ud835\uddee\ud835\ude01\ud835\uddf6\ud835\uddfb\ud835\uddf4 \ud835\udde6\ud835\ude02\ud835\uddfd\ud835\uddfd\ud835\uddf9\ud835\ude06 \ud835\uddd6\ud835\uddf5\ud835\uddee\ud835\uddf6\ud835\uddfb\ud835\ude00 to enhance operational efficiency & drive strategic decision-making. \n\u2022 \ud835\uddd8\ud835\uddfb\ud835\uddf1-\ud835\ude01\ud835\uddfc-\ud835\uddd8\ud835\uddfb\ud835\uddf1 \ud835\udde6\ud835\ude02\ud835\uddfd\ud835\uddfd\ud835\uddfc\ud835\uddff\ud835\ude01 \ud835\uddf3\ud835\uddfc\ud835\uddff \ud835\uddd8\ud835\uddd7\ud835\uddea \ud835\udde0\ud835\uddf6\ud835\uddf4\ud835\uddff\ud835\uddee\ud835\ude01\ud835\uddf6\ud835\uddfc\ud835\uddfb\ud835\ude00 using advanced \ud835\uddd4\ud835\udddc-\ud835\uddfd\ud835\uddfc\ud835\ude04\ud835\uddf2\ud835\uddff\ud835\uddf2\ud835\uddf1 \ud835\ude01\ud835\uddfc\ud835\uddfc\ud835\uddf9\ud835\ude00 for data profiling and seamless transitions. \n\u2022 \ud835\uddd6\ud835\ude02\ud835\ude00\ud835\ude01\ud835\uddfc\ud835\uddfa\ud835\uddf6\ud835\ude07\ud835\uddf2\ud835\uddf1 \ud835\udde5\ud835\uddfc\ud835\uddef\ud835\uddfc\ud835\ude01\ud835\uddf6\ud835\uddf0 \ud835\udde3\ud835\uddff\ud835\uddfc\ud835\uddf0\ud835\uddf2\ud835\ude00\ud835\ude00 \ud835\uddd4\ud835\ude02\ud835\ude01\ud835\uddfc\ud835\uddfa\ud835\uddee\ud835\ude01\ud835\uddf6\ud835\uddfc\ud835\uddfb (\ud835\udde5\ud835\udde3\ud835\uddd4) with machine learning models and NLP for smarter, more efficient workflows. \n\u2022 \ud835\udddc\ud835\uddfb\ud835\ude01\ud835\uddf2\ud835\uddf4\ud835\uddff\ud835\uddee\ud835\ude01\ud835\uddf6\ud835\uddfc\ud835\uddfb \ud835\uddfc\ud835\uddf3 \ud835\uddd7\ud835\uddee\ud835\ude01\ud835\uddee \ud835\udddf\ud835\uddee\ud835\uddf8\ud835\uddf2\ud835\ude00 with existing systems, using machine learning models to derive direct actionable insights. \n \nGet ready to experience the power-packed unification of data management with advanced analytics! Check out our full event lineup and book your meeting with us now! https://lnkd.in/gjHXckte \n\n\nAnupam Gupta | Anirudh Kala |  Bala Amavasai | ASHOK KUMAR | Piyush Gupta | Anurag Agrawal | Sachin Pai | Sabarinathan Sampath | Manan Tholia | Kunal Asudani | Luv L. | DAIKI OUE |  Palak Mahajan | Neville Albuquerque | Hiroshi Ouchiyama | Saki K. | Yusuke Shimizu | Jesse Scott | Takaaki Yayoi I Adam Conway | Mary Downey | Ari Kaplan | Lynne Bailey | Dael Williamson | Dalya Altaha | Debabrata R. | Grzegorz Rusin | Holly Smith | Jeroen M. | Junta N. | Kevin Jonkergouw | Lotte K. | Michael Green | Michele Lamarca | Rob Saker | Robert Saxby | Shasidhar E S | Suvadeep Sinha | Tolgahan BOSTANLI  \n\n\n#DAIWT #DataAndAI #DataAnalytics #AIpowered #DataManagement #MachineLearning #SupplyChainOptimization #EDWMigrations #RPA #DataLakes #Databricks #AI #AdvancedAnalytics #TechInnovation #SmartWorkflows #DataIntegration #TechExperts #BookYourMeeting #TransformativeSolutions #DigitalTransformation", "total_likes": 90}, {"article_link": null, "image": "https://media.licdn.com/dms/image/v2/D5605AQFCuFKM2oGehQ/videocover-high/videocover-high/0/1731497431430?e=2147483647&v=beta&t=HMeVeVWIaju4ZRz1RErChGOG4FASNTOnrf4N0sHcIHA", "posted_on": {"day": 14, "month": 11, "year": 2024}, "text": "\ud835\uddea\ud835\uddf5\ud835\uddee\ud835\ude01 \ud835\uddee\ud835\uddfb \ud835\uddee\ud835\uddfa\ud835\uddee\ud835\ude07\ud835\uddf6\ud835\uddfb\ud835\uddf4 \ud835\uddf0\ud835\uddf2\ud835\uddf9\ud835\uddf2\ud835\uddef\ud835\uddff\ud835\uddee\ud835\ude01\ud835\uddf6\ud835\uddfc\ud835\uddfb \ud835\uddfc\ud835\uddf3 \ud835\uddf6\ud835\uddfb\ud835\uddfb\ud835\uddfc\ud835\ude03\ud835\uddee\ud835\ude01\ud835\uddf6\ud835\ude03\ud835\uddf2 \ud835\uddf6\ud835\uddf1\ud835\uddf2\ud835\uddee\ud835\ude00 \ud835\uddee\ud835\ude01 \ud835\udde6\ud835\uddd4\ud835\udde3 \ud835\udde1\ud835\udde2\ud835\uddea!\n\nWe\u2019re thrilled to be back and share the highlights from an event that truly showcased the power of collaboration. The synergy between Celebal Technologies, Microsoft and SAP brought together industry leaders to explore the exciting future of enterprise technology.\n\nRaman J S Dhooria, our Vice President - Global Business Development and Peter B., SAP BTP GTM and Co-Engineering Lead, Microsoft captivated the audience with their session on the \"\ud835\uddd4\ud835\uddff\ud835\ude01 \ud835\uddfc\ud835\uddf3 \ud835\udde3\ud835\uddfc\ud835\ude00\ud835\ude00\ud835\uddf6\ud835\uddef\ud835\uddf9\ud835\uddf2.\" They underlined how integrating \ud835\udde0\ud835\uddf6\ud835\uddf0\ud835\uddff\ud835\uddfc\ud835\ude00\ud835\uddfc\ud835\uddf3\ud835\ude01 \ud835\udde7\ud835\uddf2\ud835\uddee\ud835\uddfa\ud835\ude00 \ud835\ude04\ud835\uddf6\ud835\ude01\ud835\uddf5 \ud835\udde6\ud835\uddd4\ud835\udde3 \ud835\uddef\ud835\ude02\ud835\ude00\ud835\uddf6\ud835\uddfb\ud835\uddf2\ud835\ude00\ud835\ude00 \ud835\ude00\ud835\ude06\ud835\ude00\ud835\ude01\ud835\uddf2\ud835\uddfa\ud835\ude00 is not just a breakthrough but a significant opportunity to enhance productivity and streamline operations in today\u2019s AI-driven environment. \n\nThis integration is set to transform how businesses leverage technology to improve decision-making, elevate user experiences and collaboration, and foster sustainable growth.\n\nThroughout the event, we engaged in meaningful discussions with SAP customers about the future of SAP transformations on Microsoft technologies. We also explored innovative use cases around advanced ERP solutions powered by AI on BTP on Azure.\n\nA big thank you to \ud835\udde0\ud835\uddf6\ud835\uddf0\ud835\uddff\ud835\uddfc\ud835\ude00\ud835\uddfc\ud835\uddf3\ud835\ude01 and \ud835\udde6\ud835\uddd4\ud835\udde3 Switzerland for such an informative event and to all our partners and customers for their collaboration. Together, we\u2019re not just imagining what\u2019s next\u2014we\u2019re actively creating it!\n\n\nAnupam Gupta | Anirudh Kala | Alexander Finger | Galina Kueenzi | Hannah Cattanach | Viktoria Huber | Piyush Gupta | Anurag Agrawal | Sabarinathan Sampath | Ayush Jain | Sharthak Acharjee | Shubham Garg | Brandon Beck | George Kamarinos | Holger Bruchelt | Niklas Fehrenbach | Laz Uriza | Nik Mohan | Alexander Lund | Attila Orosz-V\u00e1rkonyi | Sanjeev Kumar | Alix de La Fortelle | Kajen Rajendram | C\u00e9line Kreyenb\u00fchl | Salvatore Cataldo | Sevgi Kaya-Guzzella\n\n\n#SAP #Microsoft #CelebalTechnologies #EnterpriseTechnology #AI #Innovation #CloudComputing #DigitalTransformation #Collaboration #TechForGood #SAPNOW #SAPPHIRENOW #SAPTechEd #BusinessAI #AIHackathon #ERP #BTP #DataAnalytics #CloudMigration #CustomerExperience #Leadership #CareerGrowth #ProfessionalDevelopment #Networking #SAPCommunity #TechCommunity #FutureOfWork", "total_likes": 90}, {"article_link": null, "image": "https://media.licdn.com/dms/image/v2/D5622AQH2qXl804pfSA/feedshare-shrink_800/feedshare-shrink_800/0/1731417998649?e=2147483647&v=beta&t=crnGYmEfLg-_KXJtB74qCQbjy9PcTC944y1ahUc_oWM", "posted_on": {"day": 13, "month": 11, "year": 2024}, "text": "\ud835\uddd8\ud835\ude05\ud835\uddfd\ud835\uddf2\ud835\uddff\ud835\uddf6\ud835\uddf2\ud835\uddfb\ud835\uddf0\ud835\uddf2 \ud835\ude01\ud835\uddf5\ud835\uddf2 \ud835\uddfd\ud835\uddfc\ud835\ude04\ud835\uddf2\ud835\uddff \ud835\uddfc\ud835\uddf3 \ud835\uddfb\ud835\uddf2\ud835\ude05\ud835\ude01-\ud835\uddf4\ud835\uddf2\ud835\uddfb \ud835\udde6\ud835\uddd4\ud835\udde3 \ud835\ude00\ud835\uddfc\ud835\uddf9\ud835\ude02\ud835\ude01\ud835\uddf6\ud835\uddfc\ud835\uddfb\ud835\ude00 \ud835\uddee\ud835\ude01 \ud835\uddd4\ud835\udde6\ud835\udde8\ud835\uddda \ud835\udde7\ud835\uddf2\ud835\uddf0\ud835\uddf5\ud835\uddd6\ud835\uddfc\ud835\uddfb\ud835\uddfb\ud835\uddf2\ud835\uddf0\ud835\ude01 \ud835\ude04\ud835\uddf6\ud835\ude01\ud835\uddf5 \ud835\uddd6\ud835\uddf2\ud835\uddf9\ud835\uddf2\ud835\uddef\ud835\uddee\ud835\uddf9 \ud835\udde7\ud835\uddf2\ud835\uddf0\ud835\uddf5 \ud835\ude01\ud835\uddfc\ud835\uddf1\ud835\uddee\ud835\ude06!   \n\nJoin us for \ud835\uddd4\ud835\udde6\ud835\udde8\ud835\uddda \ud835\udde7\ud835\uddf2\ud835\uddf0\ud835\uddf5 \ud835\uddd6\ud835\uddfc\ud835\uddfb\ud835\uddfb\ud835\uddf2\ud835\uddf0\ud835\ude01 at West Palm Beach, Florida, from \ud835\udde1\ud835\uddfc\ud835\ude03\ud835\uddf2\ud835\uddfa\ud835\uddef\ud835\uddf2\ud835\uddff \ud835\udfed\ud835\udfee\ud835\ude01\ud835\uddf5-\ud835\udfed\ud835\udff0\ud835\ude01\ud835\uddf5, and engage with our experienced SAP consultants to gain practical knowledge of our advanced \ud835\uddda\ud835\uddf2\ud835\uddfb\ud835\uddd4\ud835\udddc \ud835\uddf0\ud835\uddf5\ud835\uddee\ud835\ude01\ud835\uddef\ud835\uddfc\ud835\ude01\ud835\ude00 and \ud835\udde6\ud835\uddd4\ud835\udde3 \ud835\uddd6\ud835\uddfc-\ud835\udde3\ud835\uddf6\ud835\uddf9\ud835\uddfc\ud835\ude01\ud835\ude00, seamlessly integrated with #SAPDatasphere for real-time analytics and unparalleled business intelligence. \n\nWhether it\u2019s \ud835\ude00\ud835\ude02\ud835\uddfd\ud835\uddfd\ud835\uddf9\ud835\ude06 \ud835\uddf0\ud835\uddf5\ud835\uddee\ud835\uddf6\ud835\uddfb \ud835\uddfc\ud835\uddfd\ud835\ude01\ud835\uddf6\ud835\uddfa\ud835\uddf6\ud835\ude07\ud835\uddee\ud835\ude01\ud835\uddf6\ud835\uddfc\ud835\uddfb, \ud835\uddf1\ud835\uddf2\ud835\uddfa\ud835\uddee\ud835\uddfb\ud835\uddf1 \ud835\uddf3\ud835\uddfc\ud835\uddff\ud835\uddf2\ud835\uddf0\ud835\uddee\ud835\ude00\ud835\ude01\ud835\uddf6\ud835\uddfb\ud835\uddf4, or \ud835\uddf6\ud835\uddfb\ud835\ude03\ud835\uddf2\ud835\uddfb\ud835\ude01\ud835\uddfc\ud835\uddff\ud835\ude06 \ud835\uddfa\ud835\uddee\ud835\uddfb\ud835\uddee\ud835\uddf4\ud835\uddf2\ud835\uddfa\ud835\uddf2\ud835\uddfb\ud835\ude01, our \ud835\udde6\ud835\uddd4\ud835\udde3 \ud835\uddd8\ud835\uddfb\ud835\ude01\ud835\uddf2\ud835\uddff\ud835\uddfd\ud835\uddff\ud835\uddf6\ud835\ude00\ud835\uddf2 \ud835\uddda\ud835\uddf2\ud835\uddfb\ud835\uddd4\ud835\udddc accelerators can streamline operations and reduce manual efforts by analyzing historical data & allowing real-time adjustments, eventually boosting visibility and driving smarter decision-making for your enterprise. \n\nSo why wait to make a change? Connect with our experts & transform your SAP data into actionable intelligence now! \n\n\nAnupam Gupta I Anirudh Kala I Jayanta (Jay) Banerjee | Piyush Gupta | Udayan Saxena | Rishi Gaekwad | Raman J S Dhooria | Anshuman Tiwari | Mandar Gokhale | Orod Arbabzadeh I Sabarinathan Sampath I Tanya A. I Abhishek Parti | Dhruv Sharma I Prateek Jain I Sharthak Acharjee | ASUG - Americas' SAP Users' Group\n\n\n#ASUGTechConnect #SAPData #EnterpriseTransformation #SmartERP #SupplyChainOptimization #SAPGenAI #Automation #AIInBusiness #DigitalTransformation #DataDrivenDecisions #SAPCoPilots #SAPChatbots #SAPExperts #EnterpriseEfficiency #InnovationInBusiness #SmartWorkflows #FutureOfERP #SAPConsultants #AIForBusiness #TechInnovation #ActionableIntelligence", "total_likes": 72}], "follower_count": 111108, "acquisitions": null, "exit_data": null, "extra": null, "funding_data": [], "categories": null, "customer_list": null}
