{"linkedin_internal_id": "5409", "description": "Chicago Public Schools is looking for teachers, leaders, and non-instructional staff to transform the face of urban education. We are a team of passionate, committed, and talented professionals who believe that every CPS student will graduate prepared for success in college, career, and life. Come join us in making CPS a model for public school districts throughout the nation. CPS is the third largest school district in the United States with more than 600 schools providing education to over 340,000 children.", "website": "http://www.cps.edu", "industry": "Education Administration Programs", "company_size": [10001, null], "company_size_on_linkedin": 35110, "hq": {"country": "US", "city": "Chicago", "postal_code": "60602", "line_1": "42 West Madison Street", "is_hq": true, "state": "IL"}, "company_type": "EDUCATIONAL", "founded_year": 1837, "specialities": [""], "locations": [{"country": "US", "city": "Chicago", "postal_code": "60602", "line_1": "42 West Madison Street", "is_hq": true, "state": "IL"}, {"country": "US", "city": "Chicago", "postal_code": "60612", "line_1": "2651 West Washington Boulevard", "is_hq": false, "state": "Illinois"}, {"country": "US", "city": "Chicago", "postal_code": "60616", "line_1": "501 East 35th Street", "is_hq": false, "state": "Illinois"}, {"country": "US", "city": "Chicago", "postal_code": null, "line_1": "4655 S Dearborn St", "is_hq": false, "state": "Illinois"}], "name": "Chicago Public Schools", "tagline": "Providing a high quality public education for every child, in every neighborhood, that prepares each for success in life", "universal_name_id": "chicago-public-schools", "profile_pic_url": "https://s3.us-west-000.backblazeb2.com/proxycurl/company/chicago-public-schools/profile?X-Amz-Algorithm=AWS4-HMAC-SHA256&X-Amz-Credential=0004d7f56a0400b0000000001%2F20241126%2Fus-west-000%2Fs3%2Faws4_request&X-Amz-Date=20241126T055935Z&X-Amz-Expires=3600&X-Amz-SignedHeaders=host&X-Amz-Signature=cefe3b840879b66d3a4349032c8f4059239e548e95c2199436a31411fecd4b64", "background_cover_image_url": "https://s3.us-west-000.backblazeb2.com/proxycurl/company/chicago-public-schools/cover?X-Amz-Algorithm=AWS4-HMAC-SHA256&X-Amz-Credential=0004d7f56a0400b0000000001%2F20241126%2Fus-west-000%2Fs3%2Faws4_request&X-Amz-Date=20241126T055935Z&X-Amz-Expires=3600&X-Amz-SignedHeaders=host&X-Amz-Signature=5bfafa10561c7001774a6bceaff889a3cafd50eee287f5b336fd844d4f72c508", "search_id": "5409", "similar_companies": [{"name": "City of Chicago", "link": "https://www.linkedin.com/company/city-of-chicago", "industry": "Government Administration", "location": null}, {"name": "Cook County Government", "link": "https://www.linkedin.com/company/cook-county-government", "industry": "Government Administration", "location": "Chicago, IL"}, {"name": "City Colleges of Chicago", "link": "https://www.linkedin.com/company/citycollegeschicago", "industry": "Education Management", "location": "Chicago, Illinois"}, {"name": "Chicago Transit Authority", "link": "https://www.linkedin.com/company/chicago-transit-authority", "industry": "Urban Transit Services", "location": "Chicago, IL"}, {"name": "Chicago Park District", "link": "https://www.linkedin.com/company/chicago-park-district", "industry": "Government Administration", "location": "Chicago, Illinois"}, {"name": "Obama Foundation", "link": "https://www.linkedin.com/company/obama-foundation", "industry": "Non-profit Organizations", "location": "Chicago, Illinois"}, {"name": "Illinois State Board of Education", "link": "https://www.linkedin.com/company/illinois-state-board-of-education", "industry": "Education Administration Programs", "location": "Springfield, IL"}, {"name": "Chicago Department of Planning and Development", "link": "https://www.linkedin.com/company/chicagodpd", "industry": "Government Administration", "location": "Chicago, Illinois"}, {"name": "Chicago Department of Public Health", "link": "https://www.linkedin.com/company/chicago-department-of-public-health", "industry": "Government Administration", "location": "Chicago, IL"}, {"name": "Illinois Department of Human Services", "link": "https://www.linkedin.com/company/illinois-department-of-human-service-bureau-of-recruitment-and-selection", "industry": "Government Administration", "location": "Springfield, Illinois"}], "affiliated_companies": [], "updates": [{"article_link": null, "image": "https://media.licdn.com/dms/image/v2/D5622AQH4lNn9R19I5g/feedshare-shrink_2048_1536/feedshare-shrink_2048_1536/0/1723510692146?e=2147483647&v=beta&t=05ynmOgiDQKjJIVPkk4JG0srwQ8O4vNy74fe5Xo09SE", "posted_on": {"day": 18, "month": 8, "year": 2024}, "text": "The Talent office will be hosting a virtual teacher job fair this Thursday August 19th. The first day of school is just two weeks away! If you are a licensed teacher seeking a new position please register and connect with one of our school leaders.", "total_likes": 77}, {"article_link": null, "image": "https://media.licdn.com/dms/image/v2/D5622AQGdXGLupsLa9A/feedshare-shrink_2048_1536/feedshare-shrink_2048_1536/0/1722036067735?e=2147483647&v=beta&t=sMXjdOhfGjtf95wOvWFoL596LHkBHrk9B3C3mIxj66A", "posted_on": {"day": 18, "month": 8, "year": 2024}, "text": "The CPS Talent Office will be hosting a virtual job fair on August 8th. If you are a licensed teacher seeking a position please register and connect with our school leaders. We can't wait to welcome back our students on August 26th!", "total_likes": 110}, {"article_link": null, "image": "https://media.licdn.com/dms/image/v2/D5622AQGBJi_JDWddUg/feedshare-shrink_800/feedshare-shrink_800/0/1719608132012?e=2147483647&v=beta&t=DEi2s59qjfnpAGfqkU3Ms-domTpYpzzZ_ITCijBwcvk", "posted_on": {"day": 18, "month": 7, "year": 2024}, "text": "\ud83d\udce3Calling all new to CPS teachers!\ud83d\udce3\n\nJump into professional learning with the New Teacher Induction & Mentoring team starting this July. We welcome new to CPS teachers to engage in sessions grounded in the CPS Framework for Teaching & the CPS Equity Framework. In addition to this summer learning series, all new to CPS teachers are encouraged to attend the annual CPS New Teacher Orientation during the week of August 12. Participants will receive a stipend for attending orientation.\n\nFor more information, check out the calendar and registration: https://lnkd.in/g_2dFTyH \n\nReach out to cpsnewteachers@cps.edu with any questions. #TheBestAreWithCPS", "total_likes": 88}, {"article_link": null, "image": "https://media.licdn.com/dms/image/v2/D5622AQFKBoEXjqSwSw/feedshare-shrink_2048_1536/feedshare-shrink_2048_1536/0/1719267320115?e=2147483647&v=beta&t=8kPHZH0TuqQNLfn_bJkI6aN5-rlXh5GYUuF72__PxzQ", "posted_on": {"day": 18, "month": 7, "year": 2024}, "text": "Registration is now open for our July 19th job fair. We look forward to seeing you this summer to share about all the teaching roles across the city. Please help spread the word!", "total_likes": 110}, {"article_link": null, "image": "https://media.licdn.com/dms/image/v2/D5622AQHigFrIYhRiYA/feedshare-shrink_2048_1536/feedshare-shrink_2048_1536/0/1716410383662?e=2147483647&v=beta&t=q4GHqJK2lv4_9dqX-RnEUz9n8UB_jAO7k_AggnGPqbU", "posted_on": {"day": 18, "month": 6, "year": 2024}, "text": "Please join us for the next Teacher Job Fair on Friday, June 14. Meet our school leaders, learn about our school communities and learn about the teaching roles that are available.", "total_likes": 109}, {"article_link": null, "image": "https://media.licdn.com/dms/image/v2/D4D22AQH4iSELL9gtqg/feedshare-shrink_2048_1536/feedshare-shrink_2048_1536/0/1714751783936?e=2147483647&v=beta&t=nx8h2wnC6iVbd9b0lbTrVJ6v-Bcm4HjNBDWMPcSelgk", "posted_on": {"day": 18, "month": 5, "year": 2024}, "text": "Please join us for our next teacher job fair on Saturday, May 18!", "total_likes": 66}, {"article_link": null, "image": "https://media.licdn.com/dms/image/v2/D4D22AQERg9BfFRz-yw/feedshare-shrink_2048_1536/feedshare-shrink_2048_1536/0/1714748177367?e=2147483647&v=beta&t=A_mL8s5fJsa0bPwIupt2HwGU2O4j7ICnrPpwyX6Pk9o", "posted_on": {"day": 18, "month": 5, "year": 2024}, "text": "Please join us at for our next job fair on Thursday, May 9.", "total_likes": 99}, {"article_link": null, "image": "https://media.licdn.com/dms/image/v2/D5622AQHuVgGEenKbQg/feedshare-shrink_2048_1536/feedshare-shrink_2048_1536/0/1713388404609?e=2147483647&v=beta&t=YSoFb37HWxalOnPgt_D-RxN_0p9uXoExZda55JqMS04", "posted_on": {"day": 18, "month": 4, "year": 2024}, "text": "Please join us this Saturday, April 20 at Saucedo Scholastic Academy for our next teacher job fair.", "total_likes": 35}, {"article_link": null, "image": "https://media.licdn.com/dms/image/v2/D5622AQFK-R5kdE7GVA/feedshare-shrink_2048_1536/feedshare-shrink_2048_1536/0/1712596807107?e=2147483647&v=beta&t=4LCmhGXc7Ek_YKdlbRGDSkqyxcAfU9xtXlHI9CUrsSQ", "posted_on": {"day": 18, "month": 4, "year": 2024}, "text": "Our employment hiring season continues with our next event at St. Sabina on April 18 ! Please help us share the news about this opportunity!", "total_likes": 83}, {"article_link": null, "image": "https://media.licdn.com/dms/image/v2/D5622AQFYIc7C10ERbg/feedshare-shrink_2048_1536/feedshare-shrink_2048_1536/0/1711710553974?e=2147483647&v=beta&t=1-yW9ALLOw-BbTjukvXXJUoa5a73DkH8g_rf2KqoswU", "posted_on": {"day": 18, "month": 4, "year": 2024}, "text": "The CPS Talent Office will be hosting its next teacher job fair on Saturday, April 6. Please join us and connect with school leaders to learn about opportunities at our amazing schools.", "total_likes": 58}], "follower_count": 86811, "acquisitions": null, "exit_data": null, "extra": null, "funding_data": [], "categories": null, "customer_list": null}
