{"linkedin_internal_id": "21449", "description": "Creata is the global force reshaping brand dynamics, fusing avant-garde creativity with an unwavering focus on delivering substantial commercial results. Our rallying cry, \"Where creativity meets commercial results,\" underscores our commitment to propelling brands to unparalleled success.\n\nAcross diverse sectors like consumer packaged goods, retail, food and beverage, and technology, our expert team boasts a track record of success with iconic brands like Coca-Cola, Kellogg's, and McDonald's.\n\nAt Creata, we redefine brands as immersive experiences that people love and willingly share. For CEOs and CMOs steering major enterprises, Creata is the quintessential partner with a wealth of experience, boundless creativity, and a proven track record in flawless execution.\n\nExplore how Creata elevates your brand:\n\nConsumer Insight Mastery: Through surveys, focus groups, and ethnographic studies, we unveil the layers of your target consumers, understanding their needs, desires, and motivations.\n\nPioneering Creative Concepts: Our team excels in conceiving breakthrough ideas, leveraging storytelling, humor, and surprise to create experiences that deeply resonate with consumers.\n\nImpeccable Execution: Anchored by seasoned professionals, we ensure a consistent brand presence across all channels, from advertising and retail to social media.\n\nIf you are poised to redefine your brand narrative and drive commercial impact, connect with Creata today. Let us be your strategic partner in creating a brand that captivates hearts and delivers undeniable commercial success.", "website": "http://www.creata.com", "industry": "Advertising Services", "company_size": [51, 200], "company_size_on_linkedin": 223, "hq": {"country": "US", "city": "Oakbrook Terrace", "postal_code": "60181", "line_1": "Oakbrook Terrace", "is_hq": true, "state": "Illinois"}, "company_type": "PRIVATELY_HELD", "founded_year": 1973, "specialities": ["STRATEGY", "MARKETING", "CREATIVE", "DIGITAL", "INSIGHTS", "PROMOTIONS", "PRODUCT", "DESIGN", "ONLINE GAMING", "SWEEPSTAKES & GAMES OF CHANCE"], "locations": [{"country": "US", "city": "Oakbrook Terrace", "postal_code": "60181", "line_1": "Oakbrook Terrace", "is_hq": true, "state": "Illinois"}, {"country": "US", "city": "Chicago", "postal_code": null, "line_1": null, "is_hq": true, "state": null}, {"country": "AU", "city": "Sydney", "postal_code": null, "line_1": null, "is_hq": true, "state": null}, {"country": "CN", "city": "Shenzhen", "postal_code": null, "line_1": null, "is_hq": true, "state": null}, {"country": "CN", "city": "Macao", "postal_code": null, "line_1": null, "is_hq": true, "state": null}, {"country": "JP", "city": "Tokyo", "postal_code": null, "line_1": null, "is_hq": true, "state": null}, {"country": "GB", "city": "London", "postal_code": null, "line_1": null, "is_hq": true, "state": null}, {"country": "AR", "city": "Buenos Aires ", "postal_code": null, "line_1": null, "is_hq": true, "state": null}, {"country": "DE", "city": "Munich", "postal_code": null, "line_1": null, "is_hq": true, "state": null}, {"country": "DE", "city": "Frankfurt", "postal_code": null, "line_1": null, "is_hq": true, "state": null}, {"country": "RU", "city": "Moscow", "postal_code": null, "line_1": null, "is_hq": true, "state": null}, {"country": "CN", "city": "Hong Kong", "postal_code": null, "line_1": null, "is_hq": true, "state": null}, {"country": "BR", "city": "Sao Paulo", "postal_code": null, "line_1": null, "is_hq": true, "state": null}], "name": "Creata", "tagline": null, "universal_name_id": "creata", "profile_pic_url": "https://s3.us-west-000.backblazeb2.com/proxycurl/company/creata/profile?X-Amz-Algorithm=AWS4-HMAC-SHA256&X-Amz-Credential=0004d7f56a0400b0000000001%2F20241126%2Fus-west-000%2Fs3%2Faws4_request&X-Amz-Date=20241126T050815Z&X-Amz-Expires=3600&X-Amz-SignedHeaders=host&X-Amz-Signature=10b7ab0fc330f206d84df8f56ba9b2fea4f956ca287c29b4235a9fa00818e90c", "background_cover_image_url": "https://s3.us-west-000.backblazeb2.com/proxycurl/company/creata/cover?X-Amz-Algorithm=AWS4-HMAC-SHA256&X-Amz-Credential=0004d7f56a0400b0000000001%2F20241126%2Fus-west-000%2Fs3%2Faws4_request&X-Amz-Date=20241126T050815Z&X-Amz-Expires=3600&X-Amz-SignedHeaders=host&X-Amz-Signature=93ddfdc7d80e10eecdb4e35085dc08f35782606a22d29ce158822b85430b64f4", "search_id": "21449", "similar_companies": [{"name": "Trinity Consulting Services", "link": "https://www.linkedin.com/company/trinity-consulting-services/", "industry": "Advertising Services", "location": null}, {"name": "B2Bx", "link": "https://www.linkedin.com/company/b2bxperts/", "industry": "Advertising Services", "location": null}, {"name": "DDB Asia", "link": "https://www.linkedin.com/company/ddb-group-asia-pacific/", "industry": "Advertising Services", "location": null}, {"name": "Sample Central", "link": "https://www.linkedin.com/company/sample-central/", "industry": "Advertising Services", "location": null}, {"name": "Winc Australia", "link": "https://www.linkedin.com/company/winc-australia/", "industry": "Retail Office Equipment", "location": null}, {"name": "White Key Marketing", "link": "https://www.linkedin.com/company/white-key-marketing/", "industry": "Advertising Services", "location": null}, {"name": "Creata Latam", "link": "https://www.linkedin.com/company/creatalatam/", "industry": "Marketing Services", "location": null}, {"name": "Creata Australia", "link": "https://www.linkedin.com/company/creata-australia/", "industry": "Advertising Services", "location": null}, {"name": "tms", "link": "https://www.linkedin.com/company/tms-worldwide/", "industry": "Business Consulting and Services", "location": null}, {"name": "Fujitsu", "link": "https://www.linkedin.com/company/fujitsu/", "industry": "IT Services and IT Consulting", "location": null}, {"name": "Hunt St", "link": "https://www.linkedin.com/company/hunt-st/", "industry": "Staffing and Recruiting", "location": null}, {"name": "Hello Social", "link": "https://www.linkedin.com/company/hello-social-au/", "industry": "Advertising Services", "location": null}, {"name": "Future Kind", "link": "https://www.linkedin.com/company/wearefuturekind/", "industry": "Health, Wellness & Fitness", "location": null}, {"name": "Hasbro", "link": "https://www.linkedin.com/company/hasbro/", "industry": "Manufacturing", "location": null}, {"name": "Cresta", "link": "https://www.linkedin.com/company/cresta-inc/", "industry": "Software Development", "location": null}, {"name": "ShopBack", "link": "https://www.linkedin.com/company/shopback/", "industry": "Technology, Information and Internet", "location": null}, {"name": "Evolution USA LLC", "link": "https://www.linkedin.com/company/evolution-usa/", "industry": "Manufacturing", "location": null}, {"name": "Pivot Product Development LLC", "link": "https://www.linkedin.com/company/pivot-product-development-llc/", "industry": "Design Services", "location": null}, {"name": "milkadamia", "link": "https://www.linkedin.com/company/milkadamia/", "industry": "Food & Beverages", "location": null}, {"name": "Sparro", "link": "https://www.linkedin.com/company/sparro-digital/", "industry": "Advertising Services", "location": null}], "affiliated_companies": [], "updates": [{"article_link": "https://www.linkedin.com/posts/creata_wk-creata-tonythetiger-activity-7259285981202186240-sEXk", "image": "https://media.licdn.com/dms/image/v2/D4D22AQFyrDT7NffsJQ/feedshare-shrink_2048_1536/feedshare-shrink_2048_1536/0/1730748647452?e=1734566400&v=beta&t=GLtx3Wo_GvCSVcFpHZgZV2t2gDOCLlwA9j6C1Fjvq5g", "posted_on": {"day": 7, "month": 11, "year": 2024}, "text": "\ud83c\udf1f\u00a0Celebrating Over 40 Years of Partnership with Kellogg\u2019s\ud83c\udf1f\n\nWe are thrilled to share that our incredible journey with WK Kellogg Co has spanned over four decades! \nRecently, WK Kellogg Co Canada and\u00a0Creatalaunched an amazing towel promotion that was a huge hit.\ud83c\udfc6 \nWith a successful promotion under wraps, we are grateful for the overwhelming support and participation from our Canadian community. \n\nStay tuned for more exciting collaborations and promotions in the future! \ud83d\ude80\n\n#WK\u00a0#Creata\u00a0#TonytheTiger #FrootLoops\u00a0#FrostedFlakes #CornFlakes", "total_likes": 23}, {"article_link": "https://www.linkedin.com/posts/creata_bts-bt21-creata-activity-7239591015265763328-RYJe", "image": "https://media.licdn.com/dms/image/v2/D4D22AQEu9W-LpCg4Zg/feedshare-shrink_2048_1536/feedshare-shrink_2048_1536/0/1726053001428?e=1734566400&v=beta&t=ikKTHaMEkdNMC360DIsvatZfNA8q9aW0jikc6dKOn44", "posted_on": {"day": 14, "month": 9, "year": 2024}, "text": "For over 30 years, Creata has been a key partner in McDonald\u2019s global family and children-oriented strategies, contributing to the immense success of the Happy Meal loyalty program. \n\nExciting news as Creata ventures into the Kidults market with the launch of the BT21 collection, crafted, licensed, and distributed in Asia and Latin America. A huge success inspired by the band BTS and now available in several markets. \n\nCreata, an agency for all generations \n#bts #bt21 #creata #mcdonald\u2019s #kidults", "total_likes": 70}], "follower_count": 6292, "acquisitions": null, "exit_data": null, "extra": null, "funding_data": [], "categories": null, "customer_list": null}
