{"linkedin_internal_id": "1120", "description": "At CSC, we do amazing things.", "website": null, "industry": "Information Technology and Services", "company_size": [201, 500], "company_size_on_linkedin": 35795, "hq": {"country": "US", "city": "Global", "postal_code": null, "line_1": null, "is_hq": true, "state": null}, "company_type": "PUBLIC_COMPANY", "founded_year": 1959, "specialities": [""], "locations": [{"country": "US", "city": "Global", "postal_code": null, "line_1": null, "is_hq": true, "state": null}], "name": "CSC", "tagline": null, "universal_name_id": "csc", "profile_pic_url": "https://s3.us-west-000.backblazeb2.com/proxycurl/company/csc/profile?X-Amz-Algorithm=AWS4-HMAC-SHA256&X-Amz-Credential=0004d7f56a0400b0000000001%2F20241126%2Fus-west-000%2Fs3%2Faws4_request&X-Amz-Date=20241126T050818Z&X-Amz-Expires=3600&X-Amz-SignedHeaders=host&X-Amz-Signature=0ad7be5eaab13e35d76831bfdc870dd7e5591e6c7d23d8ca816fe30c809e0b14", "background_cover_image_url": "https://s3.us-west-000.backblazeb2.com/proxycurl/company/csc/cover?X-Amz-Algorithm=AWS4-HMAC-SHA256&X-Amz-Credential=0004d7f56a0400b0000000001%2F20241126%2Fus-west-000%2Fs3%2Faws4_request&X-Amz-Date=20241126T050818Z&X-Amz-Expires=3600&X-Amz-SignedHeaders=host&X-Amz-Signature=f87f7b5f7ab5011d4fd553d5e5e9cb7278e906f234c2bb6fa52b27de392bcb68", "search_id": "1120", "similar_companies": [{"name": "CSC", "link": "https://www.linkedin.com/company/cscsince1899", "industry": "Financial Services", "location": "Wilmington, Delaware"}, {"name": "DXC Technology", "link": "https://www.linkedin.com/company/dxctechnology", "industry": "IT Services and IT Consulting", "location": "Ashburn, Virginia"}, {"name": "Intertrust Group", "link": "https://nl.linkedin.com/company/intertrust-group", "industry": "Financial Services", "location": null}, {"name": "CSC e-Governance Services India Limited", "link": "https://www.linkedin.com/company/csc-e-governance-services-india-ltd-", "industry": "IT Services and IT Consulting", "location": null}, {"name": "CSC Global Financial Markets", "link": "https://www.linkedin.com/company/csc-global-financial-markets", "industry": "Financial Services", "location": "Delaware, USA"}, {"name": "Common Services Centers Official", "link": "https://in.linkedin.com/company/common-services-centers-official", "industry": "IT Services and IT Consulting", "location": "New Delhi, New Delhi"}, {"name": "Computer Sciences Corporation (CSC)", "link": "https://www.linkedin.com/company/computer-sciences-corporation-csc", "industry": "IT Services and IT Consulting", "location": null}, {"name": "CSC - IT Center for Science", "link": "https://fi.linkedin.com/company/csc---it-center-for-science", "industry": "IT Services and IT Consulting", "location": null}, {"name": "Deloitte", "link": "https://www.linkedin.com/company/deloitte", "industry": "Business Consulting and Services", "location": null}, {"name": "Accenture", "link": "https://ie.linkedin.com/company/accenture", "industry": "Business Consulting and Services", "location": null}], "affiliated_companies": [], "updates": [], "follower_count": 532200, "acquisitions": null, "exit_data": null, "extra": null, "funding_data": [], "categories": null, "customer_list": null}
