{"linkedin_internal_id": "96591440", "description": "The Scarlet C-Suite Program is a comprehensive, yearlong program, offered by Career Services. The purpose of the program is to elevate students\u2019 career readiness and success, during and beyond Illinois Tech. It consists of 6 pillars, including 10 professional development workshops, career coaching, volunteer and project experience, finalized career profiles, and a concluding questionnaire.\n\nStudents can work at their own pace, completing these courses in one school year, or throughout their time at Illinois Tech. When the program is completed, students will have the skills and competencies to reach their career potential and achieve their dreams.\n\nRequired Workshops:\n\u2022 The Power of Networking & Business Relationships\n\u2022 Know Your Strengths - Using Your Strengths in the Real World\n\u2022 What do I say? Communication & Presentation Skills\n\u2022 Interviewing & Professional Etiquette in the Workplace\n\u2022 Curiosity & The Power of Asking Questions\n\u2022 Collaborating & Working Effectively with Diverse Teams (DEI)\n\u2022 Critical Thinking, Problem Solving & Creativity - Taking Initiative\n\u2022 Agile & Adaptable- Cultivating a Growth Mindset with Resilience\n\u2022 Creating a Successful Resume\n\u2022 Creating a Successful LinkedIn Profile\n\nSearch individual workshop for dates/times.\n\nAnything is possible at Illinois Tech!\n\nDisability Resources: If you need assistance with health and wellness services don't hesitate to get in touch with Jirun \"Cora\" Liu, Assistant Director of Disability Resources. Reasonable accommodations will be made for Illinois Tech students with documented disabilities. Cora can work with you to ensure you get appropriate accommodations to assist you with academic and co-curricular success. Cora can be contacted at disabilities@iit.edu or 312.567.5744.", "website": "https://www.iit.edu/career-services/programs-and-events/scarlet-c-suite", "industry": "Higher Education", "company_size": [1001, 5000], "company_size_on_linkedin": 1, "hq": {"country": "US", "city": "Chicago", "postal_code": "60616", "line_1": "10 W 35th Street", "is_hq": true, "state": "Illinois"}, "company_type": "PRIVATELY_HELD", "founded_year": 1888, "specialities": ["Computer Science", "Data Science", "Engineering", "Psychology", "Law"], "locations": [{"country": "US", "city": "Chicago", "postal_code": "60616", "line_1": "10 W 35th Street", "is_hq": true, "state": "Illinois"}], "name": "Scarlet C Suite Program Illinois Tech", "tagline": "Elevating Students\u2019 Career Readiness and Success, During and Beyond Illinois Tech", "universal_name_id": "csuiteprogramiit", "profile_pic_url": "https://s3.us-west-000.backblazeb2.com/proxycurl/company/csuiteprogramiit/profile?X-Amz-Algorithm=AWS4-HMAC-SHA256&X-Amz-Credential=0004d7f56a0400b0000000001%2F20241126%2Fus-west-000%2Fs3%2Faws4_request&X-Amz-Date=20241126T050849Z&X-Amz-Expires=3600&X-Amz-SignedHeaders=host&X-Amz-Signature=8fc2de190b4a0eed844f0676af654f65a9ee5ec345ec5165703326a97f370641", "background_cover_image_url": "https://s3.us-west-000.backblazeb2.com/proxycurl/company/csuiteprogramiit/cover?X-Amz-Algorithm=AWS4-HMAC-SHA256&X-Amz-Credential=0004d7f56a0400b0000000001%2F20241126%2Fus-west-000%2Fs3%2Faws4_request&X-Amz-Date=20241126T050849Z&X-Amz-Expires=3600&X-Amz-SignedHeaders=host&X-Amz-Signature=2fb0928d0d669760faa57106b3d0e83283e02abf1451fb47903e8bffe77a97e1", "search_id": "96591440", "similar_companies": [{"name": "Graduate To Hired", "link": "https://www.linkedin.com/company/graduatetohired/", "industry": "Higher Education", "location": null}, {"name": "A2ndchance Group Realty Llc", "link": "https://www.linkedin.com/company/a2ndchance-group-realty-llc/", "industry": null, "location": null}, {"name": "Student Government Association at Illinois Tech", "link": "https://www.linkedin.com/company/sgaiit/", "industry": "Higher Education", "location": null}, {"name": "Muni Health", "link": "https://www.linkedin.com/company/muni-health/", "industry": "Software Development", "location": null}, {"name": "WORLD SYSTEM BUILDER", "link": "https://www.linkedin.com/company/worldsystembuilder/", "industry": "Financial Services", "location": null}, {"name": "The CFO Centre USA", "link": "https://www.linkedin.com/company/the-cfo-centre-ltd/", "industry": "Financial Services", "location": null}, {"name": "Ampronix", "link": "https://www.linkedin.com/company/ampronix/", "industry": "Medical Device", "location": null}, {"name": "Matrix Executions", "link": "https://www.linkedin.com/company/matrix-executions/", "industry": "Financial Services", "location": null}, {"name": "Prenosis", "link": "https://www.linkedin.com/company/prenosis/", "industry": "Biotechnology Research", "location": null}, {"name": "Summit Design + Build", "link": "https://www.linkedin.com/company/summit-design---build-llc/", "industry": "Construction", "location": null}, {"name": "Polsky Center at the University of Chicago", "link": "https://www.linkedin.com/company/polsky-center/", "industry": "Higher Education", "location": null}, {"name": "MATTER", "link": "https://www.linkedin.com/company/matter-chicago/", "industry": "Hospitals and Health Care", "location": null}, {"name": "Field Museum", "link": "https://www.linkedin.com/company/field-museum/", "industry": "Museums, Historical Sites, and Zoos", "location": null}, {"name": "Oliveboard", "link": "https://www.linkedin.com/company/oliveboard/", "industry": "E-Learning Providers", "location": null}, {"name": "LeadStack Inc.", "link": "https://www.linkedin.com/company/leadstack-inc./", "industry": "Staffing and Recruiting", "location": null}, {"name": "Kin Insurance", "link": "https://www.linkedin.com/company/kin-insurance/", "industry": "Insurance", "location": null}, {"name": "Acxiom", "link": "https://www.linkedin.com/company/acxiom/", "industry": "Advertising Services", "location": null}, {"name": "Moderna", "link": "https://www.linkedin.com/company/modernatx/", "industry": "Biotechnology Research", "location": null}, {"name": "Sanofi", "link": "https://www.linkedin.com/company/sanofi/", "industry": "Pharmaceutical Manufacturing", "location": null}], "affiliated_companies": [], "updates": [], "follower_count": 41, "acquisitions": null, "exit_data": null, "extra": null, "funding_data": [], "categories": null, "customer_list": null}
