{"linkedin_internal_id": "432463", "description": "Eclosia was born in 1966 out of the vision of entrepreneur Michel de Sp\u00e9ville: that of an independent Mauritius, able to meet its own food consumption needs, and moving towards food self-sufficiency.\n\nA pioneer in poultry production in Mauritius, the company was founded on an uncompromising commitment to ethics and quality and the support of a tight-knit and skilled team, all of which helped transform the company into a solid, diversified Group in a matter of decades. Fuelled by its inherently entrepreneurial spirit, the Group continuously demonstrates its ability to reinvent itself and drive the development of talents, brands and businesses.\n\nBased on three fundamental pillars\u2014Nourish, Serve and Nurture\u2014Eclosia\u2019s activities are organised under seven distinct sectors: food, retail, hospitality, packaging and recycling, logistics, advice and education. Over the years, as it progressively expanded its activities in Africa and in the Indian Ocean, the Group also positioned itself as a major player in the region.\n\nToday, it owns and manages over 20 businesses, employs over 4,000 talents and has an annual turnover exceeding MUR 12 billion\u2014placing Eclosia among the Top 5 diversified Groups in Mauritius.", "website": "http://eclosia.com/", "industry": "Food and Beverage Manufacturing", "company_size": [1001, 5000], "company_size_on_linkedin": 439, "hq": {"country": "MU", "city": "Moka", "postal_code": "80810", "line_1": "Gentilly road", "is_hq": true, "state": "Moka"}, "company_type": "PRIVATELY_HELD", "founded_year": 1966, "specialities": ["Food", "Education", "Commerce", "Business Services", "Logistics", "Hotels & Leisure", "Advice & Support", "Packaging, recycling and Energy"], "locations": [{"country": "MU", "city": "Moka", "postal_code": "80810", "line_1": "Gentilly road", "is_hq": true, "state": "Moka"}], "name": "Eclosia", "tagline": null, "universal_name_id": "eclosia-group", "profile_pic_url": "https://s3.us-west-000.backblazeb2.com/proxycurl/company/eclosia-group/profile?X-Amz-Algorithm=AWS4-HMAC-SHA256&X-Amz-Credential=0004d7f56a0400b0000000001%2F20241126%2Fus-west-000%2Fs3%2Faws4_request&X-Amz-Date=20241126T050808Z&X-Amz-Expires=3600&X-Amz-SignedHeaders=host&X-Amz-Signature=44b65a7ccd004dd4953b6dd71c63e14696483b0892397500c7bb6ebf36c7075a", "background_cover_image_url": "https://s3.us-west-000.backblazeb2.com/proxycurl/company/eclosia-group/cover?X-Amz-Algorithm=AWS4-HMAC-SHA256&X-Amz-Credential=0004d7f56a0400b0000000001%2F20241126%2Fus-west-000%2Fs3%2Faws4_request&X-Amz-Date=20241126T050808Z&X-Amz-Expires=3600&X-Amz-SignedHeaders=host&X-Amz-Signature=df41613263312ffabc5db42086850654b6bd17f68824f6728592b510b859e161", "search_id": "432463", "similar_companies": [{"name": "IBL Together", "link": "https://www.linkedin.com/company/iblgroup/", "industry": "International Trade and Development", "location": null}, {"name": "ENL Group", "link": "https://www.linkedin.com/company/enl-group/", "industry": "Investment Management", "location": null}, {"name": "Panagora", "link": "https://www.linkedin.com/company/panagora-marketing/", "industry": "Food and Beverage Manufacturing", "location": null}, {"name": "CIEL Group", "link": "https://www.linkedin.com/company/cielgroup/", "industry": "Financial Services", "location": null}, {"name": "Alteo", "link": "https://www.linkedin.com/company/alteolimited/", "industry": "Executive Offices", "location": null}, {"name": "MCB Group", "link": "https://www.linkedin.com/company/mcbgroup/", "industry": "Financial Services", "location": null}, {"name": "Medine ", "link": "https://www.linkedin.com/company/medinegroup/", "industry": "Executive Offices", "location": null}, {"name": "Scott & Co Ltd", "link": "https://www.linkedin.com/company/scott-&-co-ltd/", "industry": "Food and Beverage Services", "location": null}, {"name": "Terra", "link": "https://www.linkedin.com/company/terra-mauricia-ltd/", "industry": "Investment Management", "location": null}, {"name": "Avipro", "link": "https://www.linkedin.com/company/aviprogroup/", "industry": "Food and Beverage Manufacturing", "location": null}, {"name": "Rogers Capital", "link": "https://www.linkedin.com/company/rogers-capital/", "industry": "Financial Services", "location": null}, {"name": "Omnicane Ltd.", "link": "https://www.linkedin.com/company/omnicane-ltd-/", "industry": "Food and Beverage Manufacturing", "location": null}, {"name": "Evaco Group", "link": "https://www.linkedin.com/company/evaco-group/", "industry": "Real Estate", "location": null}, {"name": "SWAN Mauritius", "link": "https://www.linkedin.com/company/swan-mauritius/", "industry": "Financial Services", "location": null}, {"name": "Rogers Group", "link": "https://www.linkedin.com/company/rogers-group/", "industry": "Investment Management", "location": null}, {"name": "Mauritius Revenue Authority", "link": "https://www.linkedin.com/company/mauritius-revenue-authority-mra/", "industry": "Government Administration", "location": null}, {"name": "PwC Mauritius", "link": "https://www.linkedin.com/company/pwcmauritius/", "industry": "Financial Services", "location": null}, {"name": "SBM Bank Mauritius", "link": "https://www.linkedin.com/company/sbmbank/", "industry": "Banking", "location": null}, {"name": "Ascencia Ltd", "link": "https://www.linkedin.com/company/ascencia-group/", "industry": "Commercial Real Estate", "location": null}, {"name": "Air Mauritius", "link": "https://www.linkedin.com/company/airmauritius/", "industry": "Airlines and Aviation", "location": null}], "affiliated_companies": [], "updates": [{"article_link": "https://www.linkedin.com/posts/eclosia-group_coach-ou-mentor-%C3%A0-certaines-%C3%A9tapes-cl%C3%A9s-activity-7262000162674245633-gBZe", "image": "https://media.licdn.com/dms/image/v2/D4D22AQFdyslzOe3aGA/feedshare-shrink_2048_1536/feedshare-shrink_2048_1536/0/1731395759333?e=1734566400&v=beta&t=CTAfYoqZGkSvBoa2lwfyV6Vhs6carW5Gd7_UPw3q-Uc", "posted_on": {"day": 12, "month": 11, "year": 2024}, "text": "Coach ou Mentor\u00a0? \u00c0 certaines \u00e9tapes cl\u00e9s de notre carri\u00e8re, on a besoin d\u2019aide, de conseils, de recul. C\u2019est l\u00e0 o\u00f9 le coach ou le mentor entrent en jeu. Mais \u00e0 qui faire appel et quand\u00a0?\n\n\ud83d\ude80 Le mentorat\u00a0vise le d\u00e9veloppement global du mentor\u00e9 en s\u2019appuyant sur les exp\u00e9riences personnelles et professionnelles du mentor. Cette d\u00e9marche, bas\u00e9e sur le partage d\u2019exp\u00e9riences et un soutien \u00e0 long terme, aide le mentor\u00e9 \u00e0 progresser dans sa carri\u00e8re, \u00e0 d\u00e9velopper des comp\u00e9tences en leadership et \u00e0 \u00e9largir la vision de son r\u00f4le ou de son secteur. La relation entre mentor et mentor\u00e9 est g\u00e9n\u00e9ralement informelle, le mentor agissant comme guide pour offrir des perspectives et \u00e9clairer les d\u00e9cisions du mentor\u00e9.\n\n\ud83d\udcac Le mentorat est accessible \u00e0 toute personne motiv\u00e9e par le d\u00e9sir de progresser et qui souhaite s'inspirer de nos\u00a0Senior Leaders. De nombreux mentors existent au sein d\u2019Eclosia - 10 nouveaux mentors ont \u00e9t\u00e9 form\u00e9s cette ann\u00e9e - il suffit d\u2019avoir une conversation avec son manager direct.\n\n\ud83c\udfaf Le coaching\u00a0est ax\u00e9 sur des objectifs sp\u00e9cifiques, et sur l\u2019am\u00e9lioration de comp\u00e9tences ou de comportements pr\u00e9cis. Il est souvent de courte ou moyenne dur\u00e9e et vise \u00e0 accompagner le coach\u00e9 pour atteindre un objectif ou r\u00e9soudre un probl\u00e8me sp\u00e9cifique, en travaillant sur des aspects tels que la performance, la gestion du stress, ou le d\u00e9veloppement de comp\u00e9tences (leadership competencies) pr\u00e9cises. La relation dans le coaching est plus structur\u00e9e et centr\u00e9e sur le coach\u00e9, avec une approche neutre et objective.\n\n\ud83d\udca1 De nombreux coaches externes sont \u00e9valu\u00e9s chaque ann\u00e9e et disponibles pour des accompagnements sp\u00e9cifiques, il suffit de se r\u00e9f\u00e9rer au coaching directory d\u2019Eclosia.\n\nMerci \u00e0 nos nouveaux mentors 2024 ! Caroline RAULT, Nicolas Caboche, Nadine Viger, Romain Harel, Joel Bathfield, Vincent Tulet, Waz Badurally Adam, Annabelle Nayna, Frederic Basset, Kevin Fok", "total_likes": 189}, {"article_link": "https://www.linkedin.com/posts/eclosia-group_st-brandon-activity-7256962031705083905-M-CA", "image": null, "posted_on": {"day": 3, "month": 11, "year": 2024}, "text": "D\u00e9couvrez ou red\u00e9couvrez St. Brandon, sanctuaire naturel isol\u00e9 dont la beaut\u00e9 ne laisse personne indiff\u00e9rent. Aux c\u00f4t\u00e9s d\u2019une \u00e9quipe multidisciplinaire, notre coll\u00e8gue Bernardo Nascimento s\u2019y est rendu pour documenter, sensibiliser, et pr\u00e9parer des actions de restauration. Face aux menaces de pollution marine, d\u2019esp\u00e8ces invasives et de p\u00eache ill\u00e9gale, l\u2019\u00e9quipe se mobilise pour pr\u00e9server St. Brandon en tant que patrimoine naturel inestimable, pour les g\u00e9n\u00e9rations actuelles et \u00e0 venir.\n#OdysseoFoundation #NationalGeographic", "total_likes": 67}, {"article_link": "https://www.linkedin.com/posts/eclosia-group_faireeclorechaquepotentiel-activity-7255529013429846016-Uv5H", "image": null, "posted_on": {"day": 27, "month": 10, "year": 2024}, "text": "Cette semaine, New Maurifoods Ltd f\u00eate ses 50 ans ! \u00c0 cette occasion, Simla et Kaliyani nous plongent dans leur univers : deux Factory Attendants qui, avec leur bonne humeur et leur professionnalisme, mettent l'ambiance au quotidien !\n#FaireEcloreChaquePotentiel", "total_likes": 105}, {"article_link": "https://www.linkedin.com/posts/eclosia-group_lfdp-activity-7254465238308114433-nWq_", "image": null, "posted_on": {"day": 27, "month": 10, "year": 2024}, "text": "Apr\u00e8s six mois d\u2019\u00e9v\u00e9nements orchestr\u00e9s par notre coll\u00e8gue Catherine AHNEE GOUEREC et toute l\u2019\u00e9quipe de Les Moulins de la Concorde Lt\u00e9e, la grande finale de la F\u00eate du Pain a pris place ce week-end \u00e0 Tribeca, et a marqu\u00e9 la fin de cette \u00e9dition revisit\u00e9e par l\u2019agence Gung Ho Advertising. Le moment tant attendu a r\u00e9v\u00e9l\u00e9 le talent qui repr\u00e9sentera Maurice au Mondial du Pain 2025. Cr\u00e9ativit\u00e9. Excellence. Partage. Transmission du savoir-faire. Revivez en images cette F\u00eate du Pain 2024.", "total_likes": 73}, {"article_link": "https://www.linkedin.com/posts/eclosia-group_journ%C3%A9e-mondiale-de-la-sant%C3%A9-mentale-activity-7250058694485278720-Ud1Y", "image": null, "posted_on": {"day": 17, "month": 10, "year": 2024}, "text": "Gina Casset est notre Counselling and Well-Being Specialist depuis 22 ans au sein d'Eclosia ! Elle prend soin des employ\u00e9s du groupe aux moments difficiles de leur vie priv\u00e9e et/ou professionnelle. Aujourd'hui plus que jamais, elle sensibilise sur la sant\u00e9 mentale au travail pour que cela devienne une priorit\u00e9 concr\u00e8te pour tous.\u00a0\n#FaireEcloreChaquePotentiel", "total_likes": 63}, {"article_link": "https://www.linkedin.com/posts/eclosia-group_rapport-eclosia-way-202324-activity-7259153794314215424-mhHZ", "image": null, "posted_on": {"day": 10, "month": 11, "year": 2024}, "text": "Cette ann\u00e9e, notre rapport Eclosia Way englobe les entreprises de Madagascar ainsi que celles qui ont rejoint r\u00e9cemment le groupe. Dans ce quotidien qui nous oblige tout le temps \u00e0 r\u00e9agir tr\u00e8s vite, le moment de ce rapport nous permet de penser le temps long et de r\u00e9aligner nos fondamentaux.\n\nChez Eclosia, nos 4 piliers sont : People, Process, Profit et Planet. Ils sont l\u00e0 pour consolider le pr\u00e9sent mais surtout pour guider l'avenir...\n\nVous pouvez parcourir ici notre rapport Eclosia Way : https://lnkd.in/dCwtwzmu", "total_likes": 184}], "follower_count": 39705, "acquisitions": null, "exit_data": null, "extra": null, "funding_data": [], "categories": null, "customer_list": null}
