{"linkedin_internal_id": "2340783", "description": "Entrepreneur First invests in exceptional individuals to build startups from scratch. We bring together talented outliers to develop their most ambitious ideas and raise money from the world\u2019s best investors.\n\nSince pioneering Talent Investing in 2014, we\u2019ve learned to recognize individuals with extraordinary futures before anyone else, embedding them in a community of ambitious peers and giving them the tools they need to succeed, fast. We back them before they have a company, a team, even before they have an idea, based purely on talent.\nThe startups cofounded on our programs are now worth over $10B, and include Tractable, Magic Pony Technology, Cleo, La Vie, Aztec, Sonantic, and many more.\n\nEF is backed by some of the world's leading founders and investors, including Patrick and John Collison (Stripe); Reid Hoffman (LinkedIn), Tom Blomfield (GoCardless and Monzo), Sara Clemens (Whatnot and Twitch); Demis Hassabis (Google Deepmind); and Matt Mullenweg (Wordpress). We exist to make great companies happen that otherwise wouldn\u2019t.\n\nFor more information about Entrepreneur First, visit www.joinef.com\n\nWe're hiring! Join our global team and experience firsthand the workings of a globally unique talent investor working with cutting edge entrepreneurs on world changing technologies: https://careers.joinef.com/", "website": "https://www.joinef.com/", "industry": "Venture Capital and Private Equity Principals", "company_size": [51, 200], "company_size_on_linkedin": 891, "hq": {"country": "GB", "city": "London", "postal_code": "E2 8JF", "line_1": "Senna Building, WeWork, Gorsuch Pl", "is_hq": true, "state": null}, "company_type": "PRIVATELY_HELD", "founded_year": 2011, "specialities": [], "locations": [{"country": "GB", "city": "London", "postal_code": "E2 8JF", "line_1": "Senna Building, WeWork, Gorsuch Pl", "is_hq": true, "state": null}, {"country": "SG", "city": "Singapore", "postal_code": "059911", "line_1": "32 Carpenter Street", "is_hq": true, "state": "Singapore"}, {"country": "IN", "city": "Bangalore", "postal_code": null, "line_1": null, "is_hq": true, "state": null}, {"country": "FR", "city": "Paris", "postal_code": "75013", "line_1": "Station F, 5 Parvis Alan Turing", "is_hq": true, "state": null}, {"country": "US", "city": "New York", "postal_code": "10011", "line_1": "33 W 17th St", "is_hq": true, "state": "New York"}], "name": "Entrepreneur First", "tagline": "Entrepreneur First invests in exceptional individuals to build startups from scratch.", "universal_name_id": "entrepreneur-first", "profile_pic_url": "https://media.licdn.com/dms/image/v2/D4E0BAQFVNWbOq8zpjg/company-logo_400_400/company-logo_400_400/0/1695139054297/entrepreneur_first_logo?e=1740614400&v=beta&t=eWGDyofv-2A7ITSGmkcPr6qXI4Q8e-ZoRw6OgECtFE0", "background_cover_image_url": "https://media.licdn.com/dms/image/v2/D4E3DAQGcjEkUOG7ypw/image-scale_191_1128/image-scale_191_1128/0/1695216382141/entrepreneur_first_cover?e=1733205600&v=beta&t=MtqsNSMg8aUPcdQL43iJYPlEKFwhXPytsXzcJHj9r48", "search_id": "2340783", "similar_companies": [{"name": "Antler", "link": "https://www.linkedin.com/company/antlerglobal/", "industry": "Venture Capital and Private Equity Principals", "location": null}, {"name": "Techstars", "link": "https://www.linkedin.com/company/techstars/", "industry": "Venture Capital and Private Equity Principals", "location": null}, {"name": "Sequoia Capital", "link": "https://www.linkedin.com/company/sequoia/", "industry": "Venture Capital and Private Equity Principals", "location": null}, {"name": "South Park Commons", "link": "https://www.linkedin.com/company/southparkcommons/", "industry": "Venture Capital and Private Equity Principals", "location": null}, {"name": "HF0 Residency", "link": "https://www.linkedin.com/company/hf0/", "industry": "Venture Capital and Private Equity Principals", "location": null}, {"name": "Pear VC", "link": "https://www.linkedin.com/company/pear-vc/", "industry": "Venture Capital and Private Equity Principals", "location": null}, {"name": "Andreessen Horowitz", "link": "https://www.linkedin.com/company/a16z/", "industry": "Venture Capital and Private Equity Principals", "location": null}, {"name": "Stealth Startup", "link": "https://www.linkedin.com/company/stealth-startup-51/", "industry": "Technology, Information and Internet", "location": null}, {"name": "500 Global", "link": "https://www.linkedin.com/company/500global/", "industry": "Venture Capital and Private Equity Principals", "location": null}, {"name": "500 Startups", "link": "https://www.linkedin.com/company/500startupss/", "industry": "Venture Capital and Private Equity Principals", "location": null}, {"name": "Pioneer", "link": "https://www.linkedin.com/company/pioneerdotapp/", "industry": "Technology, Information and Internet", "location": null}, {"name": "Fluently: AI English coach", "link": "https://www.linkedin.com/company/fluently-ai/", "industry": "Technology, Information and Internet", "location": null}, {"name": "Plug and Play Tech Center", "link": "https://www.linkedin.com/company/plug-and-play-tech-center/", "industry": "Venture Capital and Private Equity Principals", "location": null}, {"name": "Seedcamp", "link": "https://www.linkedin.com/company/seedcamp_2/", "industry": "Venture Capital and Private Equity Principals", "location": null}, {"name": "Zinc", "link": "https://www.linkedin.com/company/zincvc/", "industry": "Venture Capital and Private Equity Principals", "location": null}, {"name": "Founders Factory", "link": "https://www.linkedin.com/company/foundersfactory/", "industry": "Technology, Information and Internet", "location": null}, {"name": "Accel", "link": "https://www.linkedin.com/company/accel-vc/", "industry": "Venture Capital and Private Equity Principals", "location": null}, {"name": "Pioneer Fund", "link": "https://www.linkedin.com/company/pioneerfund/", "industry": "Venture Capital and Private Equity Principals", "location": null}, {"name": "CodeAnt AI (YC W24)", "link": "https://www.linkedin.com/company/codeant-ai/", "industry": "Software Development", "location": null}, {"name": "Studio Neiro", "link": "https://www.linkedin.com/company/neiro-ai/", "industry": "Software Development", "location": null}], "affiliated_companies": [], "updates": [{"article_link": "https://www.linkedin.com/posts/simonpastor_escape-the-city-and-build-join-us-for-ugcPost-7265373844696174593-oGvH", "image": null, "posted_on": {"day": 22, "month": 11, "year": 2024}, "text": "Escape the city and build \ud83d\ude80\n\nJoin us for a weekend upstate to work on your startup/side project with some of the best builders in ny\n\nlink to register in comments", "total_likes": 64}, {"article_link": "https://www.linkedin.com/posts/entrepreneur-first_are-you-fundamentally-more-productive-with-activity-7265697844013998080-lmPy", "image": "https://media.licdn.com/dms/image/v2/D5622AQH0SUwVYllN9w/feedshare-shrink_2048_1536/feedshare-shrink_2048_1536/0/1732277354934?e=1735776000&v=beta&t=gTPnzzfzqcWrtrUyrsk8NeS-dy8WmH515ioQvj7NsT4", "posted_on": {"day": 23, "month": 11, "year": 2024}, "text": "Are you fundamentally more productive with your cofounder than what you previously thought possible?\n\nOnce you\u2019ve identified a potential cofounder the best way to test the relationship is to start building a company. In Episode # 3 of their podcast series \u2018How to be a Founder\u2019, Alice Bentinck and Matt Clifford discuss the importance of front loading failure and addressing compatibility concerns early on with radical candour.\n\nStartups are inherently volatile, but it\u2019s important not to put off difficult conversations. Make sure you\u2019re aligned on what you\u2019re working on, what your roles are, and what you're expecting progress to be. It\u2019s important to be honest with yourself and your cofounder about this and not to shy away from breaking up if needed:\n\n\u201cIt\u2019s natural to want to defer painful conversations, but great founders run into the spike\u201d\n\nWhen testing cofounder relationships, one of the most important things to look at is readiness to found. For Alice and Matt, commitment is a key non-negotiable along with a number of others outlined in their book linked below.\nOne of the advantages of joining EF is the guarantee that everyone on the cohort has committed to founding now, and given up something valuable to be there full time. You can find out more about the upcoming program dates via our website.\n\n- How to work with your cofounder Episode #3 Spotify \ud83d\udc49 https://lnkd.in/gsxjjStC\n\n- How to work with your cofounder Episode #3 Apple Podcasts \ud83d\udc49 https://lnkd.in/gj99qW9g\n\n- How to be a Founder book \ud83d\udc49 https://lnkd.in/eUVdCnaU\n\n- Upcoming EF programs \ud83d\udc49 https://apply.joinef.com", "total_likes": 21}, {"article_link": "https://www.linkedin.com/posts/yoandicosmo_there-are-decades-where-nothing-happens-and-activity-7265393579756240897-wd6D", "image": "https://media.licdn.com/dms/image/v2/D4E22AQE5gtUR6Fsqlw/feedshare-shrink_2048_1536/feedshare-shrink_2048_1536/0/1732202860586?e=1735776000&v=beta&t=qiBvnYjJgZtCjdnBfqWj0M-OZaUcizCNL-VYgrsHbTY", "posted_on": {"day": 22, "month": 11, "year": 2024}, "text": "There are decades where nothing happens and week-ends where decades happen.\n\nTwice a month, we bring together a select group of aspiring founders at\u00a0Entrepreneur First's Saturday Morning Club.\n\nThe idea is simple: find your co-founder, work on real ideas, get on a clear path to securing $250k for your project and launch your company in San Francisco.\n\nThis event isn\u2019t for everyone. We\u2019re building a carefully curated community of individuals who are dead serious about becoming founders.\n\nNext session will be special, as we\u2019re partnering with\u00a0Singular, the fund behind Typology and Shares.\n\nA special thank you to\u00a0Julia Denoly,\u00a0Maud Larbey, and\u00a0Carolina Neri\u00a0for making this session possible!\n\nRegister here:\u00a0https://lu.ma/smc5\n\nSee you in 2034 ;)", "total_likes": 51}, {"article_link": "https://www.linkedin.com/posts/entrepreneur-first_finding-the-right-cofounder-involves-searching-activity-7265068252626665474-N8QK", "image": "https://media.licdn.com/dms/image/v2/D4E22AQGdUTbnGbN-UA/feedshare-shrink_2048_1536/feedshare-shrink_2048_1536/0/1732127248834?e=1735776000&v=beta&t=DMD7KiDX3K2bzcCiRsNa100d0BPTD0mY1k9Bl1r7Gog", "posted_on": {"day": 21, "month": 11, "year": 2024}, "text": "Finding the right cofounder involves searching, selecting, and testing with a number of potential people to find the right fit.\n\nBut what happens if you don\u2019t have enough people in your network who are as determined and ambitious as you? And even if you do, are they ready to start a company right now?\n\nIn Episode # 2 of their podcast \u2018How to be a Founder\u2019 Alice Bentinck and Matt Clifford discuss the outsized benefits of finding the RIGHT cofounder, and the culture they\u2019ve created at EF that embraces forming and re-forming teams at pace.\n\nFor many founders, access to a large pool of potential cofounders is one of the significant early hurdles. If you\u2019re still at university and wanting to found a company then reach out to one of our Talent Investors below to find out how EF turns ambitious strangers into cofounders over a 12 week period.\n\nFor further advice on how to select and test your ideas with potential cofounders, check out Alice and Matt\u2019s book on How to be a Founder linked below.\n\n- How to find a cofounder Episode #2 Spotify \ud83d\udc49https://lnkd.in/eag58Yvj\n\n- How to find a cofounder Episode #2 Apple Podcasts \ud83d\udc49\nhttps://lnkd.in/eyPE_54v\n\n- How to be a Founder book \ud83d\udc49\nhttps://lnkd.in/eUVdCnaU", "total_likes": 40}, {"article_link": "https://www.linkedin.com/posts/amy-b-877533b0_slack-zapier-doordash-all-unicorns-started-activity-7260288256888516608-oytX", "image": "https://media.licdn.com/dms/image/v2/D4E22AQG8UDmWlgK5fQ/feedshare-shrink_2048_1536/feedshare-shrink_2048_1536/0/1730987609012?e=1735776000&v=beta&t=Ut7IcQkcA2aaWAfZmFKyvvdiV2xL5-QEGNwVEjPQK04", "posted_on": {"day": 12, "month": 11, "year": 2024}, "text": "Slack, Zapier, DoorDash \u2014 all unicorns started at a hackathon.\n\nReady to build the next big thing? Don\u2019t miss your chance to bring it to life at EF Hack. Win \u00a31,500, an exclusive dinner with Matt Clifford, and get the opportunity to develop your idea with our support over time \u2014 including a pitch for potential angel investment. \n\nApply now! Link in the comments \u2b07\ufe0f", "total_likes": 75}, {"article_link": "https://www.linkedin.com/posts/entrepreneur-first_ive-been-saying-i-want-to-do-this-startup-activity-7264326282170003457-3wuM", "image": null, "posted_on": {"day": 19, "month": 11, "year": 2024}, "text": "\u201cI\u2019ve been saying I want to do this startup thing in 5 years, this is my chance to just do it.\u201d\n\nListen to EF Talent Investor Maxence Jamet deep dive into recent grad Patricia Apostol\u2019s early founder experience. Patricia was interning at NASA Jet Propulsion Laboratory after studying Aerospace Engineering at Delft University of Technology and Robotics at ETH Z\u00fcrich. She is now developing startup opportunities in space on the EF Paris cohort.\n\nPatricia\u2019s story embodies some of Alice Bentinck and Matt Clifford\u2019s insights on the power of being a proactive, young, optimistic founder; discussed in episode #1 of their podcast series \u2018How to be a Founder\u2019.\n\nThese ideas, along with further guidance and advice for building a successful company, can be found in full in their book linked below.\n\n----\n- Deep dive with Maxence and Patricia \ud83d\udc49 https://lnkd.in/ezGHYQiC\n\n- How to become a Founder Episode #1 Spotify \ud83d\udc49 https://lnkd.in/exDPz5CR \n\n- How to become a Founder Episode #1 Apple Podcasts \ud83d\udc49 https://lnkd.in/ezFVKxmd \n\n- How to be a Founder book \ud83d\udc49 https://lnkd.in/eUVdCnaU", "total_likes": 42}], "follower_count": 149699, "acquisitions": null, "exit_data": null, "extra": null, "funding_data": [], "categories": null, "customer_list": null}
