{"linkedin_internal_id": "35562441", "description": "Book of Experts is an \"experts on demand\" referral network for entrepreneurs, coaches, consultants, and expert-based business owners who believe in doing good by connecting with other smart people. Our goal is to share referrals and recognition for each expert\u2019s hard won expertise, by building a Referral Circle of strategic partners.", "website": "https://www.linkedin.com/redir/suspicious-page?url=https%3A%2F%2FBookOfExperts%2ecom", "industry": "Professional Training and Coaching", "company_size": [2, 10], "company_size_on_linkedin": 10, "hq": null, "company_type": "PARTNERSHIP", "founded_year": 1978, "specialities": [], "locations": [], "name": "Book of Experts", "tagline": "For experts by experts. Build your Referral Circle of Strategic Partners.", "universal_name_id": "entrepreneurs-referral-network-international", "profile_pic_url": "https://s3.us-west-000.backblazeb2.com/proxycurl/company/entrepreneurs-referral-network-international/profile?X-Amz-Algorithm=AWS4-HMAC-SHA256&X-Amz-Credential=0004d7f56a0400b0000000001%2F20241126%2Fus-west-000%2Fs3%2Faws4_request&X-Amz-Date=20241126T054143Z&X-Amz-Expires=3600&X-Amz-SignedHeaders=host&X-Amz-Signature=e203adbf318c6b87ad5dafe997486f879e2a7756c798c4d63d94eefc2e96484d", "background_cover_image_url": "https://s3.us-west-000.backblazeb2.com/proxycurl/company/entrepreneurs-referral-network-international/cover?X-Amz-Algorithm=AWS4-HMAC-SHA256&X-Amz-Credential=0004d7f56a0400b0000000001%2F20241126%2Fus-west-000%2Fs3%2Faws4_request&X-Amz-Date=20241126T054143Z&X-Amz-Expires=3600&X-Amz-SignedHeaders=host&X-Amz-Signature=766af02c5fc221bea6da069d044e0537506c04a89c6903a9f16671e303c04ddd", "search_id": "35562441", "similar_companies": [{"name": "Bookexperts", "link": "https://www.linkedin.com/company/bookexperts/", "industry": "Design Services", "location": null}, {"name": "BookXpert Pvt Ltd", "link": "https://www.linkedin.com/company/bookxpert-pvt-ltd/", "industry": "Accounting", "location": null}, {"name": "Tobin Slaven", "link": "https://www.linkedin.com/company/tobin-slaven/", "industry": "Advertising Services", "location": null}, {"name": "Fair soft solutions pvt ltd", "link": "https://www.linkedin.com/company/fair-soft-solutions-pvt-ltd/", "industry": "Accounting", "location": null}, {"name": "Closers Corp, LLC", "link": "https://www.linkedin.com/company/closers-corp-llc/", "industry": "Business Consulting and Services", "location": null}, {"name": "ASAH", "link": "https://www.linkedin.com/company/al-saraya-al-hamra/", "industry": "Consumer Services", "location": null}, {"name": "Zenith Travel & Tours LLC ", "link": "https://www.linkedin.com/company/zenith-travel-tours-llc/", "industry": "Leisure, Travel & Tourism", "location": null}, {"name": "Hassan Mukhtar & Brothers LLC", "link": "https://www.linkedin.com/company/hassan-mukhtar-&-brothers-llc/", "industry": "Cosmetics", "location": null}, {"name": "SNASCO Investments L.L.C", "link": "https://www.linkedin.com/company/snasco-investments-l-l-c/", "industry": "Investment Management", "location": null}, {"name": "AMCO APPAREL MANUFACTURING FZC", "link": "https://www.linkedin.com/company/amco-apparel-mfg-co/", "industry": "Retail Apparel and Fashion", "location": null}, {"name": "Remote Teams IT Solutions Pvt Ltd", "link": "https://www.linkedin.com/company/remote-teams-it-solutions-pvt-ltd/", "industry": "IT Services and IT Consulting", "location": null}, {"name": "Arkan Building Materials PJSC", "link": "https://www.linkedin.com/company/arkan/", "industry": "Wholesale Building Materials", "location": null}, {"name": "Yas Asset Management LLC", "link": "https://www.linkedin.com/company/yasassetmanagement/", "industry": "Retail", "location": null}, {"name": "050 Telecom ", "link": "https://www.linkedin.com/company/050-telecom/", "industry": "Telecommunications", "location": null}, {"name": "Talal Group of Companies", "link": "https://www.linkedin.com/company/talal-group-of-companies/", "industry": "Retail", "location": null}, {"name": "Powermax Fitness India Pvt. Ltd.", "link": "https://www.linkedin.com/company/powermaxfitness/", "industry": "Wellness and Fitness Services", "location": null}, {"name": "DARWISH BIN AHMED & SONS", "link": "https://www.linkedin.com/company/darwish-bin-ahmed-&-sons/", "industry": "Warehousing and Storage", "location": null}, {"name": "Vridhi Finserv Home Finance Limited", "link": "https://www.linkedin.com/company/vridhi-finserv-home-finance-limited/", "industry": "Financial Services", "location": null}, {"name": "Luxury Properties Hub", "link": "https://www.linkedin.com/company/lux-luxury-properties-hub/", "industry": "Real Estate", "location": null}, {"name": "Real Jobs In Dubai", "link": "https://www.linkedin.com/company/real-jobs-in-dubai/", "industry": "Non-profit Organizations", "location": null}], "affiliated_companies": [], "updates": [], "follower_count": 437, "acquisitions": null, "exit_data": null, "extra": null, "funding_data": [], "categories": null, "customer_list": null}
