{"linkedin_internal_id": "11773424", "description": "Ezra is on a mission to detect cancer early for everyone by offering a full body MRI scan of up to 13 organs. We are developing screening technologies using artificial intelligence to make our process more accurate, faster and cheaper.", "website": "http://ezra.com", "industry": "Hospitals and Health Care", "company_size": [51, 200], "company_size_on_linkedin": 82, "hq": {"country": "US", "city": "New York", "postal_code": "10016", "line_1": "419 Park Ave S Suite 600", "is_hq": true, "state": "NY"}, "company_type": "PRIVATELY_HELD", "founded_year": 2018, "specialities": [""], "locations": [{"country": "US", "city": "New York", "postal_code": "10016", "line_1": "419 Park Ave S Suite 600", "is_hq": true, "state": "NY"}], "name": "Ezra", "tagline": "Detecting cancer early using Full Body MRIs", "universal_name_id": "ezrainc", "profile_pic_url": "https://s3.us-west-000.backblazeb2.com/proxycurl/company/ezrainc/profile?X-Amz-Algorithm=AWS4-HMAC-SHA256&X-Amz-Credential=0004d7f56a0400b0000000001%2F20241126%2Fus-west-000%2Fs3%2Faws4_request&X-Amz-Date=20241126T050834Z&X-Amz-Expires=3600&X-Amz-SignedHeaders=host&X-Amz-Signature=0f224bf5d3591708555bf43cf78fbc28f5acd0891006f92f80f9647335beaded", "background_cover_image_url": "https://s3.us-west-000.backblazeb2.com/proxycurl/company/ezrainc/cover?X-Amz-Algorithm=AWS4-HMAC-SHA256&X-Amz-Credential=0004d7f56a0400b0000000001%2F20241126%2Fus-west-000%2Fs3%2Faws4_request&X-Amz-Date=20241126T050834Z&X-Amz-Expires=3600&X-Amz-SignedHeaders=host&X-Amz-Signature=58365b3a92d092168bb82608d2b197995dd8c483315015b956c1a3fcf43cd9fa", "search_id": "11773424", "similar_companies": [{"name": "Prenuvo", "link": "https://www.linkedin.com/company/prenuvo", "industry": "Medical Practices", "location": "Redwood City, California"}, {"name": "Nucleus Genomics", "link": "https://www.linkedin.com/company/nucleusgenomics", "industry": "Biotechnology", "location": "New York, NY"}, {"name": "beehiiv", "link": "https://www.linkedin.com/company/beehiiv", "industry": "Software Development", "location": "New York, New York"}, {"name": "Q Bio", "link": "https://www.linkedin.com/company/q-bio", "industry": "Biotechnology", "location": "San Carlos, California"}, {"name": "Biograph", "link": "https://www.linkedin.com/company/biograph", "industry": "Hospitals and Health Care", "location": "San Mateo, CA"}, {"name": "Neko Health", "link": "https://se.linkedin.com/company/nekohealth", "industry": "Hospitals and Health Care", "location": null}, {"name": "Healthier Capital", "link": "https://www.linkedin.com/company/healthier-capital", "industry": "Venture Capital and Private Equity Principals", "location": null}, {"name": "Function Health", "link": "https://www.linkedin.com/company/functionhealth", "industry": "Technology, Information and Internet", "location": null}, {"name": "Ribbon", "link": "https://ca.linkedin.com/company/ribboncareerai", "industry": "Software Development", "location": "Toronto, Ontario"}, {"name": "Forward", "link": "https://www.linkedin.com/company/forwardinc", "industry": "Software Development", "location": "San Francisco, California"}], "affiliated_companies": [], "updates": [{"article_link": null, "image": "https://media.licdn.com/dms/image/v2/D4E22AQGPx630HP4_Lg/feedshare-shrink_2048_1536/feedshare-shrink_2048_1536/0/1732545187943?e=2147483647&v=beta&t=V4OEQ4bBmuYqcE3Gnj015Xxp8-HiHZe1tB9_lQsaM84", "posted_on": {"day": 25, "month": 11, "year": 2024}, "text": "Thanksgiving is here, and it\u2019s the perfect time to focus on what truly matters - health. \ud83c\udf1f With an Ezra gift card, you can encourage your loved ones to take a proactive step toward their well-being. Did you know that 1 in 2 men and 1 in 3 women are at risk of developing cancer? \n\nEarly detection is key, and Ezra\u2019s comprehensive MRI can identify over 500 potential health issues. This year, let\u2019s give thanks for wellness and empower each other to live healthier, longer lives.\n\nWishing everyone a wonderful Thanksgiving full of gratitude and good health. \ud83e\udd83\n\nLearn more here: https://ezra.com/gift-card\n\n#Thanksgiving #EzraScans #GiftHealth", "total_likes": 4}, {"article_link": "https://ezra.com/blog/guidelines-for-lung-cancer-screening", "image": null, "posted_on": {"day": 19, "month": 11, "year": 2024}, "text": "Did you know that lung cancer is the leading cause of cancer deaths, accounting for nearly 25% of all cancer deaths? Yet, only 16% of cases are diagnosed at a localized stage, when treatment is most effective. Localized lung cancer has a survival rate of nearly 60%, while metastatic lung cancer survival drops to just 6% - a 10x difference.\n\nGiven that it is Lung Cancer Awareness Month, here is our three-step guide for lung cancer screening:\n\n\u27a1 Understand your risk for lung cancer.\n\u27a1 Pay attention to symptoms.\n\u27a1 Know and understand your screening options.\n\nEzra\u2019s comprehensive scans can provide an extra layer of support in monitoring your lung health. Early detection can be a life-saving step. \ud83d\udc99\n\nLearn more here: https://lnkd.in/eYyTGvc8\n\n#EarlyDetection #Lungs #Health #LungCancerMonth", "total_likes": 7}, {"article_link": "https://ezra.com/gift-card", "image": null, "posted_on": {"day": 19, "month": 11, "year": 2024}, "text": "As we head into the Thanksgiving season, we\u2019re reminded of the importance of gratitude and giving back. At Ezra, we\u2019re grateful for the opportunity to empower you to take control of your health. And with nearly 40% of Americans likely to develop cancer in their lifetime, proactive screenings make a big difference. This season, consider giving the gift of wellness to yourself or a loved one. \n\nOur gift cards make it easy to prioritize early cancer detection and health awareness. \n\nGive thanks with health in mind.   \n\nLink: https://ezra.com/gift-card\n\n\ud83c\udf42\n\n#Thanksgiving #Health #GiftOfWellness", "total_likes": 8}, {"article_link": "https://ezra.com/gift-card", "image": null, "posted_on": {"day": 19, "month": 11, "year": 2024}, "text": "As we head into the Thanksgiving season, we\u2019re reminded of the importance of gratitude and giving back. At Ezra, we\u2019re grateful for the opportunity to empower you to take control of your health. And with nearly 40% of Americans likely to develop cancer in their lifetime, proactive screenings make a big difference. This season, consider giving the gift of wellness to yourself or a loved one. \n\nOur gift cards make it easy to prioritize early cancer detection and health awareness. \n\nGive thanks with health in mind.   \n\nLink: https://ezra.com/gift-card\n\n\ud83c\udf42\n\n#Thanksgiving #Health #GiftOfWellness", "total_likes": 8}, {"article_link": null, "image": "https://media.licdn.com/dms/image/v2/D4E22AQGNSSgPT-Cv4g/feedshare-shrink_2048_1536/feedshare-shrink_2048_1536/0/1730991675381?e=2147483647&v=beta&t=KT64XENNANIiVFZZu50io0jjUasFy--kyOqXyLqbXgs", "posted_on": {"day": 19, "month": 11, "year": 2024}, "text": "We're thrilled to announce new partnerships with incredible radiology imaging centers across the U.S. Our mission is to make early cancer detection more accessible, and these new partners are helping us bring full body scanning to even more communities.\n\nHere are the latest additions to the Ezra family:\n\n\u2600\ufe0f Crown Valley Imaging - Newport Beach (Orange County, CA): Delivering exceptional care with state-of-the-art technology.\n\n\ud83d\udccd Inview Imaging (East Bay, CA): Making affordable, quality radiology imaging available across the Bay Area.\n\n\u2b50 MRI Centers of Texas (Houston, TX): Quality imaging backed by a highly knowledgeable team in the heart of Texas.\n\n\ud83c\udf31 Smart Scan Medical Imaging, LLC (Madison, WI): Your trusted radiology specialists in Wisconsin.\n\n\ud83d\udecf\ufe0f SpecialT MRI, LLC (St. Louis, MO): Combining cutting-edge technology with compassionate patient care.\n\nWe're proud to expand our network and make preventive health even more convenient for our members. Find your closest Ezra partner location at ezra.com and take control of your health today.", "total_likes": 24}, {"article_link": null, "image": "https://media.licdn.com/dms/image/v2/D4E22AQFFQiDaUbMXAA/feedshare-shrink_800/feedshare-shrink_800/0/1730993291156?e=2147483647&v=beta&t=T0NaFZ_6hwSyEKuyHKYkRE6RrAPH8mU-oqQ1HxENkqY", "posted_on": {"day": 12, "month": 11, "year": 2024}, "text": "Did you know that November is Pancreatic Cancer Awareness Month? In 2024, an estimated 66,440 people in the U.S. will be diagnosed with pancreatic cancer (source: cancer.org), a disease that remains one of the most challenging to detect early. Early detection is key, and that's why we encourage you not to take chances when it comes to your health. By signing up for an Ezra scan, you can take a proactive step towards identifying potential risks and ensuring peace of mind. Don't wait. Take control of your health today.", "total_likes": 14}, {"article_link": null, "image": "https://media.licdn.com/dms/image/v2/D5605AQHq9ygh4CnaLQ/videocover-high/videocover-high/0/1729869895513?e=2147483647&v=beta&t=IA2OgLs22axmMwWhyY43vutoNcNtbTZSjTUGO_GLkA4", "posted_on": {"day": 26, "month": 10, "year": 2024}, "text": "MRI saved my life. It may save yours too.\n\nI\u2019m excited to announce the world's best full-body MRI protocol in partnership with Emi Gal and Ezra. This Blueprint MRI includes everything I\u2019ve learned over the past four years becoming the most MRI-measured person in the world. That's me in the video below.  Book yours today: ezra.com/blueprint\n\nA few years ago, a routine Ezra MRI showed that I have internal jugular vein stenosis (IJVS). This means I have genetically narrow jugular veins which restricted blood flow from my brain to my body which is very bad for the brain. My bad posture was making it ever worse.  \n\nAfter the MRI found this - that I\u2019ve had my entire life but never diagnosed any other way - I was able to do physical therapy and improve my posture and muscle that corrected for better blood flow. I also corrected for my sleep position and posture when I look at my phone or work on a computer.  \n\nThese things dramatically improved the health of my brain via the reduction of white matter hyper-intensities. MRI is great as it sees things that physical appearance hides, blood work struggles to pick up, and for which no symptoms exist.\n\nIf you want to get an Ezra Blueprint scan, there are three to choose from: \n\nThree scans to choose from: \n\nFlash - a 30-minute MRI that screens for cancer and 500+ conditions in 13 organs.\n\nFull Body - a 60-minute MRI that screens for cancer and 500+ conditions in 13 organs, and assesses  the spine for degenerative changes.\n\nEzra Blueprint is the most advanced scan in the world. Two 60-minute MRIs covering Brain, Adrenal Glands, Spine, Bladder, Ovaries, Uterus, Prostate, Pelvis, Kidney, Thyroid, Gallbladder, Pancreas, Spleen, Liver, MRA of the head and neck (MRA Carotid, MRA Circle of Willis (COW)), Neck, Hips and knees. PLUS a Low-dose Chest CT of the lungs with Coronary Artery Calcium Scoring. Available in LA, NYC, NJ, Miami, Austin, and Orange County.\n\n If you want to be proactive about your health you can do this annually. Longitudinal monitoring is the best way to detect changes early.\n\n+ Detect potential cancer in the early stages to help ensure the best outcome\n+ Identify life-threatening problems such as tumors, aneurysms, and more\n+ Detect the risk of dementia a decade prior to symptoms [1]\n+ Screens for 500 conditions & health of 13 organs\n+ Decode the biological age of your brain\n+ Provide a comprehensive measurement profile of your joints and spine, informing lifestyle and therapies\n\nHere are my latest MRI results:\n No detectable cancer\n Brain age: 42 (I\u2019m 47)\n Hippocampi are in the 72nd percentile\n Brain volume top 73rd percentile\n Brain inflammation: less than 80% of my age group\n Brain gray matter: top 84th percentile\n Brain white matter: top 80th percentile lesion free\n Muscle mass: 100th percentile\n Fat in Muscles: 100th percentile\n Visceral fat: 100th percentile\n Subcutaneous fat: 100th percentile\n\nMRI is widely used and well-known to be safe.", "total_likes": 1220}, {"article_link": null, "image": "https://media.licdn.com/dms/image/v2/D4E22AQH8sinjcFw_Hw/feedshare-shrink_2048_1536/feedshare-shrink_2048_1536/0/1729613880364?e=2147483647&v=beta&t=K-klz1lPOC_b2sgYTe-4JSEyunLWwZV8j5h2khHpNFc", "posted_on": {"day": 26, "month": 10, "year": 2024}, "text": "We're excited to introduce the Ezra Blueprint Scan\u2014the most advanced full body scan available today.\n\nDesigned in partnership with Bryan Johnson, leveraging his pioneering longevity protocols, Ezra Blueprint combines cutting-edge MRI, CT, and AI technology to provide an unprecedented view of your health. From assessing your body composition to understanding brain age and coronary health, Ezra Blueprint delivers deep, actionable insights to help you take control of your wellness.\n\nWe're proud to launch Ezra Blueprint at select partner facilities across Los Angeles, New York City, New Jersey, Miami, Austin, and Orange County.\nBe among the first to experience this innovation in preventive health. To learn more or book your scan, click the link below www.ezra.com/blueprint/", "total_likes": 35}, {"article_link": "https://www.businessinsider.com/most-promising-startups-2024-according-top-vcs-2024-8", "image": null, "posted_on": {"day": 26, "month": 8, "year": 2024}, "text": "Another milestone for the team and our community at Ezra AI. Thanks everyone for your support along the way!", "total_likes": 12}, {"article_link": "https://www.businessinsider.com/most-promising-startups-2024-according-top-vcs-2024-8", "image": null, "posted_on": {"day": 26, "month": 8, "year": 2024}, "text": null, "total_likes": 0}, {"article_link": "https://www.businessinsider.com/most-promising-startups-2024-according-top-vcs-2024-8", "image": null, "posted_on": {"day": 26, "month": 8, "year": 2024}, "text": "Thrilled that Ezra has been selected as one of the most promising startups of 2024 by Business Insider. Let\u2019s save more lives! \n\nhttps://lnkd.in/eqVUFNuN", "total_likes": 149}], "follower_count": 11105, "acquisitions": null, "exit_data": null, "extra": null, "funding_data": [], "categories": null, "customer_list": null}
