{"linkedin_internal_id": "7487", "description": "The quality of education in Fort Bend County has long been a driving force to attract families to the area. Fort Bend County is one of the fastest-growing counties in the nation. As the largest school district in the county, Fort Bend ISD is an outstanding K-12 public education system.\n\nThe District is Texas\u2019 sixth largest with more than 80,000 students and one of the most diverse in the nation. Working and learning cohesively alongside families who speak more than 100 languages and dialects, the schools work together with students, their families and the community to address each student\u2019s unique needs.\n\nFBISD currently has 82 campuses: 11 high schools, 15 middle schools, 51 elementary campuses and five specialty schools to address the academic and vocational interests of students. With more than 11,000 full-time employees and substitutes, the District is the largest employer in Fort Bend County.\n\nFort Bend ISD is committed to its mission to inspire and equip all students to pursue futures beyond what they can imagine.", "website": "http://www.fortbendisd.com/", "industry": "Primary and Secondary Education", "company_size": [10001, null], "company_size_on_linkedin": 5839, "hq": {"country": "US", "city": "Sugar Land", "postal_code": "77479", "line_1": "16431 Lexington Blvd", "is_hq": true, "state": "Texas"}, "company_type": "EDUCATIONAL", "founded_year": 1959, "specialities": ["K-12 Education", "Technology", "Facilities", "Before and After School Programs", "Child Nutrition", "Human Resources", "Special Education", "Leadership Development", "CTE"], "locations": [{"country": "US", "city": "Sugar Land", "postal_code": "77479", "line_1": "16431 Lexington Blvd", "is_hq": true, "state": "Texas"}], "name": "Fort Bend ISD", "tagline": "Inspire | Equip | Imagine", "universal_name_id": "fortbendisd", "profile_pic_url": "https://s3.us-west-000.backblazeb2.com/proxycurl/company/fortbendisd/profile?X-Amz-Algorithm=AWS4-HMAC-SHA256&X-Amz-Credential=0004d7f56a0400b0000000001%2F20241126%2Fus-west-000%2Fs3%2Faws4_request&X-Amz-Date=20241126T050833Z&X-Amz-Expires=3600&X-Amz-SignedHeaders=host&X-Amz-Signature=ef48f677402804ab106f9fb1c75f2d1a7cf5e34bdec28894a4bf473c48cb85b4", "background_cover_image_url": "https://s3.us-west-000.backblazeb2.com/proxycurl/company/fortbendisd/cover?X-Amz-Algorithm=AWS4-HMAC-SHA256&X-Amz-Credential=0004d7f56a0400b0000000001%2F20241126%2Fus-west-000%2Fs3%2Faws4_request&X-Amz-Date=20241126T050833Z&X-Amz-Expires=3600&X-Amz-SignedHeaders=host&X-Amz-Signature=d41e5137e2a9de0bc223b4a1d7caa4c0367b821a5778ccbc7cd44ad498604d51", "search_id": "7487", "similar_companies": [{"name": "MUENSTER ISD", "link": "https://www.linkedin.com/company/muenster-isd/", "industry": "Education Administration Programs", "location": null}, {"name": "ACADEMY ISD", "link": "https://www.linkedin.com/company/academy-isd/", "industry": "Primary and Secondary Education", "location": null}, {"name": "Write the World", "link": "https://www.linkedin.com/company/write-the-world/", "industry": "E-Learning Providers", "location": null}, {"name": "Cheng & Tsui", "link": "https://www.linkedin.com/company/cheng-&-tsui-company/", "industry": "Book and Periodical Publishing", "location": null}, {"name": "DeltaMath Solutions", "link": "https://www.linkedin.com/company/deltamath/", "industry": "Software Development", "location": null}, {"name": "Grand Prairie ISD", "link": "https://www.linkedin.com/company/grand-prairie-isd/", "industry": "Primary and Secondary Education", "location": null}, {"name": "The Mind Trust", "link": "https://www.linkedin.com/company/themindtrust/", "industry": "Education Administration Programs", "location": null}, {"name": "Spring Branch ISD", "link": "https://www.linkedin.com/company/spring-branch-isd/", "industry": "Education Administration Programs", "location": null}, {"name": "Goodheart-Willcox", "link": "https://www.linkedin.com/company/gwpublisher/", "industry": "Book Publishing", "location": null}, {"name": "Association of College and University Educators (ACUE)", "link": "https://www.linkedin.com/company/acue/", "industry": "E-Learning Providers", "location": null}, {"name": "Instruction Partners", "link": "https://www.linkedin.com/company/instructionpartners/", "industry": "Education Management", "location": null}, {"name": "BANCO CUSCATLAN", "link": "https://www.linkedin.com/company/banco-cuscatlan/", "industry": "Financial Services", "location": null}, {"name": "Wayfinder", "link": "https://www.linkedin.com/company/wayfinder-edu/", "industry": "Education", "location": null}, {"name": "Grupo Ficohsa", "link": "https://www.linkedin.com/company/banco-ficohsa/", "industry": "Financial Services", "location": null}, {"name": "HopSkipDrive", "link": "https://www.linkedin.com/company/hopskipdrive/", "industry": "Technology, Information and Internet", "location": null}, {"name": "Public Consulting Group", "link": "https://www.linkedin.com/company/public-consulting-group/", "industry": "Professional Services", "location": null}, {"name": "Edpuzzle", "link": "https://www.linkedin.com/company/edpuzzle-inc-/", "industry": "E-Learning Providers", "location": null}, {"name": "McGraw Hill", "link": "https://www.linkedin.com/company/mcgraw-hill-education/", "industry": "Education Administration Programs", "location": null}], "affiliated_companies": [], "updates": [{"article_link": "https://www.linkedin.com/posts/fortbendisd_education-studentteacher-professionaldevelopment-activity-7257228838508650496-R0ng", "image": "https://media.licdn.com/dms/image/v2/D5622AQHiZWccekeeug/feedshare-shrink_2048_1536/feedshare-shrink_2048_1536/0/1730258180406?e=1735171200&v=beta&t=TsrSweX3x7psufIgBj-2ONvCwPfQnLtVQCA3HpnRXYw", "posted_on": {"day": 6, "month": 11, "year": 2024}, "text": "Fort Bend ISD is developing pathways for our student and resident teachers at the Q2 Professional Development event! This is an excellent opportunity to train, educate, and connect with hiring principals while gaining valuable insights to enhance their skills. #education #studentteacher #professionaldevelopment #leadthepac", "total_likes": 42}, {"article_link": "https://www.linkedin.com/posts/fortbendisd_fort-bend-isd-is-searching-for-passionate-activity-7203230177051512833-tR-X", "image": "https://media.licdn.com/dms/image/v2/D5622AQHJ77G1RDFwug/feedshare-shrink_2048_1536/feedshare-shrink_2048_1536/0/1717383902313?e=1735171200&v=beta&t=DSPtNsXhs65IXd_1H8zA8tt5z1KqQeUhDEcoWwAEawc", "posted_on": {"day": 20, "month": 6, "year": 2024}, "text": "Fort Bend ISD is searching for passionate and dedicated individuals who are ready to make their impact in one of the most culturally diverse school districts in the nation! On Wednesday, June 5, campus and district leaders will be on hand to meet with candidates in the following job areas:\u00a0\nTeachers (General, Special Education, and Career and Technical Education)\nParaprofessionals\nNurses\nLibrarians\nInstructional Apprentices*\nElementary Candidates: 1:00 p.m. \u2013 3:00 p.m.\nMiddle/High School Candidates: 4:00 p.m. \u2013 6:00 p.m.\nTo register and for more information visit https://lnkd.in/g3icQw9q", "total_likes": 29}, {"article_link": "https://www.linkedin.com/posts/fortbendisd_the-fbisd-small-business-enterprise-program-activity-7242561850633023489-A2j9", "image": "https://media.licdn.com/dms/image/v2/D5622AQELyYxf6qrBmw/feedshare-shrink_2048_1536/feedshare-shrink_2048_1536/0/1726761304257?e=1735171200&v=beta&t=IkGqR07rlUq0DQI19_tYbWm8NMb2wkXxluNBQISemds", "posted_on": {"day": 20, "month": 9, "year": 2024}, "text": "The FBISD Small Business Enterprise Program will hold a virtual information session on September 25th for vendors and small businesses that are interested in doing business with the district.\n\u00a0\nThe event will focus on the required criteria for businesses interested in obtaining FBISD contracts.\n\u00a0\nThe session will be led by award-winning FBISD Small Business Enterprise Coordinator Jeanette Boleware. It takes place online on Wednesday, September 25, 2024 at 2 p.m. The session should last about an hour.\n\u00a0\nFor more information and to register please visit www.fortbendisd.com/sbep.", "total_likes": 2}, {"article_link": "https://www.linkedin.com/posts/fortbendisd_fallinlove-hiring2024-education-activity-7162219095558381568-c9uQ", "image": null, "posted_on": {"day": 20, "month": 2, "year": 2024}, "text": "Great turn out with on the spot hiring at Fort Bend ISD\u2019s \u201cFall in Love\u201d hiring event! We are so excited about our new team members and can\u2019t wait for our huge district-wide hiring job fair April 6th. More details to come. \n#fallinlove #hiring2024 #education #teachers #librarians #specialeducation", "total_likes": 49}, {"article_link": "https://www.linkedin.com/posts/fortbendisd_jobfair-specialeducation-activity-7235030925951037441-BN85", "image": "https://media.licdn.com/dms/image/v2/D5622AQETQKotxCgtLw/feedshare-shrink_2048_1536/feedshare-shrink_2048_1536/0/1724965791573?e=1735171200&v=beta&t=4xpN7uRJu4q48tKt7YbyQuBaPTBU26SEFIWDo4NQwi4", "posted_on": {"day": 20, "month": 9, "year": 2024}, "text": "MAKE YOUR IMPACT IN FBISD!\nSpecial Education Hiring Event to be held Tuesday, September 10\n\nFort Bend ISD is seeking qualified and dedicated staff members to lead and support student instruction throughout state\u2019s sixth-largest school district!\n\nOn Tuesday, September 10, campus and district leaders will be on hand to meet with candidates in the following job areas:\n\n*Special Education Teachers\n*Special Education Instructional Apprentices\n*Special Education Instructional Aides\n\nCandidates who register for the September 10 event should bring copies of their resumes and be prepared for on-the-spot interviews.\n\nRegister today here:\nhttps://lnkd.in/gfeTQR4k\n#jobfair #specialeducation", "total_likes": 13}, {"article_link": "https://www.linkedin.com/posts/fortbendisd_fort-bend-isd-talent-search-2024-activity-7179486877673021440-b00E", "image": null, "posted_on": {"day": 20, "month": 4, "year": 2024}, "text": "Superintendent Marc Smith personally invites you to walk down the red carpet and attend the district's largest hiring event on April 6. Join our team and make an impact in the lives of students everyday. \nhttps://lnkd.in/emY4ZJt \n\nhttps://lnkd.in/dNgRufSG", "total_likes": 91}], "follower_count": 16198, "acquisitions": null, "exit_data": null, "extra": null, "funding_data": [], "categories": null, "customer_list": null}
