{"linkedin_internal_id": "3558", "description": "The Georgia Institute of Technology is one of the nation's premier research universities providing a focused, technologically based education to more than 25,000 undergraduate and graduate students . Ranked seventh among U.S. News & World Report's top public universities, Georgia Tech offers degrees through the Colleges of Business, Computing, Design, Engineering, Liberal Arts and Sciences. The Institute offers research opportunities to both undergraduate and graduate students and is home to more than 100 centers that consistently contribute vital innovation to American government, industry, and business. ", "website": "http://gatech.edu", "industry": "Higher Education", "company_size": [5001, 10000], "company_size_on_linkedin": 19216, "hq": {"country": "US", "city": "Atlanta", "postal_code": "30332-0530", "line_1": "225 North Ave", "is_hq": true, "state": "Georgia "}, "company_type": "EDUCATIONAL", "founded_year": 1888, "specialities": ["technology", "education", "leadership", "engineering", "innovations", "entrepreneurship"], "locations": [{"country": "US", "city": "Atlanta", "postal_code": "30332-0530", "line_1": "225 North Ave", "is_hq": true, "state": "Georgia "}], "name": "Georgia Institute of Technology", "tagline": "Official account of Georgia Tech, a premier public science and research institution committed to progress and service", "universal_name_id": "georgia-institute-of-technology", "profile_pic_url": "https://s3.us-west-000.backblazeb2.com/proxycurl/company/georgia-institute-of-technology/profile?X-Amz-Algorithm=AWS4-HMAC-SHA256&X-Amz-Credential=0004d7f56a0400b0000000001%2F20241126%2Fus-west-000%2Fs3%2Faws4_request&X-Amz-Date=20241126T054231Z&X-Amz-Expires=3600&X-Amz-SignedHeaders=host&X-Amz-Signature=8d1bdbf549612d7fe6b8be646500298a4d386a29cee2998ea9f18af29a0ddc86", "background_cover_image_url": "https://s3.us-west-000.backblazeb2.com/proxycurl/company/georgia-institute-of-technology/cover?X-Amz-Algorithm=AWS4-HMAC-SHA256&X-Amz-Credential=0004d7f56a0400b0000000001%2F20241126%2Fus-west-000%2Fs3%2Faws4_request&X-Amz-Date=20241126T054231Z&X-Amz-Expires=3600&X-Amz-SignedHeaders=host&X-Amz-Signature=4dabe85529042906133952fc1882be28b1e07e73209cef833b3ab9c6aaa7cfb4", "search_id": "3558", "similar_companies": [{"name": "MIT Open Learning", "link": "https://www.linkedin.com/company/mit-open-learning/", "industry": "E-Learning Providers", "location": null}, {"name": "MIT OpenCourseWare", "link": "https://www.linkedin.com/company/mit-opencourseware/", "industry": "E-learning", "location": null}, {"name": "University of Leeds Plus Programme ", "link": "https://www.linkedin.com/company/university-of-leeds-plus-programme/", "industry": "Higher Education", "location": null}, {"name": "Stanford Online", "link": "https://www.linkedin.com/company/stanford-online/", "industry": "Higher Education", "location": null}, {"name": "Georgia Tech Research", "link": "https://www.linkedin.com/company/research-at-georgia-tech/", "industry": "Research Services", "location": null}, {"name": "Generative AI", "link": "https://www.linkedin.com/company/genai-works/", "industry": "Technology, Information and Internet", "location": null}, {"name": "OpenAI", "link": "https://www.linkedin.com/company/openai/", "industry": "Research Services", "location": null}, {"name": "Ferrari", "link": "https://www.linkedin.com/company/ferrari/", "industry": "Motor Vehicle Manufacturing", "location": null}, {"name": "Lockheed Martin", "link": "https://www.linkedin.com/company/lockheed-martin/", "industry": "Defense and Space Manufacturing", "location": null}, {"name": "MIT Computer Science and Artificial Intelligence Laboratory (CSAIL)", "link": "https://www.linkedin.com/company/mit-csail/", "industry": "Higher Education", "location": null}, {"name": "Google", "link": "https://www.linkedin.com/company/google/", "industry": "Software Development", "location": null}, {"name": "Georgia Tech - Aerospace Engineering", "link": "https://www.linkedin.com/company/georgia-tech-aerospace-engineering/", "industry": "Higher Education", "location": null}, {"name": "Tesla", "link": "https://www.linkedin.com/company/tesla-motors/", "industry": "Motor Vehicle Manufacturing", "location": null}, {"name": "SOS Children's Villages International", "link": "https://www.linkedin.com/company/sos-children%27s-villages/", "industry": "Non-profit Organizations", "location": null}, {"name": "MIT Lincoln Laboratory", "link": "https://www.linkedin.com/company/mit-lincoln-laboratory/", "industry": "Defense and Space Manufacturing", "location": null}, {"name": "RemoteWorker US", "link": "https://www.linkedin.com/company/remoteworkerus/", "industry": "Staffing and Recruiting", "location": null}, {"name": "Pratt & Whitney", "link": "https://www.linkedin.com/company/pratt-&-whitney/", "industry": "Aviation and Aerospace Component Manufacturing", "location": null}, {"name": "How to Start a Blog?", "link": "https://www.linkedin.com/company/how-to-start-a-blog-make-money/", "industry": "Advertising Services", "location": null}, {"name": "Myntra", "link": "https://www.linkedin.com/company/myntra/", "industry": "Software Development", "location": null}, {"name": "NASA - National Aeronautics and Space Administration", "link": "https://www.linkedin.com/company/nasa/", "industry": "Aviation and Aerospace Component Manufacturing", "location": null}], "affiliated_companies": [{"name": "Georgia Tech Scheller College of Business", "link": "https://www.linkedin.com/school/georgiatechscheller/", "industry": "Higher Education", "location": null}, {"name": "Georgia Tech College of Engineering", "link": "https://www.linkedin.com/showcase/georgia-tech-college-of-engineering/", "industry": "Higher Education", "location": null}], "updates": [{"article_link": "https://www.linkedin.com/posts/georgia-institute-of-technology_veteransday-activity-7261760620306272256-MUmh", "image": "https://media.licdn.com/dms/image/v2/D4E22AQEh092yntvucg/feedshare-shrink_2048_1536/feedshare-shrink_2048_1536/0/1731338645696?e=1734566400&v=beta&t=H7MIIxeqUSmFatkIPkE7KM_mJRtSZxFUOCGRJbBJPhY", "posted_on": {"day": 11, "month": 11, "year": 2024}, "text": "In honor of 1st Lt. Tyler Brown, Georgia Tech has opened the 1LT Tyler Brown Fitness Facility. Brown, a former SGA president at Georgia Tech, was killed in action in 2004 while serving a deployment in Iraq.\u00a0Located in the O\u2019Keefe Building, the space is part of efforts to provide future military leaders with the facilities they need to prepare them for the military\u2019s unique physical demands.\u00a0Brown also spearheaded the creation of the Pi Mile campus running trial, which was later named in his memory.\n\nToday we remember Tyler Brown and all the men and women who have paid the ultimate sacrifice for our freedom. | c.gatech.edu/48MBM48 \ud83c\uddfa\ud83c\uddf8\ud83d\udc1d #VeteransDay", "total_likes": 601}, {"article_link": "https://www.linkedin.com/posts/georgia-institute-of-technology_helluva-homecoming-activity-7261130013461114882-P1C4", "image": "https://media.licdn.com/dms/image/v2/D4E22AQEad2-gUUnfbw/feedshare-shrink_2048_1536/feedshare-shrink_2048_1536/0/1731188297078?e=1734566400&v=beta&t=w9g_ewTsnHLiEbej155BCmDTJWZ2UQb5tI5ylzRXFJ0", "posted_on": {"day": 10, "month": 11, "year": 2024}, "text": "Helluva Homecoming! \ud83d\udc1d", "total_likes": 3472}, {"article_link": "https://www.linkedin.com/posts/georgia-institute-of-technology_yash-proposed-to-maithili-in-the-same-place-activity-7260305739838115840-JWxO", "image": "https://media.licdn.com/dms/image/v2/D4E22AQHWHv-I_jsn4w/feedshare-shrink_2048_1536/feedshare-shrink_2048_1536/0/1730991776324?e=1734566400&v=beta&t=zMPDRETAbv9IJkTho3KMOuPm6LFZsYcD-y5sI7Vu3v8", "posted_on": {"day": 8, "month": 11, "year": 2024}, "text": "Yash proposed to Maithili in the same place they started dating\u00a0as first-year students\u00a0\u2013\u2013 next to a dumpster outside of Smith Residence Hall. After graduation, Maithili, an industrial engineering major, and Yash, a computer science major,\u00a0both completed their MBAs at Wharton. The couple\u00a0then\u00a0moved to Mumbai, India,\u00a0where they now work together in the industrial packaging industry. The recent trip back to Georgia Tech was all part of Yash's plan to surprise the love of his life.\u00a0\ud83d\udc8d\ud83d\udc9b\n\n\ud83d\udcf8:\u00a0IG/kevinbtdubs", "total_likes": 4216}, {"article_link": "https://www.linkedin.com/posts/georgia-institute-of-technology_today-we-rememberhonorary-alumnus-of-georgia-activity-7259635956863889409-zQ-A", "image": "https://media.licdn.com/dms/image/v2/D4E22AQFUWuazc-gOrw/feedshare-shrink_2048_1536/feedshare-shrink_2048_1536/0/1730832082353?e=1734566400&v=beta&t=pv_Hd8vk8ZKB3_6XQZ5-TgmfGftUI67WBOqhPU4ea7M", "posted_on": {"day": 6, "month": 11, "year": 2024}, "text": "Today, we remember\u00a0honorary alumnus of Georgia Tech and visionary entrepreneur Bernie Marcus. A co-founder of The Home Depot, Marcus' gifts have had a transformative impact\u00a0in our city and on our campus\u00a0including\u00a0The Marcus Nanotechnology Building and the Marcus Center for Therapeutic Cell Characterization and Manufacturing.\u00a0-- https://lnkd.in/eyRc6fpZ", "total_likes": 721}, {"article_link": "https://www.linkedin.com/posts/georgia-institute-of-technology_wecandothat-activity-7259258003395162112-KILx", "image": "https://media.licdn.com/dms/image/v2/D4E22AQGFOyVYVsKC0g/feedshare-shrink_2048_1536/feedshare-shrink_2048_1536/0/1730741976796?e=1734566400&v=beta&t=pdAXIqxMoBoSENr_9ApG_TPUD_mudZYK92shxaJD3Jo", "posted_on": {"day": 5, "month": 11, "year": 2024}, "text": "While cruising past Tech Tower today, Matthew Kistner eclipsed 3,000 miles behind the wheel of the Ramblin\u2019 Wreck. He is the first driver in the history of the Ramblin' Reck Club to reach that milestone. It was his goal after being selected driver last winter. Matthew has traveled with the Wreck to 10 states and all throughout the state of Georgia \ud83d\udcaa\ud83d\udc1d\ud83d\udc9b #WeCanDoThat", "total_likes": 635}, {"article_link": "https://www.linkedin.com/posts/georgia-institute-of-technology_its-still-fake-fall-activity-7257059893721939968-a_S9", "image": "https://media.licdn.com/dms/image/v2/D4E22AQH9BbPnVpi-UQ/feedshare-shrink_2048_1536/feedshare-shrink_2048_1536/0/1730217906462?e=1734566400&v=beta&t=uPAOoJKWQdcknOpfeSqt4rMqkwLaBskpsLPtTWc4xPQ", "posted_on": {"day": 5, "month": 11, "year": 2024}, "text": "It's still fake fall \ud83c\udf41\ud83c\udf1e", "total_likes": 963}], "follower_count": 467111, "acquisitions": null, "exit_data": null, "extra": null, "funding_data": [], "categories": null, "customer_list": null}
