{"linkedin_internal_id": "31094593", "description": "Globalshala embraces collaborations and is venturing to make a good world better by extending affordable global educational opportunities and purposeful possibilities that will open up hopes and dreams of life long learners around the world! \n\nInspired by United Nations Sustainable Development Goals (Goal 4: Education and Goal 5: Gender Equality and Women\u2019s Empowerment), we believe that Globalshala\u2019s services, scholarships, and programs can create impact for the youth by ensuring equal and increased access to affordable and quality higher education that will maximize their potential to obtain quality jobs and sustainable economic growth.\n\nWe invite you to join us and help achieve through individual initiatives and partnerships.\n", "website": "https://www.globalshala.com", "industry": "Education Administration Programs", "company_size": [11, 50], "company_size_on_linkedin": 218, "hq": {"country": "IN", "city": "Gurgaon", "postal_code": null, "line_1": null, "is_hq": true, "state": null}, "company_type": "PRIVATELY_HELD", "founded_year": 2020, "specialities": [], "locations": [{"country": "IN", "city": "Gurgaon", "postal_code": null, "line_1": null, "is_hq": true, "state": null}, {"country": "US", "city": "Saint Louis", "postal_code": "63133", "line_1": null, "is_hq": true, "state": "MO"}], "name": "GlobalShala", "tagline": "Connecting Potential with Possibilities", "universal_name_id": "globalshala", "profile_pic_url": "https://media.licdn.com/dms/image/v2/C4E0BAQGv86zXn5z9ng/company-logo_400_400/company-logo_400_400/0/1630650301782?e=1740614400&v=beta&t=ELkzU3Dx2bDuxDKTTrAE-1UuHBaUu2wda6-7UtTHqy8", "background_cover_image_url": "https://media.licdn.com/dms/image/v2/C561BAQHxsZTAYIdo3A/company-background_200/company-background_200/0/1640103186405/globalshala_cover?e=1733205600&v=beta&t=sv0rHn079rW5QB3kuPVqzE6v4WmIg5PPxb7gN8hQpDM", "search_id": "31094593", "similar_companies": [{"name": "Excelerate", "link": "https://www.linkedin.com/company/4excelerate/", "industry": "Higher Education", "location": null}, {"name": "Globally Recruit", "link": "https://www.linkedin.com/company/globally-recruit/", "industry": "Education Administration Programs", "location": null}, {"name": "Excelerate", "link": "https://www.linkedin.com/company/excelerate-dk/", "industry": "Staffing and Recruiting", "location": null}, {"name": "Internshala", "link": "https://www.linkedin.com/company/internshala/", "industry": "Education Administration Programs", "location": null}, {"name": "The Sparks Foundation", "link": "https://www.linkedin.com/company/the-sparks-foundation/", "industry": "Education Administration Programs", "location": null}, {"name": "Deloitte", "link": "https://www.linkedin.com/company/deloitte/", "industry": "Business Consulting and Services", "location": null}, {"name": "IFORTIS WORLDWIDE\u2122", "link": "https://www.linkedin.com/company/ifortis-worldwide/", "industry": "IT Services and IT Consulting", "location": null}, {"name": "CodeClause", "link": "https://www.linkedin.com/company/codeclause/", "industry": "IT Services and IT Consulting", "location": null}, {"name": "Bharat Intern", "link": "https://www.linkedin.com/company/bharat-intern/", "industry": "Education", "location": null}, {"name": "Wipro", "link": "https://www.linkedin.com/company/wipro/", "industry": "IT Services and IT Consulting", "location": null}, {"name": "Google", "link": "https://www.linkedin.com/company/google/", "industry": "Software Development", "location": null}, {"name": "EY", "link": "https://www.linkedin.com/company/ernstandyoung/", "industry": "IT Services and IT Consulting", "location": null}, {"name": "Amazon", "link": "https://www.linkedin.com/company/amazon/", "industry": "Software Development", "location": null}, {"name": "Oasis Infobyte", "link": "https://www.linkedin.com/company/oasis-infobyte/", "industry": "Software Development", "location": null}, {"name": "LetsGrowMore", "link": "https://www.linkedin.com/company/letsgrowmore/", "industry": "E-Learning Providers", "location": null}, {"name": "SZB Digital Amigo", "link": "https://www.linkedin.com/company/szb-digital-amigo/", "industry": "Advertising Services", "location": null}, {"name": "ZS", "link": "https://www.linkedin.com/company/zs-associates/", "industry": "Business Consulting and Services", "location": null}, {"name": "Accenture", "link": "https://www.linkedin.com/company/accenture/", "industry": "Business Consulting and Services", "location": null}, {"name": "Zomato", "link": "https://www.linkedin.com/company/zomato/", "industry": "Technology, Information and Internet", "location": null}, {"name": "Codinglimits", "link": "https://www.linkedin.com/company/codinglimits-pvt-ltd/", "industry": "IT Services and IT Consulting", "location": null}], "affiliated_companies": [], "updates": [{"article_link": "https://www.linkedin.com/posts/globalshala_exciting-news-at-globalshala-were-thrilled-activity-7155927084815597569-Rx_g", "image": "https://media.licdn.com/dms/image/v2/D4D22AQFpLLnKe_gGpA/feedshare-shrink_2048_1536/feedshare-shrink_2048_1536/0/1706105966575?e=1735776000&v=beta&t=VyEtIoGorTuo04lapLS_ve7fkzj2q8vP5_Gn7KVER-w", "posted_on": {"day": 26, "month": 1, "year": 2024}, "text": "Exciting News at GlobalShala!!!\n\nWe're thrilled to introduce our newest team member - UNO, a charming golden retriever mascot!\u00a0\nUNO\u00a0takes center stage, proudly donning a T-shirt featuring the number 4, a symbolic representation of the journey we've shared since the inception of GlobalShala.\u00a0UNO\u00a0not only signifies our commitment to unity and collaboration but also embodies the joy and excitement that learning brings.\n\nA special shoutout to the incredibly talented artist Ashna Singh, who brought UNO to life with her creative brilliance! Your artistic touch has truly captured the essence of our brand and filled it with boundless energy.\n\nUNO will be making appearances at our events, brightening them up, and spreading positive vibes. We believe our furry friend will not only bring smiles to our faces but also serve as a symbol of unity and teamwork.\n\nJoin us in welcoming UNO with open arms!", "total_likes": 41}, {"article_link": "https://www.linkedin.com/posts/globalshala_jobopportunity-universityrelations-marketing-activity-7246891019630243840-NoJ1", "image": null, "posted_on": {"day": 26, "month": 10, "year": 2024}, "text": "\ud83c\udf1f Exciting Opportunity Alert! \ud83c\udf1f\nWe\u2019re looking for a University Relations Associate to join our dynamic team! \ud83c\udf93\u2728\nIf you\u2019re passionate about building connections, creating impactful marketing strategies and engaging with future students, this might be your perfect role!\n\n\ud83d\udd0d Key Responsibilities:\nDevelop a university marketing strategy\nAttend education expos and hiring fairs across India and beyond \ud83c\udf0d\nConduct market research and establish partnerships \ud83e\udd1d\nLead training seminars for agent counselors\nSupport university staff during their visits to India \n\nWhat We\u2019re Looking For:\nStrong project management skills\nExcellent interpersonal and communication abilities \ud83d\udcac\nProven experience in PR, marketing, or hospitality\nWillingness to travel \u2708\ufe0f\nPerks Include:\nWork from home flexibility \ud83c\udfe1\nTravel reimbursement\nReady to take the next step in your career? Apply now and help shape the future of education! \ud83d\ude80\n#JobOpportunity #UniversityRelations #Marketing #Education #CareerGrowth", "total_likes": 27}, {"article_link": "https://www.linkedin.com/posts/globalshala_hiring-globalshala-marketingjobs-activity-7249395747052240896--bZY", "image": null, "posted_on": {"day": 26, "month": 10, "year": 2024}, "text": "Subject: Join Our Team! GlobalShala is Hiring! \ud83c\udf1f\n\u00a0\nGlobalShala is excited to announce that we are hiring a University Relations Junior Associate to develop and implement our university marketing strategy. This full-time position welcomes applications from freshers eager to make an impact.\nKey Responsibilities:\nDevelop and execute marketing strategies.\nAttend education expos and hiring fairs in India and abroad.\nConduct market research and build relationships with partner agencies.\nOrganize training seminars and support university staff visits.\nManage travel arrangements within budgets.\n\nRequirements:\nStrong drive and project management skills.\nExcellent time-management and communication abilities.\nWillingness to travel; experience in PR, Marketing, or Hospitality is a plus.\nWhat We Offer:\nWork-from-home flexibility\nReimbursed travel expenses\nA supportive team environment\nIf you're passionate about marketing and eager to travel, we\u2019d love to hear from you! To apply, share your resume with hr@globalshala.com or reach out directly on LinkedIn.\nLet\u2019s build the future together!\n\u00a0\nBest Regards,\n GlobalShala\n\u00a0\n#Hiring #GlobalShala #MarketingJobs #FreshersWelcome #JoinUs #WorkFromHome", "total_likes": 31}, {"article_link": "https://www.linkedin.com/posts/globalshala_subject-exciting-job-opportunities-at-globalshala-activity-7249394826725539840-Z-re", "image": null, "posted_on": {"day": 26, "month": 10, "year": 2024}, "text": "Subject: Exciting Job Opportunities at GlobalShala! \ud83c\udf0d\n\nDear LinkedIn Network,\nWe are thrilled to announce that GlobalShala is expanding our team! We are currently looking for talented professionals to fill the following full-time, remote positions:\nFull Stack Developer\nUI/UX Designer\nData Analyst\nPython Developer\nAt GlobalShala, we are committed to fostering a diverse and inclusive work environment. If you\u2019re passionate about technology and innovation, we would love to hear from you!\nWhy Join Us?\nWork in a collaborative, remote-first culture\nEngage with a global team of forward-thinkers\nContribute to impactful projects that make a difference\nInterested candidates can send their resumes to hr@globalshala.com or reach out directly via LinkedIn. Feel free to share this post with anyone who might be a great fit!\nLet\u2019s shape the future together!", "total_likes": 20}, {"article_link": "https://www.linkedin.com/posts/globalshala_globalshala-remotework-workplaceculture-activity-7158925831635886082-5rYO", "image": null, "posted_on": {"day": 26, "month": 2, "year": 2024}, "text": "\" Our Limit is Beyond Sky \"\n\nAs we end the first month of year 2024, all of us are set with goals and targets for the year. That's a good things. However, setting targets doesn't mean setting limits to oneself. So, this year let's try to do more, grow more and achieve more. Let's break constraints and strive above the perceived possibilities. Afterall, why keep sky as limit. Sky is boundless, so let's push forward to find what's beyond. Shall we?\u2728\ufe0f\n\nWe at GlobalShala believe in all our employees and their awesomeness, which we celebrated through townhall for the month of January making it one of the many more to come this year.\n\nA special congratulations for all the achievers and winners. \nSAGAR DEY Hetal Tharani varada Harshitha Saurabh Rana Nupur Mehta Gursimran Ahluwalia Siya Arora SAIKAT DEY Mahin Kousar Dakshita Khanna Deepti Jain Harsimar Kaur Chadha Raj Jirafe Bijoya Singha Deo Poonam Bhuria and  many many more \u2728\ufe0f\u2764\ufe0f\n\nHere's to a new year with endless possibilities. \n\n#globalshala #remotework #workplaceculture #workplacesuccess #employeeengagement #employeeappreciation #learningandgrowing #learninganddevelopment #newgoals #endlesspossibilities", "total_likes": 15}, {"article_link": "https://www.linkedin.com/posts/globalshala_globallyrecruit-studentsuccessadvisors-globalimpact-activity-7222531960248631297-n5zS", "image": null, "posted_on": {"day": 26, "month": 8, "year": 2024}, "text": "\ud83c\udf1f Spotlight on Our Enrollment Officers: Transforming Futures Worldwide! \ud83c\udf1f\n\nAt Globally Recruit, we're committed to creating transformative experiences for students around the globe. Our exceptional enrolment officers are embarking on a journey to the USA, where they'll be at the forefront of Orientation Week at our prestigious partner universities. Their mission? To be the cornerstone of support for international students, ensuring their transition is seamless and inspiring.\nOur Enrolment officers are not just mentors, they're architects of future success. By guiding students through their new academic and cultural landscapes, they\u2019re fostering a welcoming, inclusive environment that resonates with possibility and hope. This incredible journey grants our team unparalleled global exposure, enriching their professional expertise and personal growth.\nA heartfelt thank you to our Enrolment officers for their unwavering dedication and impactful work. Together, we're not just making a difference \u2013 we're transforming lives and building a brighter future!\n\u00a0\n#GloballyRecruit #StudentSuccessAdvisors #GlobalImpact #OrientationWeek #HigherEducation #StudentSupport #TransformingFutures\n#Enrollmentofficers", "total_likes": 46}], "follower_count": 10271, "acquisitions": null, "exit_data": null, "extra": null, "funding_data": [], "categories": null, "customer_list": null}
