{"linkedin_internal_id": "10526", "description": "GMV is a privately owned technological business group with an international presence. Founded in 1984, GMV offers its solutions, services and products in very diverse sectors: Aeronautics, Automotive, Banking and Finances, Cybersecurity, Space, Defense and Security, Healthcare, Intelligent Transportation Systems, Telecommunications, and ICT for Public Administration and large corporations.\n\nOur goal is to support our client's processes by dint of technologically advanced solutions, providing integrated systems, specialized products and services covering the whole life cycle. These range from consultancy and engineering services up to the development of software and hardware, the integration of turnkey systems and operational backup.\n\nFor sector-specific information, follow our different accounts: \n@GMV in Space\n@GMV in Cybersecurity\n@GMV in Defense and Security\n@GMV in Aeronautics\n@GMV in Intelligent Transport Systems\n@GMV in Digital Technologies\n@GMV in healthcare\n@GMV for The Global Goals", "website": "https://www.gmv.com", "industry": "IT Services and IT Consulting", "company_size": [1001, 5000], "company_size_on_linkedin": 3387, "hq": {"country": "ES", "city": "Tres Cantos", "postal_code": "28760", "line_1": "Calle Isaac Newton, 11 PTM", "is_hq": true, "state": "Madrid"}, "company_type": "PRIVATELY_HELD", "founded_year": null, "specialities": ["IT", "software", "Aeronautics", "Banking and Finances", "Space", "Defense", "Security", "Telecommunications", "Cybersecurity", "Automotive", "Intelligent Transportation Systems", "ICT", "Healthcare", "Industry", "ITS"], "locations": [{"country": "ES", "city": "Tres Cantos", "postal_code": "28760", "line_1": "Calle Isaac Newton, 11 PTM", "is_hq": true, "state": "Madrid"}, {"country": "ES", "city": "P.T. Boecillo", "postal_code": "47151", "line_1": "Juan de Herrera, 17", "is_hq": false, "state": "Valladolid"}, {"country": "ES", "city": "Zaragoza", "postal_code": "50018", "line_1": "Avda. Ranillas, 1D", "is_hq": false, "state": "Zaragoza"}, {"country": "ES", "city": "Valencia", "postal_code": "46015", "line_1": "Av. Cortes Valencianas, 58", "is_hq": false, "state": "Valencia"}, {"country": "ES", "city": "Sevilla", "postal_code": "41092", "line_1": "C/ Albert Einstein, s/n, 5\u00aa Planta, M\u00f3dulo 2", "is_hq": false, "state": "Sevilla"}, {"country": "ES", "city": "L'Atmella del Vall\u00e9s", "postal_code": "08480", "line_1": "Mas Dorca 13, Nave 5 Pol. Ind. L'Ametlla Park", "is_hq": false, "state": "Barcelona"}, {"country": "ES", "city": "Hospitalet de Llobregat", "postal_code": "08902", "line_1": "Av. de la Granvia n\u00ba 16-20 2\u00ba planta", "is_hq": false, "state": "Barcelona"}, {"country": "PT", "city": "Lisbon", "postal_code": "1990-392", "line_1": "Alameda dos Oceanos 115", "is_hq": false, "state": "Lisbon"}, {"country": "DE", "city": "Darmstadt", "postal_code": "64293", "line_1": "Europaplatz 2, 5 OG", "is_hq": false, "state": "Hesse D-"}, {"country": "DE", "city": "Gilching", "postal_code": "82205", "line_1": "Zeppelinstra\u00dfe, 16", "is_hq": false, "state": "Bavaria"}, {"country": "GB", "city": "Didcot", "postal_code": "OX11 0RL", "line_1": "Airspeed 2, Eighth Street, Harwell Science and Innovation Campus", "is_hq": false, "state": "Oxfordshire"}, {"country": "FR", "city": "Ramonville St. Agne", "postal_code": "31520", "line_1": "17, rue Herm\u00e8s", "is_hq": false, "state": "Toulouse"}, {"country": "RO", "city": "Bucharest", "postal_code": "014476", "line_1": "246C Calea Floreasca, District 1, SkyTower 32nd Floor", "is_hq": false, "state": "Bucharest"}, {"country": "PL", "city": "Warsaw", "postal_code": "01-209", "line_1": "Ul. Hrubieszowska 2", "is_hq": false, "state": "Warsaw"}, {"country": "US", "city": "Rockville", "postal_code": "20850", "line_1": "2400 Research Blvd, Ste 390", "is_hq": false, "state": "MD"}, {"country": "US", "city": "Los Angeles", "postal_code": "90017", "line_1": "700 South Flower Street, Suite 470", "is_hq": false, "state": "CA"}, {"country": "CO", "city": "Bogot\u00e1", "postal_code": "110221", "line_1": "Carrera 7 #99-21 Oficinas 1802-1803", "is_hq": false, "state": "Bogot\u00e1"}, {"country": "MY", "city": "Kuala Lumpur", "postal_code": "50250", "line_1": "Level 18, Equatorial Plaza Jalan Sultan Ismail", "is_hq": false, "state": "Kuala Lumpur"}, {"country": "ES", "city": "Tres Cantos", "postal_code": "28760", "line_1": "Calle Santiago Grisolia, 4", "is_hq": false, "state": "Community of Madrid"}, {"country": "ES", "city": "Boecillo", "postal_code": "47151", "line_1": "Andr\u00e9s Laguna, n.\u00ba 9-11. P.T.B.", "is_hq": false, "state": "Valladolid"}, {"country": "GB", "city": "Nottingham", "postal_code": "NG7 2TU", "line_1": "Enterprise Centre Innovation Park, Triumph Road", "is_hq": false, "state": null}, {"country": "BE", "city": "Brussels", "postal_code": "1040", "line_1": "Rue Belliard, 40. Bureau n.\u00ba 117", "is_hq": false, "state": null}, {"country": "NL", "city": "Amsterdam-Duivendrecht", "postal_code": "1114 AB", "line_1": "Joop Geesinkweg 901", "is_hq": false, "state": "North Holland"}, {"country": "US", "city": "Houston", "postal_code": "77060", "line_1": "15503 W Hardy Rd", "is_hq": false, "state": "Texas"}], "name": "GMV", "tagline": null, "universal_name_id": "gmv", "profile_pic_url": "https://s3.us-west-000.backblazeb2.com/proxycurl/company/gmv/profile?X-Amz-Algorithm=AWS4-HMAC-SHA256&X-Amz-Credential=0004d7f56a0400b0000000001%2F20241126%2Fus-west-000%2Fs3%2Faws4_request&X-Amz-Date=20241126T054243Z&X-Amz-Expires=3600&X-Amz-SignedHeaders=host&X-Amz-Signature=a1a82dbe281a11f8e1a2f65723f868de0930d08f598b96655f8472ccacf43135", "background_cover_image_url": "https://s3.us-west-000.backblazeb2.com/proxycurl/company/gmv/cover?X-Amz-Algorithm=AWS4-HMAC-SHA256&X-Amz-Credential=0004d7f56a0400b0000000001%2F20241126%2Fus-west-000%2Fs3%2Faws4_request&X-Amz-Date=20241126T054243Z&X-Amz-Expires=3600&X-Amz-SignedHeaders=host&X-Amz-Signature=9a22a4cdef67cf5d330e530c30785f01452e64028ff3f79b91bdf72ce9b3932e", "search_id": "10526", "similar_companies": [{"name": "Indra", "link": "https://es.linkedin.com/company/indra", "industry": "IT Services and IT Consulting", "location": "Madrid, Madrid"}, {"name": "Sener Aerospace & Defence", "link": "https://es.linkedin.com/company/sener-aerospace", "industry": "Defense and Space Manufacturing", "location": "Getxo, Vizcaya"}, {"name": "Airbus", "link": "https://fr.linkedin.com/company/airbusgroup", "industry": "Aviation and Aerospace Component Manufacturing", "location": null}, {"name": "European Space Agency - ESA", "link": "https://fr.linkedin.com/company/european-space-agency", "industry": "Defense and Space Manufacturing", "location": "Paris, \u00cele-de-France"}, {"name": "Deimos", "link": "https://es.linkedin.com/company/elecnor-deimos", "industry": "Space Research and Technology", "location": "Tres Cantos, Madrid"}, {"name": "Al\u00e9n Space", "link": "https://es.linkedin.com/company/alenspace", "industry": "Aviation and Aerospace Component Manufacturing", "location": "Nigr\u00e1n, Pontevedra"}, {"name": "Airbus Defence and Space", "link": "https://www.linkedin.com/company/airbus-defence-and-space", "industry": "Defense and Space Manufacturing", "location": null}, {"name": "Thales Alenia Space", "link": "https://fr.linkedin.com/company/thales-alenia-space", "industry": "Aviation and Aerospace Component Manufacturing", "location": null}, {"name": "Sener", "link": "https://es.linkedin.com/company/sener", "industry": "Engineering Services", "location": "Getxo, Vizcaya"}, {"name": "Thales", "link": "https://fr.linkedin.com/company/thales", "industry": "IT Services and IT Consulting", "location": "Meudon, \u00cele-de-France"}], "affiliated_companies": [{"name": "Al\u00e9n Space", "link": "https://es.linkedin.com/company/alenspace", "industry": "Aviation and Aerospace Component Manufacturing", "location": "Nigr\u00e1n, Pontevedra"}, {"name": "GMV in Space", "link": "https://es.linkedin.com/showcase/gmv-espacio/", "industry": "Engineering Services", "location": "Tres Cantos, Madrid"}, {"name": "GMV in Defense and Security", "link": "https://es.linkedin.com/showcase/gmv-defensa-y-seguridad/", "industry": "Defense and Space Manufacturing", "location": "Tres Cantos, Community of Madrid"}, {"name": "GMV in Cybersecurity", "link": "https://es.linkedin.com/showcase/gmv-ciberseguridad/", "industry": "Computer and Network Security", "location": "Tres Cantos, Madrid"}, {"name": "GMV in Intelligent Transportation Systems", "link": "https://es.linkedin.com/showcase/gmv-its/", "industry": "Engineering Services", "location": "Tres Cantos, Madrid"}, {"name": "GMV in Digital Technologies", "link": "https://es.linkedin.com/showcase/gmv-digital-technologies/", "industry": "IT Services and IT Consulting", "location": "Tres Cantos, Madrid"}, {"name": "GMV in Healthcare", "link": "https://es.linkedin.com/showcase/gmv-sanidad/", "industry": "Wellness and Fitness Services", "location": "Tres Cantos, Madrid"}, {"name": "Autek Ingenier\u00eda", "link": "https://es.linkedin.com/company/autekingenieria", "industry": "Computer and Network Security", "location": "Madrid, Comunidad de Madrid"}, {"name": "MOVILOC", "link": "https://es.linkedin.com/showcase/moviloc/", "industry": "Information Services", "location": "Boecillo, Castilla and Leon"}], "updates": [{"article_link": null, "image": "https://media.licdn.com/dms/image/v2/D4E22AQFKqsUpNFg-fg/feedshare-shrink_2048_1536/feedshare-shrink_2048_1536/0/1730218291454?e=2147483647&v=beta&t=rfOOUyYiMsuK4-w7pZ-h9mORUwMWSmMRPcJzboQFdPQ", "posted_on": {"day": 29, "month": 10, "year": 2024}, "text": "Today, we were at the European Space Astronomy Centre (ESAC) in Villanueva de la Ca\u00f1ada (Madrid) for the presentation of the Proba-3 mission, a milestone for high-precision satellite formation flying. This mission will enable groundbreaking scientific research, including an artificial eclipse to study the solar corona.\n\nOur Space Strategy and Business Development Director, Mariella Graziano, joined the \u201cParticipation of Spanish companies in Proba-3\u201d roundtable highlighting Spain\u2019s leadership through Sener Aerospace & Defence and a consortium that includes GMV.\n\nAt GMV, we\u2019re developing the Formation Flying Subsystem (FFS) and are responsible for monitoring and flight control components within the Flight Dynamics System, covering orbit determination, event prediction, and maneuver computation. Additionally, we design and validate the on-board function that uses GPS measurements for relative satellite positioning.\n\nWe\u2019re thrilled to be part of this groundbreaking mission.\n\n#Proba3 #SpaceMission #ESA", "total_likes": 36}, {"article_link": null, "image": "https://media.licdn.com/dms/image/v2/D4D10AQGtmG3xk-8zPw/image-shrink_800/image-shrink_800/0/1730199697203?e=2147483647&v=beta&t=Kr8Qm0ScON6kYeWOMFNgtu72p269knyPgXB6u93v0v8", "posted_on": {"day": 29, "month": 10, "year": 2024}, "text": "Andrea Pellacani, technical manager of the HERA mission at GMV, takes us behind the scenes of the European Space Agency - ESA's Hera mission in an engaging new story. In the latest #GMVblog article, Andrea shares how the Hera mission, designed to study the binary asteroid system Didymos, marks a crucial advancement in planetary defense technology and Earth protection.\n\nGMV has been a key part of this project, developing the advanced autonomous navigation system that will enable Hera to navigate the challenging environment of deep space. With its arrival at Didymos planned for 2025, Hera will not only analyze the effects of the DART mission but also pave the way for new strategies in space safety. Read the full article to discover the story and technology behind this exciting mission!\n\nhttps://ow.ly/NtUQ50TV9Ea\n\n#Space #PlanetaryDefense\n\nImage credit: ESA", "total_likes": 40}, {"article_link": null, "image": "https://media.licdn.com/dms/image/v2/D4D22AQGbCEjlZDyvtQ/feedshare-shrink_800/feedshare-shrink_800/0/1730135883777?e=2147483647&v=beta&t=YOG9lVCB63VkD5a3sfxAfNoA0ubQYC4hW9dwkkMFbUw", "posted_on": {"day": 28, "month": 10, "year": 2024}, "text": "Hoy hemos tenido el honor de recibir en GMV a Miguel L\u00f3pez-Valverde Arg\u00fceso, Consejero de Digitalizaci\u00f3n de la Comunidad de Madrid. Su visita ha estado marcada por un notable inter\u00e9s en las diversas \u00e1reas en las que nuestra compa\u00f1\u00eda opera, as\u00ed como en los \u00faltimos avances en tecnolog\u00edas disruptivas, como la computaci\u00f3n cu\u00e1ntica. A lo largo de su intervenci\u00f3n, ha planteado cuestiones sumamente interesantes, respaldadas por su s\u00f3lida formaci\u00f3n.\n\nDesde que el profesor Dr. Juan Jos\u00e9 Mart\u00ednez, catedr\u00e1tico de la Escuela T\u00e9cnica Superior de Ingenieros Aeron\u00e1uticos de la UPM, junto a un grupo de sus mejores alumnos, iniciara la aventura de GMV hace cuatro d\u00e9cadas, la innovaci\u00f3n y la colaboraci\u00f3n entre el sector p\u00fablico y privado han sido fundamentales en el desarrollo de la compa\u00f1\u00eda\n\nLuis Fernando \u00c1lvarez-Gasc\u00f3n, Director General de Secure e-Solutions de GMV y Pedro J Schoch, Director de Desarrollo Corporativo, Marketing y Comunicaci\u00f3n de GMV han recibido al Consejero.\n\n#Digitalizaci\u00f3n #Innovaci\u00f3n #Liderazgo #Transformaci\u00f3nDigital #Colaboraci\u00f3nP\u00fablicoPrivada #Tecnolog\u00eda", "total_likes": 49}, {"article_link": null, "image": "https://media.licdn.com/dms/image/v2/D4D10AQGConY2NnlE9A/image-shrink_1280/image-shrink_1280/0/1730117720318?e=2147483647&v=beta&t=-7bLmxcHqZeNSmWVvXcjpoywxIyPgoWpH8tWQKt90ZI", "posted_on": {"day": 28, "month": 10, "year": 2024}, "text": "We have been selected by Spain\u2019s DSN-Departamento de Seguridad Nacional to develop and deploy the first phase of the National Security System (SSN) Data Intelligence Platform, a crucial step in modernizing Spain\u2019s critical infrastructure. This project, based on advanced big data and artificial intelligence (AI) technologies, will enhance the National Security System\u2019s operational capacity.\n\nThe system incorporates \"Zero Trust\" and \"defense-in-depth\" principles to ensure the highest national security standards. GMV reaffirms its commitment to Spain\u2019s security and defense by leading the DSN\u2019s digital transformation and delivering our most advanced technological solutions.\n\nhttps://ow.ly/ybQq50TUj5j\n\n#PressRelease #Defense #BigData #AI", "total_likes": 49}, {"article_link": null, "image": "https://media.licdn.com/dms/image/v2/D4D10AQG60XHhGla2FQ/image-shrink_800/image-shrink_800/0/1729850475713?e=2147483647&v=beta&t=5wN3ZC2wwaqqmanYTpd-XzkWdXsP7YSFjrB2v5PmSVc", "posted_on": {"day": 25, "month": 10, "year": 2024}, "text": "\ud83c\udf0d 40 Years of Sustainable Growth at GMV \nSustainability is at the core of our decision-making and every project we take on.\n\nIgnacio Ramos Gorostiola, GMV\u2019s People Strategy and Infrastructures Corporate Director, and Julia Yag\u00fce, GMV's Remote Sensing & Geospatial Analytics expert, share how GMV is driving a business model aligned with the sustainability criteria the world needs. How do our activities contribute to a greener, more responsible future? \ud83c\udf31\n\nWatch the full video to discover our vision of sustainability\u2019s role within the company.\nhttps://ow.ly/Hm9M50TSBeA\n\n#GMV40 #ExcellenceAndBeyond #TogetherWeMakeItHappen #Sustainability", "total_likes": 20}, {"article_link": null, "image": "https://media.licdn.com/dms/image/v2/D4D10AQFzB97mms2Nww/image-shrink_1280/image-shrink_1280/0/1729764360315?e=2147483647&v=beta&t=JQdo8OkfyItcUFXEf9upXgIYh-HJJWJLe5fMXTmRyRc", "posted_on": {"day": 24, "month": 10, "year": 2024}, "text": "Exciting news! GMV is proud to announce that the GMV-led consortium, including our teams in Romania and Spain and Al\u00e9n Space, will manage the end-to-end lifecycle of ESA\u2019s CyberCUBE mission.\n\nThis mission is a critical milestone in strengthening the cybersecurity of space-based assets, ensuring resilience against emerging cyber threats in future operations. \n\nStay tuned as we continue to lead the way in safeguarding the future of space technology!\n\nhttps://ow.ly/BmQw50TSlSv\n\n#PressRelease #Cybersecurity #Space #CyberCUBE", "total_likes": 114}, {"article_link": null, "image": null, "posted_on": {"day": 22, "month": 10, "year": 2024}, "text": "This week, we continue our journey at career fairs! \ud83d\udcbc\nCatch us in Valladolid, Lisbon, Valencia, and Munich. No excuses\u2014you\u2019ve got the perfect opportunity to meet us!\nDon't miss the chance to elevate your career with us. We\u2019re excited to connect with you! \ud83d\udc4b\n#Valladolid #Lisbon #Valencia #Munich #Talent #Innovation #JoinUs\n\nAna Martins Gomes Cristina Espartero Santos Jessica Moreno Bras Konstantin Uhl Alexandra Ziegaus Ignacio Mart\u00ednez de Salinas", "total_likes": 29}, {"article_link": null, "image": "https://media.licdn.com/dms/image/v2/D4D10AQHx4MA8cx9-3A/image-shrink_1280/image-shrink_1280/0/1729596631887?e=2147483647&v=beta&t=yq8_Ovbi-tExO-Da2vG3YhkBU7M2M2S9sg1G4BF2DUs", "posted_on": {"day": 22, "month": 10, "year": 2024}, "text": "The PAIT\u00ae (Pay Analytics Intelligence Tool) solution developed by Peoplematters and GMV is a technological tool that supports companies in complying with the new equal pay and pay transparency regulations.\n\nThe cutting-edge tool incorporates dynamic analysis and artificial intelligence algorithms in consulting services, providing an exhaustive and visual analysis of the pay gap through multiple variables.\n\nhttps://ow.ly/SALM50TQBeE\n\n#PressRelease #EqualPay #PayTransparency #AI", "total_likes": 17}, {"article_link": null, "image": "https://media.licdn.com/dms/image/v2/D4D10AQEy4RMYedLPCA/image-shrink_1280/image-shrink_1280/0/1729504896252?e=2147483647&v=beta&t=QsVRYrEBRNcFw5HIImuVv5VLa7YYowpvPpDSPR3Iyzc", "posted_on": {"day": 22, "month": 10, "year": 2024}, "text": "What\u2019s on your reading list this week? \ud83d\udcf0\nHow about diving into the latest issue of #GMVnews?\nFrom innovative cross-domain solutions shaping the future of a growing industry to an insightful interview with the founders of Autek Ingenier\u00eda, Manuel Sanz, and Miguel Sanz, this edition is packed with exciting projects and stories.\n\nStay updated on our latest innovations\u2014there\u2019s plenty to discover!\nhttps://ow.ly/MhoV50TPxlB\n\n#technology #innovation", "total_likes": 45}, {"article_link": null, "image": "https://media.licdn.com/dms/image/v2/D4E10AQG7h288uwiK-g/image-shrink_800/image-shrink_800/0/1729177303037?e=2147483647&v=beta&t=sEL0BBcwTXW-Xv2YsNj37JmBMWy5iJRM-06WUyljrWE", "posted_on": {"day": 22, "month": 10, "year": 2024}, "text": "What\u2019s the secret behind GMV\u2019s 40 years of growth?\n\nSara Guti\u00e9rrez Lanza, Director of GMV's Automotive Business Unit, and miguel angel molina cobos, Chairman of GMV's Space Council, reveal how innovation and diversification have driven our success across industries. Don\u2019t miss their stories and reflections!\n\nWatch the full video: https://ow.ly/OyuL50TNGbR\n\n#GMV40 #ExcellenceAndBeyond #TogetherWeMakeItHappen #Diversification", "total_likes": 32}], "follower_count": 96628, "acquisitions": null, "exit_data": null, "extra": null, "funding_data": [], "categories": null, "customer_list": null}
