{"linkedin_internal_id": "8064", "description": "The Houston Independent School District is the largest public school system in Texas and the eighth largest in the United States. Its schools are dedicated to giving every student the best possible education through an intensive core curriculum and specialized, challenging instructional and career programs. HISD is working hard to become Houstonians'\u200b K\u201312 school system of choice, by constantly improving instruction and management to be as effective, productive, and economical as possible.", "website": "http://www.houstonisd.org", "industry": "Education Administration Programs", "company_size": [10001, null], "company_size_on_linkedin": 16420, "hq": {"country": "US", "city": "Houston", "postal_code": "77092-8501", "line_1": "4400 West 18th Street", "is_hq": true, "state": "Texas"}, "company_type": "EDUCATIONAL", "founded_year": 1879, "specialities": ["The Houston Independent School District exists to strengthen the social and economic foundation of Houston by assuring its youth the highest-quality elementary and secondary education available anywhere."], "locations": [{"country": "US", "city": "Houston", "postal_code": "77092-8501", "line_1": "4400 West 18th Street", "is_hq": true, "state": "Texas"}], "name": "Houston ISD", "tagline": "HISD EMPOWERS", "universal_name_id": "houston-isd", "profile_pic_url": "https://media.licdn.com/dms/image/v2/D4E0BAQEDWJVG-i-CsQ/company-logo_400_400/company-logo_400_400/0/1718218049881/houston_isd_logo?e=1740614400&v=beta&t=uWZDkSretSTDGIGSxbCcxeonFt-a0q_VwRWq8jJumDA", "background_cover_image_url": "https://media.licdn.com/dms/image/v2/C4E1BAQFCO20zVDYzaA/company-background_200/company-background_200/0/1584094128184?e=1733205600&v=beta&t=44KoRLEepE0SsuO7h_xuVOOjkbJgO-X6Ao_pJ0LshhU", "search_id": "8064", "similar_companies": [{"name": "HISD Community Board", "link": "https://www.linkedin.com/company/hisdcommunityboard/", "industry": null, "location": null}, {"name": "Cypress-Fairbanks ISD", "link": "https://www.linkedin.com/company/cfisd/", "industry": "Education Management", "location": null}, {"name": "Spring Branch ISD", "link": "https://www.linkedin.com/company/spring-branch-isd/", "industry": "Education Administration Programs", "location": null}, {"name": "KIPP Texas Public Schools", "link": "https://www.linkedin.com/company/kipp-texas/", "industry": "Primary and Secondary Education", "location": null}, {"name": "Spring ISD", "link": "https://www.linkedin.com/company/springisd/", "industry": "Primary and Secondary Education", "location": null}, {"name": "YES Prep Public Schools", "link": "https://www.linkedin.com/company/yesprep/", "industry": "Primary and Secondary Education", "location": null}, {"name": "City of Houston", "link": "https://www.linkedin.com/company/city-of-houston/", "industry": "Government Administration", "location": null}, {"name": "Aldine ISD", "link": "https://www.linkedin.com/company/aldine-isd/", "industry": "Education Administration Programs", "location": null}, {"name": "Klein ISD", "link": "https://www.linkedin.com/company/klein-isd/", "industry": "Primary and Secondary Education", "location": null}, {"name": "Texas Education Agency", "link": "https://www.linkedin.com/company/texas-education-agency/", "industry": "Government Administration", "location": null}, {"name": "Harris County", "link": "https://www.linkedin.com/company/harris-county/", "industry": "Government Administration", "location": null}, {"name": "IDEA Public Schools", "link": "https://www.linkedin.com/company/idea-public-schools/", "industry": "Education Administration Programs", "location": null}, {"name": "Houston Methodist", "link": "https://www.linkedin.com/company/houston-methodist/", "industry": "Hospitals and Health Care", "location": null}, {"name": "Harmony Public Schools", "link": "https://www.linkedin.com/company/harmonypublicschools/", "industry": "Education Administration Programs", "location": null}, {"name": "Dallas Independent School District", "link": "https://www.linkedin.com/company/dallas-isd/", "industry": "Primary and Secondary Education", "location": null}, {"name": "HISD Student Support Services", "link": "https://www.linkedin.com/company/hisdstudentsupport/", "industry": "Education Administration Programs", "location": null}, {"name": "Pearland ISD", "link": "https://www.linkedin.com/company/pearlandisd/", "industry": "Primary and Secondary Education", "location": null}, {"name": "Humble ISD", "link": "https://www.linkedin.com/company/humble-isd/", "industry": "Primary and Secondary Education", "location": null}, {"name": "International Leadership of Texas", "link": "https://www.linkedin.com/company/iltexas/", "industry": "Education Administration Programs", "location": null}, {"name": "Harris County Department of Education", "link": "https://www.linkedin.com/company/harris-county-department-of-education/", "industry": "Education Management", "location": null}], "affiliated_companies": [], "updates": [{"article_link": "https://www.linkedin.com/posts/houston-isd_teachingcareers-houstonisd-prekteachers-activity-7265830925026902017-FVej", "image": "https://media.licdn.com/dms/image/v2/D5622AQEMHu3JdhEkCw/feedshare-shrink_2048_1536/feedshare-shrink_2048_1536/0/1732309084084?e=1735776000&v=beta&t=wldLZZbI6Na1tS7sNCUEt_zbbYIJH5mRoOAcqUWdTPk", "posted_on": {"day": 23, "month": 11, "year": 2024}, "text": "\ud83c\udf1f Houston ISD Is Hiring Certified Pre-K Teachers! \ud83c\udf1f\n\nJoin the Houston ISD family and make a lasting difference in the lives of young learners while earning one of the highest teacher salaries in the nation! \n\nWhy Houston ISD?\n - Competitive pay & benefits \n - Opportunities for professional growth \n - Impactful teaching in a supportive community \n\nRequirements:\nCertified Pre-K Teachers ready to inspire the next generation!\n\nApply today and start your journey with Houston ISD!\n\ud83d\udc49 www.HoustonISD.org/Careers (Job ID: 21987, 21990)\n\n#TeachingCareers #HoustonISD #PreKTeachers #WeAreHiring #EducationJobs #TeacherLife", "total_likes": 23}, {"article_link": "https://www.linkedin.com/posts/houston-isd_hiring-educationcareers-mathcurriculum-activity-7265422130710740992-bbKy", "image": "https://media.licdn.com/dms/image/v2/D5622AQGkY-Ifck3HNQ/feedshare-shrink_2048_1536/feedshare-shrink_2048_1536/0/1732211620459?e=1735776000&v=beta&t=5Wz7GePxRjg66fUWxzlyGoJy_AIAhea6epSTkn6YGgw", "posted_on": {"day": 22, "month": 11, "year": 2024}, "text": "\ud83d\udea8 Job Opportunity Alert! \ud83d\udea8\n\nWe\u2019re looking for passionate and innovative Math Curriculum Designers to shape the future of education.\n\n\u2728 What You\u2019ll Do:\n - Develop engaging math curriculum.\n - Support teachers with impactful resources.\n - Help students build a strong foundation in math.\n\n\ud83d\udcc5 Apply Here: www.HoustonISD.org/Careers (Job ID: 23366, 23246)\n\n\ud83c\udf1f Let\u2019s make a difference together! Share or tag someone who\u2019d be a perfect fit.\n\n#Hiring #EducationCareers #MathCurriculum \n#HoustonISD", "total_likes": 21}, {"article_link": "https://www.linkedin.com/posts/houston-isd_executive-director-of-performance-management-activity-7257388113977647105-TdEj", "image": null, "posted_on": {"day": 5, "month": 11, "year": 2024}, "text": "\ud83d\ude80 We're Hiring! Join the Leadership Team at Houston ISD! \ud83d\ude80\n\nHouston ISD is searching for a dynamic and visionary leader to fill the role of Executive Director of Performance Management. If you're passionate about driving educational success and improving district performance, this is the perfect opportunity for you!\n\n\ud83d\udd17 Apply Now: https://lnkd.in/g98Wiugp \n\nAs a key leader in Houston ISD, you will serve as district subject matter expert regarding state and federal policy as it pertains to teacher, school leader, and non-teacher appraisal systems.\n\nJoin our mission to make a lasting impact on education in Houston!\n\n#HoustonISD #EducationCareers #LeadershipOpportunity #NowHiring #ExecutiveDirector #PerformanceManagement #JoinOurTeam", "total_likes": 34}, {"article_link": "https://www.linkedin.com/posts/houston-isd_due-to-widespread-damage-across-houston-activity-7197060697409691648-Aw_Y", "image": null, "posted_on": {"day": 26, "month": 5, "year": 2024}, "text": "\ud83d\udea8 Due to widespread damage across Houston, HISD has coordinated with the City of Houston and is closing all campuses on Friday, May 17. Schools will reopen on Monday, May 20.", "total_likes": 12}, {"article_link": "https://www.linkedin.com/posts/houston-isd_congratulations-to-the-carnegie-vanguard-activity-7215014114471919616-nNzP", "image": "https://media.licdn.com/dms/image/v2/D5610AQFs-pdSy3jC3A/image-shrink_1280/image-shrink_1280/0/1720193406898?e=1733205600&v=beta&t=BdsYmXoLSdNKH2GtH_nh0rNdl6-9CZhgl2krnZnxym0", "posted_on": {"day": 26, "month": 7, "year": 2024}, "text": "Congratulations to the Carnegie Vanguard High School Business and Entrepreneurship Club, who participated in the Junior Achievement National Student Leadership Summit in Washington, D.C. Their company, Type-Along, was selected as one of the top 10 out of more than 80,000 participants and secured first place in the National Social Innovation Challenge, excelling in the trade expo, stage pitch, company interview, commercial, and annual report. The team won glass trophies, certificates, and Microsoft Surface Go 3s. \ud83d\udc4f", "total_likes": 64}, {"article_link": "https://www.linkedin.com/posts/houston-isd_due-to-storm-damage-across-houston-houston-activity-7197320435842076673-ln3f", "image": null, "posted_on": {"day": 26, "month": 5, "year": 2024}, "text": "Due to storm damage across Houston, Houston ISD\u2019s In-Person Campus Staff Hiring Event has been postponed to June 1, 2024. All pre-registered teacher candidates will receive direct communication with information that allows them to access a virtual hiring opportunity.", "total_likes": 35}], "follower_count": 53525, "acquisitions": null, "exit_data": null, "extra": null, "funding_data": [], "categories": null, "customer_list": null}
