{"linkedin_internal_id": "743096", "description": "Founded in 1988 and headquartered in Hershey, Pennsylvania, USA with offices in New York, New York, USA, and in Beijing, China (IGI Science and Technology, Ltd.), IGI Global Scientific Publishing is a rapidly growing, mid-sized, independent international academic publisher dedicated to releasing high-quality, peer-reviewed scholarly research publications in the three major academic subject areas of Business & Management, Science, Technology, & Medicine (STM), and Education & Social Science. Our commitment is to advance the discovery of pioneering scientific research promptly through swift and agile processes, with books released in approximately 6-9 months from start to finish. With more than 200,000 research collaborations with experts from leading institutions around the world, we will publish over 1,000+ books during 2025 copyright year, positioning our publishing output among the industry\u2019s giants with centuries of history. Our Open Access Journal Program includes nearly 200 fully open access journals, making IGI Global Scientific Publishing one of the largest 100% open access journal publishers in the world. Through traditional book publishing and open access options, we strive to bring cutting-edge high-quality research at the pace of innovation, ensuring that tomorrow\u2019s research is published today.", "website": "http://www.igi-global.com", "industry": "Book and Periodical Publishing", "company_size": [11, 50], "company_size_on_linkedin": 325, "hq": {"country": "US", "city": "Hershey", "postal_code": "17033", "line_1": "701 East Chocolate Avenue", "is_hq": true, "state": "Pennsylvania"}, "company_type": "PRIVATELY_HELD", "founded_year": 1988, "specialities": ["Academic Publishing", "Open Access Agreements", "Customized e-Book Collections"], "locations": [{"country": "US", "city": "Hershey", "postal_code": "17033", "line_1": "701 East Chocolate Avenue", "is_hq": true, "state": "Pennsylvania"}, {"country": null, "city": null, "postal_code": null, "line_1": null, "is_hq": false, "state": null}], "name": "IGI Global Scientific Publishing", "tagline": "A Leading Independent Academic Publisher of International Scientific Research", "universal_name_id": "igiglobal", "profile_pic_url": "https://s3.us-west-000.backblazeb2.com/proxycurl/company/igiglobal/profile?X-Amz-Algorithm=AWS4-HMAC-SHA256&X-Amz-Credential=0004d7f56a0400b0000000001%2F20241126%2Fus-west-000%2Fs3%2Faws4_request&X-Amz-Date=20241126T054249Z&X-Amz-Expires=3600&X-Amz-SignedHeaders=host&X-Amz-Signature=e84f01e2b2f966b051782ae286a83f0f4e74c9bc2c698c1208ccb193a289ab48", "background_cover_image_url": "https://s3.us-west-000.backblazeb2.com/proxycurl/company/igiglobal/cover?X-Amz-Algorithm=AWS4-HMAC-SHA256&X-Amz-Credential=0004d7f56a0400b0000000001%2F20241126%2Fus-west-000%2Fs3%2Faws4_request&X-Amz-Date=20241126T054249Z&X-Amz-Expires=3600&X-Amz-SignedHeaders=host&X-Amz-Signature=f0b0343b9606ebb05e78e331646484a52ad530cf3327afa0fd8594b9af45d9d9", "search_id": "743096", "similar_companies": [{"name": "Fintech International Services (FTIS)", "link": "https://www.linkedin.com/company/fintechinternationallc", "industry": "Financial Services", "location": "New York, New York"}, {"name": "Amazon", "link": "https://www.linkedin.com/company/amazon", "industry": "Software Development", "location": "Seattle, WA"}, {"name": "Inchainge", "link": "https://nl.linkedin.com/company/inchainge", "industry": "Professional Training and Coaching", "location": "De Bilt, Utrecht"}, {"name": "Elsevier", "link": "https://nl.linkedin.com/company/elsevier", "industry": "IT Services and IT Consulting", "location": "Amsterdam, North Holland"}, {"name": "Taylor & Francis Group", "link": "https://uk.linkedin.com/company/taylor-&-francis-group", "industry": "Book and Periodical Publishing", "location": "Milton Park, Abingdon, Oxfordshire"}, {"name": "IGI - International General Insurance Co. Ltd.", "link": "https://jo.linkedin.com/company/international-general-insurance", "industry": "Insurance", "location": "Amman, Amman"}, {"name": "The New World Foundation", "link": "https://www.linkedin.com/company/the-new-world-foundation", "industry": "Technology, Information and Internet", "location": null}, {"name": "IEEE", "link": "https://www.linkedin.com/company/ieee", "industry": "Non-profit Organizations", "location": "Piscataway, NJ"}, {"name": "Springer Nature", "link": "https://de.linkedin.com/company/springernature", "industry": "Book and Periodical Publishing", "location": "Berlin, Berlin"}, {"name": "Investigative Group International", "link": "https://www.linkedin.com/company/investigative-group-international", "industry": "Research Services", "location": "Washington, District of Columbia"}], "affiliated_companies": [], "updates": [{"article_link": null, "image": "https://media.licdn.com/dms/image/v2/D4E10AQGydEKgTHg7Ow/image-shrink_800/image-shrink_800/0/1732035616400?e=2147483647&v=beta&t=9718rSAInqdvYEPjg9H6FW3PBuHzvJopnkhVca7yNDs", "posted_on": {"day": 19, "month": 11, "year": 2024}, "text": "Discover this featured #OA paper, \u201cA Meta-Analytic Structural Equation Modelling (MASEM) Approach Toward Scrutinizing the Influence of Brand Equity Antecedents on Brand Advocacy\u201d, by Abdullah Nabeel AlRoshoud (Qatar University, Qatar) and Hatem Osman El-Gohary (Qatar University, Qatar), published in the International Journal of Customer Relationship Marketing and Management (IJCRMM). Brand equity antecedents are essential in the creation and development of brand advocacy strategies and implementation tactics that transform conventional customers into active brand advocates. Yet, the association incorporating these two concepts is less studied. Access the full paper here > https://buff.ly/4eqbOF0\n\n#QatarUniversity #BrandAdvocacy #BrandAwareness #BrandImage", "total_likes": 0}, {"article_link": null, "image": "https://media.licdn.com/dms/image/v2/D4E10AQE2INWxFaIbYA/image-shrink_1280/image-shrink_1280/0/1732017616495?e=2147483647&v=beta&t=LZb90GCBZUqp3xgwmkUiUMOklTUbBpZNRFLqcCRkwOg", "posted_on": {"day": 19, "month": 11, "year": 2024}, "text": "Meet the four winners of the IGI Global Scientific Publishing 2024 Charleston Conference Librarian Scholarship Award! Each winner applied to the scholarship by answering an #AI Question about #Libraries and then met with our own in-house librarian, Jim Kapoun, at the conference. This opportunity allowed for a meeting of the minds, where they could tackle problems their libraries are experiencing. To see their responses to the questions and learn more about the winners, check out the IGI Global Scientific Publishing Newsroom: https://buff.ly/3UYDARY \n\nThe conference may be over, but you can still take advantage of the code 2024CC15 for 15% off our already discounted books (10% sale ends December 31, 2024) until December 10, 2024. Valid only on buff.ly/48U4VKO.", "total_likes": 0}, {"article_link": null, "image": "https://media.licdn.com/dms/image/v2/D4E10AQG4UBBqfYg8GQ/image-shrink_800/image-shrink_800/0/1731956443639?e=2147483647&v=beta&t=d3eyfRwKvE0jm4XUjVjl2wGBcpn8l-1020sqYFgc9sA", "posted_on": {"day": 19, "month": 11, "year": 2024}, "text": "Check out the latest Open Access Research Articles https://buff.ly/3UTV7e8  #OA #AccessibleResearch #FreeResearch #BusinessResearch #STEMResearch #EducationResearch #SocialScienceResearch", "total_likes": 1}, {"article_link": null, "image": "https://media.licdn.com/dms/image/v2/D4E10AQF7aApqDrLwGw/image-shrink_800/image-shrink_800/0/1731949261603?e=2147483647&v=beta&t=e2n7d3tuIJUlLub5Va61L89mDo1IzjVVtgMXumsvDk8", "posted_on": {"day": 19, "month": 11, "year": 2024}, "text": "Check out this #OA paper, \u201cA Novel Spatial Data Pipeline for Streaming Smart City Data\u201d, by Chase D. Carthen (University of Nevada, Reno, USA), Araam Zaremehrjardi (University of Nevada, Reno, USA), et al., featured in the International Journal of Software Innovation (IJSI). Point cloud data from light detection and ranging (LiDAR) is often used for its spatial qualities, particularly in smart city projects involving vehicles and pedestrians. In this paper, the authors introduce a streaming and an on-demand pipeline for capturing LiDAR data from Velodyne Ultra Pucks placed along nine northern Nevada intersections known as the Living Lab within smart city project for the City of Reno. Access the full paper here > https://buff.ly/3O26AVj\n\n#UniversityofNevadaReno #BigData #DataPipeline #EdgeComputing", "total_likes": 3}, {"article_link": null, "image": "https://media.licdn.com/dms/image/v2/D4E10AQE3DZzsVbRf7A/image-shrink_800/image-shrink_800/0/1731690146236?e=2147483647&v=beta&t=w-L-KCeI0_tJmKi9jjZMukUn1ktFw330nB0M0Uf0F-w", "posted_on": {"day": 16, "month": 11, "year": 2024}, "text": "Discover this featured #OA paper, \u201cTowards the Path of Process Digitalization: A Systematic Literature Review\u201d, by Isaias Bianchi (Federal University of Santa Catarina, Brazil), Ant\u00f3nio Galguinho (Instituto Universit\u00e1rio de Lisboa, Portugal), et al., published in the International Journal of Service Science, Management, Engineering, and Technology (IJSSMET). Organizations continue to have difficulty achieving the full potential of digital transformation (DT). DT can be conceived as a process of change in the business model, driven by digital innovation and the intensive use of ICTs to add value to the customer, processes and the business itself in way to change, threaten or complement the market. Access the full paper here > https://buff.ly/4ftCx4g\n\n#BusinessProcessManagement #DigitalTechnologies #DigitalTransformation", "total_likes": 2}, {"article_link": null, "image": "https://media.licdn.com/dms/image/v2/D4E10AQE0oiy5oY_Y0Q/image-shrink_1280/image-shrink_1280/0/1731607259930?e=2147483647&v=beta&t=qbPJdyuCxLHFSKqHINo-Y55yjF3n7QvH5eiDlPcojq4", "posted_on": {"day": 15, "month": 11, "year": 2024}, "text": "IGI Global Scientific Publishing stands with United2Act in combating paper mills to protect the quality and integrity of academic research. Founded by scholars, we are deeply committed to upholding ethical standards and supporting the global academic community. Learn more about how we\u2019re taking action to ensure research integrity and foster a trustworthy scholarly landscape.  https://buff.ly/48MmUCY \n#ResearchIntegrity #AcademicCommunity #United2Act", "total_likes": 18}, {"article_link": null, "image": "https://media.licdn.com/dms/image/v2/D4E10AQHn70n6kew4mA/image-shrink_800/image-shrink_800/0/1731603664276?e=2147483647&v=beta&t=u5TxO7R-PoNoTCxgBB1b51MSdPqRkZs_JdtA2dTDsls", "posted_on": {"day": 15, "month": 11, "year": 2024}, "text": "Check out this #OA paper, \u201cMLOps: From a Cottage Industry to a Factory Approach\u201d, by Hugh J. Watson (University of Georgia, USA) and Deanna Larson (Lawson & Associates, USA), featured in the International Journal of Business Intelligence Research (IJBIR). Companies are moving from a cottage industry to a factory approach to analytics, especially in regard to machine learning (ML) models. This change is motivating companies to adopt ML operations (MLOps) as a methodology for the timely development, deployment, and maintenance of ML models in order to positively impact business outcomes. Access the full paper here > https://buff.ly/3UzLIbB\n\n#UGA #DataOps #DevOps #InformationSystems #MachineLearning", "total_likes": 4}, {"article_link": null, "image": "https://media.licdn.com/dms/image/v2/D4E10AQH4tvvgyWAJKA/image-shrink_800/image-shrink_800/0/1731517236275?e=2147483647&v=beta&t=LLlojaHDAVMEmr_hxhs2dIeEYgJp8u1QSeFi0KotYtU", "posted_on": {"day": 14, "month": 11, "year": 2024}, "text": "Explore the latest #OA paper, \u201cText Analysis on Green Supply Chain Practices of Electronic Companies\u201d, by Shilpa Balan (California State University, Los Angeles, USA), Sumali Conlon (University of Mississippi, USA), et al., published in the International Journal of Decision Support System Technology (IJDSST). The electronics industry is one of the major regulated industries in the United States that is profoundly impacted by environmental issues. In this study, we use natural language processing (NLP) techniques to analyze reports from major electronics companies to examine the impact on their environmental performance in alignment with the standards set by the U.S. Environmental Protection Agency (EPA). Access the full paper here > https://buff.ly/4fyoAlJ\n\n#CalStateLA #UniversityofMississippi #DataMining #ElectronicsIndustry #GreenSupplyChain", "total_likes": 1}, {"article_link": null, "image": "https://media.licdn.com/dms/image/v2/D4E10AQFAwg8hhjAoMA/image-shrink_800/image-shrink_800/0/1731430832674?e=2147483647&v=beta&t=nnttHh6o2b4GqdQ6Tp9zVgXbazBBvFvCBs09Nj_VR54", "posted_on": {"day": 13, "month": 11, "year": 2024}, "text": "Discover this featured #OA paper, \u201cDrug Recognition Detection Based on Deep Learning and Improved YOLOv8\u201d, by Andrew W. H. Ip (University of Saskatchewan, Canada), Dingju Zhu (South China Normal University, China), et al., published in the Journal of Organizational and End User Computing (JOEUC). Identifying drugs from surveillance or other videos presents challenges such as small target sizes, class imbalance, and similarities to other objects. Additionally, the hardware used to capture videos and the video resolution and clarity limit model scalability, leading to poor detection accuracy in traditional models. Access the full paper here > https://buff.ly/4hOps7Z\n\n#UniversityofSaskatchewan #SouthChinaNormalUniversity #AttentionMechanism #DrugDetection", "total_likes": 1}, {"article_link": null, "image": "https://media.licdn.com/dms/image/v2/D4E10AQGZpWuQdcqRXQ/image-shrink_800/image-shrink_800/0/1731416460475?e=2147483647&v=beta&t=dDQIBm_9XWHxQZxk6DGkuyC_Wc3UUzrEIDP0nfgqaIQ", "posted_on": {"day": 13, "month": 11, "year": 2024}, "text": "Check out the latest Open Access Research Articles https://buff.ly/40C2daV #OA #AccessibleResearch #FreeResearch #BusinessResearch #STEMResearch #EducationResearch #SocialScienceResearch", "total_likes": 2}], "follower_count": 6589, "acquisitions": null, "exit_data": null, "extra": null, "funding_data": [], "categories": null, "customer_list": null}
