{"linkedin_internal_id": "6328", "description": "Founded in 1890, Illinois Tech is a Ph.D.-granting research university with more than 7,800 students in engineering, science, architecture, design, applied technology, human sciences, business, and law programs. Illinois Tech's interprofessional, technology-focused curriculum is designed to advance knowledge through research and scholarship, to cultivate invention improving the human condition, and to prepare students from throughout the world for a life of professional achievement, service to society, and individual fulfillment. Visit www.iit.edu.", "website": "https://www.iit.edu", "industry": "Higher Education", "company_size": [1001, 5000], "company_size_on_linkedin": 3244, "hq": {"country": "US", "city": "Chicago", "postal_code": "60616", "line_1": "10 West 35th Street", "is_hq": true, "state": "Illinois"}, "company_type": "EDUCATIONAL", "founded_year": 1890, "specialities": ["Higher Education", "Research Institution", "Technology Degree", "STEM Education", "Engineering Degree", "Architecture Degree", "Psychology Degree", "Law Degree", "Business Degree", "Science Degree", "Design Degree"], "locations": [{"country": "US", "city": "Chicago", "postal_code": "60616", "line_1": "10 West 35th Street", "is_hq": true, "state": "Illinois"}, {"country": "US", "city": "Chicago", "postal_code": "60661", "line_1": "565 W Adams", "is_hq": true, "state": "IL"}, {"country": "US", "city": "Wheaton", "postal_code": "60189", "line_1": "201 E Loop Road", "is_hq": true, "state": "IL"}, {"country": "US", "city": "Chicago", "postal_code": "60654", "line_1": "350 N LaSalle", "is_hq": true, "state": "IL"}], "name": "Illinois Institute of Technology", "tagline": null, "universal_name_id": "illinois-tech", "profile_pic_url": "https://s3.us-west-000.backblazeb2.com/proxycurl/company/illinois-tech/profile?X-Amz-Algorithm=AWS4-HMAC-SHA256&X-Amz-Credential=0004d7f56a0400b0000000001%2F20241126%2Fus-west-000%2Fs3%2Faws4_request&X-Amz-Date=20241126T050819Z&X-Amz-Expires=3600&X-Amz-SignedHeaders=host&X-Amz-Signature=646ab4c59d2b570f60e6f39526c9fe4aa13ea2639399c0ded32f8232922b9265", "background_cover_image_url": "https://s3.us-west-000.backblazeb2.com/proxycurl/company/illinois-tech/cover?X-Amz-Algorithm=AWS4-HMAC-SHA256&X-Amz-Credential=0004d7f56a0400b0000000001%2F20241126%2Fus-west-000%2Fs3%2Faws4_request&X-Amz-Date=20241126T050819Z&X-Amz-Expires=3600&X-Amz-SignedHeaders=host&X-Amz-Signature=81893de167d8efc6431a6155c8d7a0df91074ae414c1d0eb3d5aa55a88f98c72", "search_id": "6328", "similar_companies": [{"name": "Illinois Tech College of Computing ", "link": "https://www.linkedin.com/company/illinois-tech-college-of-computing/", "industry": "Higher Education", "location": null}, {"name": "Indian Student Association - Illinois Tech", "link": "https://www.linkedin.com/company/isa-illinoistech/", "industry": "Non-profit Organizations", "location": null}, {"name": "Graduate Student Life at IIT", "link": "https://www.linkedin.com/company/graduate-student-life-at-iit/", "industry": "Higher Education", "location": null}, {"name": "FSU Data Science Program", "link": "https://www.linkedin.com/company/fsu-data-science-program/", "industry": "Higher Education", "location": null}, {"name": "Illinois Tech Lewis College of Science and Letters", "link": "https://www.linkedin.com/company/illinois-tech-lewis-college-of-science-and-letters/", "industry": "Higher Education", "location": null}, {"name": "Generative AI", "link": "https://www.linkedin.com/company/genai-works/", "industry": "Technology, Information and Internet", "location": null}, {"name": "St. Marys College", "link": "https://www.linkedin.com/school/st.-marys-college/", "industry": "Higher Education", "location": null}, {"name": "Illinois Tech Stuart School of Business", "link": "https://www.linkedin.com/school/iitstuart/", "industry": "Higher Education", "location": null}, {"name": "POS Pros", "link": "https://www.linkedin.com/company/pos-pros/", "industry": null, "location": null}, {"name": "Teton Science Schools", "link": "https://www.linkedin.com/school/teton-science-schools/", "industry": "Education Administration Programs", "location": null}, {"name": "GoldenEmbryo Technologies Pvt Ltd", "link": "https://www.linkedin.com/company/goldenembryo-technologies-pvt-ltd/", "industry": "Software Development", "location": null}, {"name": "Affilata", "link": "https://www.linkedin.com/company/affilata/", "industry": "Advertising Services", "location": null}, {"name": "Job Search Squad (Acquired by TechPod.org)", "link": "https://www.linkedin.com/company/jobsearchsquad/", "industry": "Staffing and Recruiting", "location": null}, {"name": "Indian Student Association @ UCR", "link": "https://www.linkedin.com/company/indian-student-association-ucr/", "industry": "International Affairs", "location": null}, {"name": "Althea McIntyre International (formerly The Best Career For Me)", "link": "https://www.linkedin.com/company/altheamcintyre/", "industry": "Professional Training and Coaching", "location": null}, {"name": "PALLADIUM FINANCE LIMITED", "link": "https://www.linkedin.com/company/palladium-finance-limited/", "industry": "Financial Services", "location": null}, {"name": "NATIONAL ASSOCIATION OF COLLEGIATE DIRECTORS OF ATHLETICS", "link": "https://www.linkedin.com/company/national-association-of-collegiate-directors-of-athletics/", "industry": "E-Learning Providers", "location": null}, {"name": "Rec Automation", "link": "https://www.linkedin.com/company/rec-automation/", "industry": "Wellness and Fitness Services", "location": null}, {"name": "Pieresearch", "link": "https://www.linkedin.com/company/pieresearch/", "industry": "Construction", "location": null}, {"name": "Tourbillon Strategic", "link": "https://www.linkedin.com/company/tourbillon-strategic/", "industry": "Investment Management", "location": null}], "affiliated_companies": [{"name": "Illinois Institute of Technology - Industrial Technology & Management", "link": "https://www.linkedin.com/showcase/industrial-technology-and-management-school-of-applied-technology/", "industry": "Higher Education", "location": null}, {"name": "IIT Architecture Chicago", "link": "https://www.linkedin.com/showcase/iit-architecture/", "industry": "Higher Education", "location": null}, {"name": "Armour College of Engineering at Illinois Tech", "link": "https://www.linkedin.com/showcase/armour-college-of-engineering/", "industry": "Higher Education", "location": null}], "updates": [{"article_link": "https://www.linkedin.com/posts/illinois-tech_deepening-community-ties-activity-7256730201668149249-nfTj", "image": null, "posted_on": {"day": 28, "month": 10, "year": 2024}, "text": "Illinois Tech has called Bronzeville home since its founding, and now, with a $2 million federal grant, we're strengthening that bond. Introducing the Bronzeville Opportunity Engine\u2014a new initiative designed to provide cutting-edge skills training and support for local entrepreneurs, students, and working professionals. This transformative space in Galvin Tower will offer workforce development, small business education, and startup incubation right here in the heart of our community.\n\nhttps://lnkd.in/gBAxBDgs\n\n#IllinoisTech #Bronzeville #Community", "total_likes": 22}, {"article_link": "https://www.linkedin.com/posts/illinois-tech_a-huge-thank-you-to-everyone-who-attended-activity-7252409502824554496-lL4S", "image": "https://media.licdn.com/dms/image/v2/D5610AQFlhy2ltu0gWA/image-shrink_1280/image-shrink_1280/0/1729109161998?e=1730768400&v=beta&t=cFuYdiMXSQS2qbAIlF1ud7dsWvwTLSfajR41or0D7_4", "posted_on": {"day": 22, "month": 10, "year": 2024}, "text": "A huge thank you to everyone who attended the Illinois Tech Career Fair! We hope you made valuable connections and explored exciting opportunities to advance your career.\n\nKeep moving forward with confidence, and remember, we\u2019re here to support your professional journey every step of the way.", "total_likes": 219}, {"article_link": "https://www.linkedin.com/posts/illinois-tech_activity-7251990283918192640-7d4N", "image": null, "posted_on": {"day": 22, "month": 10, "year": 2024}, "text": null, "total_likes": 8}, {"article_link": "https://www.linkedin.com/posts/illinois-tech-alumni-association-90828918_rise-and-shine-its-illinois-techs-giving-activity-7250114585691631617-WdyK", "image": "https://media.licdn.com/dms/image/v2/D5622AQEH0e_lNTl-Yw/feedshare-shrink_2048_1536/feedshare-shrink_2048_1536/0/1728562016607?e=1733356800&v=beta&t=1oxx_Jkb0rmjV5pCtGpQkZh6UOcFGr9qsNSKi-8M5GI", "posted_on": {"day": 15, "month": 10, "year": 2024}, "text": "Rise and shine, it's Illinois Tech's Giving Day!\u2600\ufe0f\n\nToday, the Scarlet Hawk community is encouraged to support the university\u2014and the next generation of students\u2014by making a gift to Illinois Tech. We need your help to reach our goal of 500 donors in the next 24 hours! \n\nVisit iit.edu/givenow to see the different people, programs, and causes you can support today. Let's power the difference that is Illinois Tech together!", "total_likes": 50}, {"article_link": "https://www.linkedin.com/posts/illinois-tech_tedxillinoistech-speakerannouncement-lancefortnow-activity-7256402295133765632-Wwm3", "image": null, "posted_on": {"day": 28, "month": 10, "year": 2024}, "text": "Make sure to follow TEDxIllinois Tech for all the details on the upcoming TEDxIllinois Tech 2024, including this talk with Illinois Tech College of Computing Dean Lance Fortnow", "total_likes": 2}, {"article_link": "https://www.linkedin.com/posts/illinois-tech_history-through-their-eyes-program-allows-activity-7254507805108289536-PoaC", "image": null, "posted_on": {"day": 23, "month": 10, "year": 2024}, "text": "This summer a group of high school students gathered at Illinois Tech for Healing 1919, a powerful program exploring the history and repercussions of the \u201cRed Summer\u201d of 1919. As justice ambassadors, these students examined the race riots that swept the country and channeled their creativity into innovative projects that promote racial healing and civic action.\n\nLed by Yvonnie DuBose and the Institute of Design (ID) Daniel Chichester, the program allowed students to express their thoughts on race relations through art, storytelling, and community projects. Together, they embraced the challenge of turning painful history into opportunities for solidarity and change.\n\nhttps://lnkd.in/gBasy4sT", "total_likes": 20}], "follower_count": 109201, "acquisitions": null, "exit_data": null, "extra": null, "funding_data": [], "categories": null, "customer_list": null}
