{"linkedin_internal_id": "26560598", "description": "Illinois Institute of Technology's College of Computing", "website": "https://www.iit.edu/computing", "industry": "Higher Education", "company_size": [1001, 5000], "company_size_on_linkedin": 12, "hq": {"country": "US", "city": "Chicago", "postal_code": null, "line_1": null, "is_hq": true, "state": null}, "company_type": "EDUCATIONAL", "founded_year": null, "specialities": [], "locations": [{"country": "US", "city": "Chicago", "postal_code": null, "line_1": null, "is_hq": true, "state": null}], "name": "Illinois Tech College of Computing ", "tagline": "Harnessing the power of data and computation to shape education at Illinois Tech.", "universal_name_id": "illinois-tech-college-of-computing", "profile_pic_url": "https://s3.us-west-000.backblazeb2.com/proxycurl/company/illinois-tech-college-of-computing/profile?X-Amz-Algorithm=AWS4-HMAC-SHA256&X-Amz-Credential=0004d7f56a0400b0000000001%2F20241126%2Fus-west-000%2Fs3%2Faws4_request&X-Amz-Date=20241126T054210Z&X-Amz-Expires=3600&X-Amz-SignedHeaders=host&X-Amz-Signature=c9ab303cbfb3ad3cad7e2b2d5a44be0346d69cf154873f953eb0a3f9db58aceb", "background_cover_image_url": "https://s3.us-west-000.backblazeb2.com/proxycurl/company/illinois-tech-college-of-computing/cover?X-Amz-Algorithm=AWS4-HMAC-SHA256&X-Amz-Credential=0004d7f56a0400b0000000001%2F20241126%2Fus-west-000%2Fs3%2Faws4_request&X-Amz-Date=20241126T054210Z&X-Amz-Expires=3600&X-Amz-SignedHeaders=host&X-Amz-Signature=a288fcf68f1f43e6b3a9bc5b81dd7744b7a0d4b1b1af1e1f11792231088c306e", "search_id": "26560598", "similar_companies": [{"name": "Graduate Student Life at IIT", "link": "https://www.linkedin.com/company/graduate-student-life-at-iit/", "industry": "Higher Education", "location": null}, {"name": "Indian Student Association - Illinois Tech", "link": "https://www.linkedin.com/company/isa-illinoistech/", "industry": "Non-profit Organizations", "location": null}, {"name": "Illinois Institute of Technology", "link": "https://www.linkedin.com/school/illinois-tech/", "industry": "Higher Education", "location": null}, {"name": "Kaplan Institute", "link": "https://www.linkedin.com/company/kaplan-institute/", "industry": "Education", "location": null}, {"name": "ACM Illinois Tech", "link": "https://www.linkedin.com/company/acm-iit/", "industry": "Education", "location": null}, {"name": "Illinois Tech Lewis College of Science and Letters", "link": "https://www.linkedin.com/company/illinois-tech-lewis-college-of-science-and-letters/", "industry": "Higher Education", "location": null}, {"name": "Illinois Tech ACM", "link": "https://www.linkedin.com/company/iitacm/", "industry": "Software Development", "location": null}, {"name": "Illinois Tech Stuart School of Business", "link": "https://www.linkedin.com/school/iitstuart/", "industry": "Higher Education", "location": null}, {"name": "Illinois Tech Motorsports", "link": "https://www.linkedin.com/company/iitmotorsports/", "industry": "Motor Vehicle Manufacturing", "location": null}, {"name": "Leap of Faith Technologies, Inc.", "link": "https://www.linkedin.com/company/leap-of-faith-technologies-inc./", "industry": "Hospitals and Health Care", "location": null}, {"name": "Google", "link": "https://www.linkedin.com/company/google/", "industry": "Software Development", "location": null}, {"name": "CCC Intelligent Solutions", "link": "https://www.linkedin.com/company/ccc-intelligent-solutions/", "industry": "Software Development", "location": null}, {"name": "Argonne National Laboratory", "link": "https://www.linkedin.com/company/argonne-national-laboratory/", "industry": "Research Services", "location": null}, {"name": "AU Engineering, Aarhus University", "link": "https://www.linkedin.com/company/au-engineering-aarhus-university/", "industry": "Higher Education", "location": null}, {"name": "GitHub", "link": "https://www.linkedin.com/company/github/", "industry": "Software Development", "location": null}, {"name": "University of Illinois Chicago (UIC) School of Public Health", "link": "https://www.linkedin.com/company/uicpublichealth/", "industry": "Higher Education", "location": null}, {"name": "Northrop Grumman", "link": "https://www.linkedin.com/company/northrop-grumman-corporation/", "industry": "Defense and Space Manufacturing", "location": null}, {"name": "Sustainable Egypt Youth Summit", "link": "https://www.linkedin.com/company/lcoyegypt/", "industry": "Civic and Social Organizations", "location": null}, {"name": "Infosys", "link": "https://www.linkedin.com/company/infosys/", "industry": "IT Services and IT Consulting", "location": null}, {"name": "Amazon Web Services (AWS)", "link": "https://www.linkedin.com/company/amazon-web-services/", "industry": "IT Services and IT Consulting", "location": null}], "affiliated_companies": [], "updates": [{"article_link": "https://www.linkedin.com/posts/illinois-tech-college-of-computing_research-revolutionizes-monte-carlo-methods-activity-7264650386521628672-GNdS", "image": null, "posted_on": {"day": 19, "month": 11, "year": 2024}, "text": "A pioneering research team, including Illinois Tech\u2019s Nathan Kirk, has developed a game-changing approach using machine learning to create more evenly distributed data point sets\u2014making estimations faster and more precise! The team\u2019s innovative Message-Passing Monte Carlo (MPMC) technique combines graph neural networks with quasi-Monte Carlo methods, promising major efficiency gains in fields like computer vision, scientific computing, and simulation.\n\nImagine a group of fishermen strategically spacing out on a lake to avoid overlapping. That\u2019s similar to how MPMC\u2019s \u201clow-discrepancy point sets\u201d work, ensuring uniformity and maximizing computational efficiency. This breakthrough has already shown up to a 25x improvement in computational finance and a 4x increase in robotics efficiency. \n\nWith MPMC, applications from light simulation in graphics to real-time robotics just got smarter, faster, and more reliable.\n\nLearn more: https://lnkd.in/gNuby3dH", "total_likes": 3}, {"article_link": "https://www.linkedin.com/posts/fortnow_student-laureate-activity-7254867304843288576-Adpg", "image": null, "posted_on": {"day": 23, "month": 10, "year": 2024}, "text": "Congrats to Ryan M., a CS major at Illinois Tech College of Computing who was named the 2024 recipient of the Abraham Lincoln Civic Engagement award.", "total_likes": 81}, {"article_link": "https://www.linkedin.com/posts/illinois-tech-college-of-computing_cybersecurity-of-awareness-trends-of-ai-activity-7262113919660380160-Tfhs", "image": null, "posted_on": {"day": 13, "month": 11, "year": 2024}, "text": "Didn\u2019t catch the cybersecurity live session? Watch Illinois Tech\u2019s College of Computing panel on-demand! Dive into the latest on AI, blockchain, and the future of cybersecurity\u2014from ethical challenges to advanced malware detection and AI protection strategies.\n\nCatch the full discussion here: https://lnkd.in/gwDf_d44\n\n#Cybersecurity #AI", "total_likes": 5}, {"article_link": "https://www.linkedin.com/posts/illinois-tech-college-of-computing_congratulations-to-ann-rangarajan-assistant-activity-7244733655611273218-ElnH", "image": null, "posted_on": {"day": 20, "month": 10, "year": 2024}, "text": "Congratulations to Ann Rangarajan, Assistant Professor of Information Technology and Management, for receiving the 2024 GenCyber Grant sub-award, sponsored by the National Security Agency! \ud83d\udee1\ufe0f\ud83d\udcbb\n\nRangarajan will lead a cybersecurity camp for high school students in Summer 2025 through Illinois Tech's Elevate College Prep Program. This initiative will help prepare the next generation of cyber experts and innovators!\n\nStay tuned for more updates on how this grant will shape future cybersecurity leaders.", "total_likes": 36}, {"article_link": "https://www.linkedin.com/posts/illinois-tech-college-of-computing_elevate-your-future-at-the-college-of-computing-activity-7257779360751865856-QQm_", "image": null, "posted_on": {"day": 6, "month": 11, "year": 2024}, "text": "Ever asked Alexa a question or streamed a show from the comfort of your couch? \n\nThe tech behind your everyday life has roots right here in Chicago, thanks to Illinois Tech grads!  At our top-ranked College of Computing, we\u2019re not just keeping up with the future\u2014we\u2019re building it. \n\nReady to see where computing can take you?\n\n#IllinoisTech #CollegeofComputing  #STEMEducation\n\nhttps://lnkd.in/gPGytf-j", "total_likes": 7}, {"article_link": "https://www.linkedin.com/posts/illinois-tech-college-of-computing_ann-rangarajan-assistant-professor-in-our-activity-7229171601810812931-8Ypp", "image": null, "posted_on": {"day": 20, "month": 8, "year": 2024}, "text": "Ann Rangarajan, Assistant Professor in our ITM Department, has won the 2024 Best Reviewer Award at the Midwest Conference for Information Systems (MWAIS)! \n\nThe award recognizes her outstanding commitment to providing constructive peer review feedback, a crucial yet often under-appreciated role in the IS research community. \n\nThank you, Ann, for your dedication and contributions!", "total_likes": 28}], "follower_count": 2290, "acquisitions": null, "exit_data": null, "extra": null, "funding_data": [], "categories": null, "customer_list": null}
