{"linkedin_internal_id": "79994924", "description": "Inflection AI is a public benefit corporation leveraging our world class large language model to build the first AI platform focused on the needs of the enterprise. \n\nInflection AI was re-founded in March of 2024 and our leadership team has assembled a team of kind, innovative, and collaborative individuals focused on building enterprise AI solutions. We are an organization passionate about what we are building, enjoy working together and strive to hire people with diverse backgrounds and experience. \n\nOur first product, Pi, provides an empathetic and conversational chatbot. Pi is a first public instance of building from our 350B+ frontier model with our sophisticated fine-tuning (10M+ examples), inference, and orchestration platform. We are now focusing on building new systems that directly support the needs of enterprise customers using this same approach\n\nWant to work with us? Have questions? Apply to job below or reach out to us with questions! ", "website": "https://inflection.ai", "industry": "Software Development", "company_size": [11, 50], "company_size_on_linkedin": 43, "hq": {"country": "US", "city": "Palo Alto", "postal_code": null, "line_1": null, "is_hq": true, "state": "California"}, "company_type": "PRIVATELY_HELD", "founded_year": 2022, "specialities": [], "locations": [{"country": "US", "city": "Palo Alto", "postal_code": null, "line_1": null, "is_hq": true, "state": "California"}], "name": "Inflection AI", "tagline": "Enterprise AI that works for you - a scalable and tunable platform built around a 350B+ frontier large language model", "universal_name_id": "inflectionai", "profile_pic_url": "https://media.licdn.com/dms/image/v2/D560BAQFlaKTozTl5KQ/company-logo_400_400/company-logo_400_400/0/1722836177125/inflectionai_logo?e=1740614400&v=beta&t=a-52hY37tiZxZgUE6Dz_LY-8TXx79umqGKGRNrHh4fM", "background_cover_image_url": "https://media.licdn.com/dms/image/v2/D563DAQH3AJFP1KIUqQ/image-scale_191_1128/image-scale_191_1128/0/1722836069244/inflectionai_cover?e=1733205600&v=beta&t=YrZB8CiPhlJGgUGmGfT8CocvVbfEDaq62Ta3cQOwDqE", "search_id": "79994924", "similar_companies": [{"name": "Google DeepMind", "link": "https://www.linkedin.com/company/googledeepmind/", "industry": "Research Services", "location": null}, {"name": "Anthropic", "link": "https://www.linkedin.com/company/anthropicresearch/", "industry": "Research Services", "location": null}, {"name": "Cohere", "link": "https://www.linkedin.com/company/cohere-ai/", "industry": "Software Development", "location": null}, {"name": "Greylock", "link": "https://www.linkedin.com/company/greylock-partners/", "industry": "Financial Services", "location": null}, {"name": "Hugging Face", "link": "https://www.linkedin.com/company/huggingface/", "industry": "Software Development", "location": null}, {"name": "Perplexity", "link": "https://www.linkedin.com/company/perplexity-ai/", "industry": "Software Development", "location": null}, {"name": "OpenAI", "link": "https://www.linkedin.com/company/openai/", "industry": "Research Services", "location": null}, {"name": "Adept", "link": "https://www.linkedin.com/company/adeptai/", "industry": "Software Development", "location": null}, {"name": "Stability AI", "link": "https://www.linkedin.com/company/stability-ai/", "industry": "Research Services", "location": null}, {"name": "Reos Partners", "link": "https://www.linkedin.com/company/reospartners/", "industry": "Business Consulting and Services", "location": null}, {"name": "Mistral AI", "link": "https://www.linkedin.com/company/mistralai/", "industry": "Technology, Information and Internet", "location": null}, {"name": "Scale AI", "link": "https://www.linkedin.com/company/scaleai/", "industry": "Software Development", "location": null}, {"name": "Character.AI", "link": "https://www.linkedin.com/company/character-ai/", "industry": "Software Development", "location": null}, {"name": "Microsoft", "link": "https://www.linkedin.com/company/microsoft/", "industry": "Software Development", "location": null}, {"name": "Runway", "link": "https://www.linkedin.com/company/runwayml/", "industry": "Software Development", "location": null}, {"name": "Generative AI", "link": "https://www.linkedin.com/company/genai-works/", "industry": "Technology, Information and Internet", "location": null}, {"name": "Snorkel AI", "link": "https://www.linkedin.com/company/snorkel-ai/", "industry": "Software Development", "location": null}, {"name": "Midjourney", "link": "https://www.linkedin.com/company/midjourney/", "industry": "Research Services", "location": null}, {"name": "Databricks", "link": "https://www.linkedin.com/company/databricks/", "industry": "Software Development", "location": null}, {"name": "DeepLearning.AI", "link": "https://www.linkedin.com/company/deeplearningai/", "industry": "Software Development", "location": null}], "affiliated_companies": [], "updates": [{"article_link": "https://www.linkedin.com/posts/inflectionai_we-are-excited-to-share-that-boundaryless-activity-7255302997503533057-gZq9", "image": null, "posted_on": {"day": 26, "month": 10, "year": 2024}, "text": "We are excited to welcome this incredible team - please learn more about how we will be integrating their automation and AI expertise:", "total_likes": 38}, {"article_link": "https://www.linkedin.com/posts/intel-ai_intel-genai-intelgaudi-activity-7249071074657644544-4YYB", "image": "https://media.licdn.com/dms/image/v2/D5610AQGm0FtPno4UCw/image-shrink_1280/image-shrink_1280/0/1728313214716?e=1733205600&v=beta&t=5t4RXH1CGle59ir_Yr9QnRiz0DlcK1FstSptGXZSoYM", "posted_on": {"day": 26, "month": 10, "year": 2024}, "text": "Inflection AI and #Intel have announced Inflection for Enterprise, an industry-first, enterprise-grade #GenAI platform powered by #IntelGaudi 3 accelerators and Intel Tiber Cloud.\n\nThis AI co-worker provides the control, customization and scalability required for complex, large-scale deployments, all while delivering empathetic, conversational, employee-friendly AI capabilities.\n\nRead the full story here: https://intel.ly/3YdGzYZ", "total_likes": 440}, {"article_link": "https://www.linkedin.com/posts/inflectionai_emotional-intelligence-and-empatheticai-activity-7262231502615138305-iKls", "image": null, "posted_on": {"day": 19, "month": 11, "year": 2024}, "text": "Our CEO Sean White was on the AI+HI project podcast sharing about emotional Intelligence and empathetic\u00a0AI - take a listen:", "total_likes": 54}, {"article_link": "https://www.linkedin.com/posts/mckay-chris_should-companies-own-their-ai-inflection-ugcPost-7254549846894759936-XDpn", "image": null, "posted_on": {"day": 26, "month": 10, "year": 2024}, "text": "Should companies own their AI? Inflection AI believes they should! \n\nThey are partnering with Intel Corporation, Dell Technologies and UiPath to offer AI solutions with custom models trained on their data and running on-prem or in private clouds. \n\nI had a chance to sit down with Inflection AI's COO Ted Shelton to talk about the company's new direction, the new Inflection 3 models and their enterprise AI offerings. We also discuss some of the top challenges enterprise are facing with AI adoption.\n\nCheck out the full episode here - https://lnkd.in/gExdej2m", "total_likes": 35}, {"article_link": "https://www.linkedin.com/posts/inflectionai_we-welcome-the-tech-accord-to-combat-deceptive-activity-7164342207519379456-MVyz", "image": null, "posted_on": {"day": 26, "month": 2, "year": 2024}, "text": "We welcome the Tech Accord to Combat Deceptive Use of AI in 2024 Elections.\n\nIn a year of unprecedented elections around the world, trust and transparency are more important than ever to democracy. We\u2019re glad to reaffirm our commitment to safe and reliable AI for everyone. We will do our part to combat AI-generated election misinformation.  \n\nhttps://lnkd.in/gB6v33in", "total_likes": 73}, {"article_link": "https://www.linkedin.com/posts/inflectionai_bringing-agentic-workflows-into-inflection-activity-7254896898493304834-Prqe", "image": null, "posted_on": {"day": 26, "month": 10, "year": 2024}, "text": "Did you hear the news? We launched agentic workflows and acquired Boundaryless Group. Hear from our CPO Ian McCarthy on how this product update and this team\u2019s automation expertise makes Inflection for Enterprise even more powerful.", "total_likes": 73}], "follower_count": 74330, "acquisitions": null, "exit_data": null, "extra": null, "funding_data": [], "categories": null, "customer_list": null}
