{"linkedin_internal_id": "133609", "description": "Infocepts enables improved business results through more effective use of data, AI & user-friendly analytics. We partner with our clients to resolve the most common & complex challenges standing in their way of using data to strengthen business decisions.", "website": "https://www.infocepts.ai", "industry": "Business Consulting and Services", "company_size": [1001, 5000], "company_size_on_linkedin": 1248, "hq": {"country": "US", "city": "Washington DC", "postal_code": "22102", "line_1": "1750 Tysons Blvd, McLean Suite 1500", "is_hq": true, "state": "VA"}, "company_type": "PRIVATELY_HELD", "founded_year": 2004, "specialities": ["Data Strategy", "Artificial Intelligence", "Data Science", "Data Fluency", "Cloud", "Data Engineering", "Data Platforms", "Data Trust", "Analytics Migration", "Data-driven Automation", "Hypercare", "Analytics as a Service", "Data Management", "Service Management", "Business Consulting", "Digital Experiences", "Business Value Delivery", "Machine Learning"], "locations": [{"country": "US", "city": "Washington DC", "postal_code": "22102", "line_1": "1750 Tysons Blvd, McLean Suite 1500", "is_hq": true, "state": "VA"}, {"country": "IN", "city": "Nagpur", "postal_code": "440022", "line_1": "11/1 IT Park, Nagpur Parsodi", "is_hq": false, "state": "Maharashtra"}, {"country": "SG", "city": "Singapore", "postal_code": "079903", "line_1": "The Signature, Changi Point #08-04", "is_hq": false, "state": "51 Changi Business Park Central 02"}, {"country": "IN", "city": "Nagpur", "postal_code": "441108", "line_1": "First Floor, SP InfoCity, PLOT NO 2 SECTOR 11, Nagpur Dahegaon, MIHAN,", "is_hq": false, "state": "Maharashtra"}, {"country": "IN", "city": "Chennai", "postal_code": "600113", "line_1": "Old Mahabalipuram Road, Tharamani", "is_hq": false, "state": "Tamil Nadu"}, {"country": "IN", "city": "Pune", "postal_code": "411014", "line_1": "Office No. 417/418/419, 4th Floor, Tower II, World Trade Center, Kharadi", "is_hq": false, "state": "Maharashtra"}, {"country": "IN", "city": "Bangaluru", "postal_code": "560103", "line_1": "INDIQUBE-EDGE, Khata No 571/630/6/4, (Sy No.6/4),  4th floor, Ambalipura Village, Varthur Hobli, Marathahalli Sub-Division, Ward No.150, Mahadevpura Division", "is_hq": false, "state": "Karnataka"}, {"country": "IN", "city": "Pune", "postal_code": "411045", "line_1": "1th Floor,A Wing Amar Business Zone, Swati Park, Veerbhadra Nagar, Baner, Near Balewadi high street", "is_hq": false, "state": "Maharashtra"}, {"country": "US", "city": "San Francisco", "postal_code": "94111", "line_1": "4 Embarcadero Center Suite 1400", "is_hq": false, "state": "CA"}, {"country": "US", "city": "New York", "postal_code": "10151", "line_1": "745 Fifth Avenue Suite 500 New York", "is_hq": false, "state": "NY"}, {"country": "CA", "city": "Toronto", "postal_code": "L4W 5K4", "line_1": "2425 Matheson Blvd East, 8th Floor Mississauga", "is_hq": false, "state": "ON"}, {"country": "CH", "city": "Switzerland", "postal_code": "1218", "line_1": "34, Chemin Francois-Lehmann Grand Saconnex", "is_hq": false, "state": "Switzerland"}, {"country": "GB", "city": "London", "postal_code": null, "line_1": null, "is_hq": false, "state": null}], "name": "InfoCepts", "tagline": "Improving business results through more effective use of data, AI & user-friendly analytics", "universal_name_id": "infocepts", "profile_pic_url": "https://s3.us-west-000.backblazeb2.com/proxycurl/company/infocepts/profile?X-Amz-Algorithm=AWS4-HMAC-SHA256&X-Amz-Credential=0004d7f56a0400b0000000001%2F20241126%2Fus-west-000%2Fs3%2Faws4_request&X-Amz-Date=20241126T055834Z&X-Amz-Expires=3600&X-Amz-SignedHeaders=host&X-Amz-Signature=cd7e5829389bc469b06c5a6e9f5ff797abb0e90c1534bf32fcbec1b367f70609", "background_cover_image_url": "https://s3.us-west-000.backblazeb2.com/proxycurl/company/infocepts/cover?X-Amz-Algorithm=AWS4-HMAC-SHA256&X-Amz-Credential=0004d7f56a0400b0000000001%2F20241126%2Fus-west-000%2Fs3%2Faws4_request&X-Amz-Date=20241126T055834Z&X-Amz-Expires=3600&X-Amz-SignedHeaders=host&X-Amz-Signature=189f3be6f0392fb6122b4efb4ee6a474dc91ea5a95984b45d6108628d3033b65", "search_id": "133609", "similar_companies": [{"name": "Nice Software Solutions Pvt. Ltd.", "link": "https://in.linkedin.com/company/nice-software-solutions", "industry": "IT Services and IT Consulting", "location": "Nagpur, Maharashtra"}, {"name": "Lighthouse Info Systems Pvt Ltd", "link": "https://in.linkedin.com/company/lighthouse-systems-pvt-ltd", "industry": "IT Services and IT Consulting", "location": "Nagpur, Maharashtra"}, {"name": "Click2Cloud Inc.", "link": "https://in.linkedin.com/company/click2cloud-inc-", "industry": "Software Development", "location": "Bellevue, Washington"}, {"name": "Harrier Information Systems", "link": "https://in.linkedin.com/company/harrier-information-system-pvt--ltd-", "industry": "IT Services and IT Consulting", "location": "Nagpur, Maharashtra"}, {"name": "Persistent Systems", "link": "https://in.linkedin.com/company/persistent-systems", "industry": "IT Services and IT Consulting", "location": "Pune, Maharashtra"}, {"name": "Excellon Software", "link": "https://in.linkedin.com/company/excellon-software-pvt-ltd", "industry": "Software Development", "location": "Nagpur, Maharashtra"}, {"name": "Perficient", "link": "https://www.linkedin.com/company/perficient", "industry": "IT Services and IT Consulting", "location": "St Louis, MO 63141, MO"}, {"name": "DhanInfo", "link": "https://in.linkedin.com/company/dhaninfo", "industry": "IT Services and IT Consulting", "location": "Nagpur, Maharashtra"}, {"name": "Valethi Technologies", "link": "https://in.linkedin.com/company/valethi", "industry": "Information Technology & Services", "location": "Nagpur, Maharashtra"}, {"name": "Ceinsys Tech Limited", "link": "https://in.linkedin.com/company/ceinsys-tech-limited", "industry": "IT Services and IT Consulting", "location": "Nagpur, Maharashtra"}], "affiliated_companies": [], "updates": [{"article_link": null, "image": "https://media.licdn.com/dms/image/v2/D4D22AQFgzttu7W0hvw/feedshare-shrink_2048_1536/feedshare-shrink_2048_1536/0/1731586225345?e=2147483647&v=beta&t=Avmoi9SYxXW678n1p4EgA7w8QNcTCbXU__t765O0u2M", "posted_on": {"day": 18, "month": 11, "year": 2024}, "text": "We\u2019re excited to connect with data enthusiasts and industry leaders at the MicroStrategy Zurich Summit this week!", "total_likes": 4}, {"article_link": null, "image": "https://media.licdn.com/dms/image/v2/D4D22AQFgzttu7W0hvw/feedshare-shrink_2048_1536/feedshare-shrink_2048_1536/0/1731586225345?e=2147483647&v=beta&t=Avmoi9SYxXW678n1p4EgA7w8QNcTCbXU__t765O0u2M", "posted_on": {"day": 15, "month": 11, "year": 2024}, "text": null, "total_likes": 0}, {"article_link": null, "image": "https://media.licdn.com/dms/image/v2/D5622AQERb4Q4ls9Hag/feedshare-shrink_2048_1536/feedshare-shrink_2048_1536/0/1731669291401?e=2147483647&v=beta&t=4bHJQYcxVsCrJ0Shy7QBoXkNPpoeP7aoHgqMBJHnEdI", "posted_on": {"day": 16, "month": 11, "year": 2024}, "text": "\ud83d\udce2 Welcoming a Visionary Leader!\n\nWe\u2019re thrilled to announce that Kumar Amitesh has joined Infocepts as our new President, based in New Jersey, USA!\n\nAmitesh brings more than 2 decades of expertise in Data, Analytics, AI, Generative AI, and Cloud technologies, with a strong focus on driving business transformation. His extensive experience spans industries like Banking, Retail, Healthcare, and Life Sciences, where he has delivered impactful, AI & data-driven outcomes and led global strategies. \n\nJoin us in welcoming Amitesh as he embarks on this exciting journey with us! \n\n\ud83d\udd17 Read the full announcement here: https://lnkd.in/gFGAEYKy\n\n#Leadership #DataInnovation #AI #Infocepts", "total_likes": 544}, {"article_link": null, "image": "https://media.licdn.com/dms/image/v2/D5605AQHXLbUEokHKqg/feedshare-thumbnail_720_1280/feedshare-thumbnail_720_1280/0/1731584409452?e=2147483647&v=beta&t=n1Oneg0mIZ5XGv6qp7yBrqA4PmPJA02eVGljsvh5dl4", "posted_on": {"day": 15, "month": 11, "year": 2024}, "text": "Thank you for joining us for the premiere episode of The Intelligent Leader podcast with Shashank Garg, featuring Pete Cherecwich of Northern Trust. \n\nMissed it? Watch Episode 1 here: https://lnkd.in/gz7J2iZ7. And don't forget to share your thoughts in the comments!\n\nA huge thank you to Pete for sharing such valuable insights. The Intelligent Leader is now available on Spotify, Apple, and YouTube. Subscribe using the links below to stay updated on future episodes!\n\n\ud83d\udd17 Apple: https://lnkd.in/ghc_hnPb\n\ud83d\udd17 Spotify: https://lnkd.in/gEBfHuxn\n\ud83d\udd17 YouTube: https://lnkd.in/g7_Kti-E\n\n#TheIntelligentLeader #PodcastLaunch #DataAI #LeadershipInsights", "total_likes": 13}, {"article_link": null, "image": null, "posted_on": {"day": 13, "month": 11, "year": 2024}, "text": "The Intelligent Leader: Navigating Financial Risk with Data & AI #intelligentleader #podcast", "total_likes": 54}, {"article_link": null, "image": null, "posted_on": {"day": 11, "month": 11, "year": 2024}, "text": "Mental health begins at home\u2014within ourselves, our teams, and our workplace culture. \n \nAt Infocepts, we celebrated Mental Health Month in October, with a series of initiatives focused on mental well-being. From wellness workshops to interactive sessions, we came together to prioritize our mental health and build a supportive work environment.\n \nTogether, we\u2019re creating a workplace where mental health is as important as physical health, and where everyone feels empowered to recharge and thrive. \n \n#MentalHealthMatters #WellBeingAtWork #StrongerTogether", "total_likes": 86}, {"article_link": null, "image": "https://media.licdn.com/dms/image/v2/D5605AQFTVNoz3jf2zA/feedshare-thumbnail_720_1280/feedshare-thumbnail_720_1280/0/1730984152706?e=2147483647&v=beta&t=1UkY0dMH02Bx3FPKx_6cQuXkNEr-QPSEYYyE8M-P0L0", "posted_on": {"day": 11, "month": 11, "year": 2024}, "text": "\u23f3 The countdown has begun for the launch of 'The Intelligent Leader' podcast, hosted by our Founder & CEO, Shashank Garg!\n\nGet ready for a deep dive into the world of data & AI with top business leaders and experts. From industry-changing strategies to real-world case studies, this podcast will give you the insights you need to lead with confidence. \ud83c\udfac Check out the trailer \ud83d\udc47  to get a sneak peek of what\u2019s coming your way! \n\nDon\u2019t miss the first episode, Register Now - https://lnkd.in/dKqFcwwR", "total_likes": 65}, {"article_link": null, "image": "https://media.licdn.com/dms/image/v2/D5622AQG_270pi0WYWQ/feedshare-shrink_800/feedshare-shrink_800/0/1730806932670?e=2147483647&v=beta&t=LqHWrlvW2ZYC5N86bBGbp8D1AfAbTMpZFk4EH3N8TYU", "posted_on": {"day": 11, "month": 11, "year": 2024}, "text": "Accelerate Your Databricks Migration with Infocepts\u20143X Faster, 50% Lower Costs, and 60% Higher Performance! \n\nWith Infocepts' Flash Databricks Migrate, experience seamless, high-impact migrations that are faster, cheaper, and optimized for peak performance. \n\nDiscover how we can transform your migration journey - https://lnkd.in/gE4xqX3h", "total_likes": 18}, {"article_link": null, "image": "https://media.licdn.com/dms/image/v2/D5622AQFMwfqDBpwQVw/feedshare-shrink_2048_1536/feedshare-shrink_2048_1536/0/1730352938236?e=2147483647&v=beta&t=_MrhM5u1WjiAwY-dAxTM3Nk18Epa2Gev-KFCO4m7iZM", "posted_on": {"day": 4, "month": 11, "year": 2024}, "text": "As we celebrate the festival of lights, may your life be filled with joy, prosperity, and new beginnings. \nHappy Diwali to all our clients, partners, and team members who make every day brighter! \ud83c\udf1f\u2728 \n\n#HappyDiwali #FestivalOfLights", "total_likes": 16}, {"article_link": null, "image": "https://media.licdn.com/dms/image/v2/D5605AQFhB3lad6EWlw/feedshare-thumbnail_720_1280/feedshare-thumbnail_720_1280/0/1730190250460?e=2147483647&v=beta&t=X6MmJ0sKBC07xTNgpaDp816y021XBYjoCcpiz4pcjIU", "posted_on": {"day": 4, "month": 11, "year": 2024}, "text": "Highlights from our Oct '24 Innovation Day are here! \ud83d\udc47\n\nEach edition of Innovation Day has been a remarkable journey of learning, innovation, and meaningful connections. Reflecting on this fourth edition fills us with pride and excitement for what\u2019s ahead. \n\nThank you for being part of this incredible experience\u2014we can\u2019t wait to see you again in \ud83d\udcc5 April 2025!\n\n#InnovationDay2024 #InnovationHighlights #Infocepts #DataAIInnovation", "total_likes": 88}, {"article_link": null, "image": "https://media.licdn.com/dms/image/v2/D5605AQFPfAzHPgfbiA/feedshare-thumbnail_720_1280/feedshare-thumbnail_720_1280/0/1730116010957?e=2147483647&v=beta&t=sroIBUCw8yjvtr0nDfzncPf9MiJ_nQhwSAIb9jZtboo", "posted_on": {"day": 4, "month": 11, "year": 2024}, "text": "We\u2019re excited to announce the launch of our new podcast 'The Intelligent Leader', hosted by our Founder & CEO, Shashank Garg! \n \nJoin us as we dive into engaging discussions with business leaders and data experts to share industry knowledge on new & innovative ways to use data & AI to enable business transformation.\n \nExpect a mix of inspiration, fun, and valuable takeaways. Stay tuned for our first episode coming soon!\n \n#IntentionalConversations #PodcastLaunch #ShashankGarg #IntelligentLeader #Infocepts", "total_likes": 151}], "follower_count": 76195, "acquisitions": null, "exit_data": null, "extra": null, "funding_data": [], "categories": null, "customer_list": null}
