{"linkedin_internal_id": "3574819", "description": "As one of the world\u2019s largest and most-impactful youth-serving NGOs, JA Worldwide delivers hands on, immersive learning in entrepreneurship, work readiness, and financial health. Reaching more than 15 million young people each year through over 400,000 teachers and business volunteers, JA Worldwide is one of few organizations with the scale, experience, and passion to build a boundless future for the next generation of innovators, entrepreneurs, and leaders.\n\nJA Worldwide is a network of teams: Each JA entity has its own board of directors and staff and each operation, whether large or small, works with young people, has an online presence, raises funds, manages finances, delivers programs, organizes events, collects/shares data, and handles diverse legal and compliance issues. In addition to working with young people of all ages and a vast alumni community, JA is in contact with volunteers, teachers and nearly 100,000 schools each year. JA Worldwide has been selected as one of the top ten NGOs in the world in annual rankings since 2019 and was nominated for the Nobel Peace Prize in 2022 and 2023.", "website": "https://jaworldwide.org", "industry": "Non-profit Organizations", "company_size": [1001, 5000], "company_size_on_linkedin": 369, "hq": {"country": "US", "city": "Boston", "postal_code": "02116", "line_1": "131 Dartmouth St", "is_hq": true, "state": "Massachusetts"}, "company_type": "EDUCATIONAL", "founded_year": 1919, "specialities": ["Entrepreneurship", "Workforce readiness", "Financial literacy", "Youth employment", "Work readiness", "future of jobs", "global NGO", "youth", "education"], "locations": [{"country": "US", "city": "Boston", "postal_code": "02116", "line_1": "131 Dartmouth St", "is_hq": true, "state": "Massachusetts"}], "name": "JA Worldwide", "tagline": "As one of the world\u2019s largest youth-serving NGOs, JA Worldwide prepares young people for employment and entrepreneurship", "universal_name_id": "ja-worldwide", "profile_pic_url": "https://s3.us-west-000.backblazeb2.com/proxycurl/company/ja-worldwide/profile?X-Amz-Algorithm=AWS4-HMAC-SHA256&X-Amz-Credential=0004d7f56a0400b0000000001%2F20241126%2Fus-west-000%2Fs3%2Faws4_request&X-Amz-Date=20241126T050848Z&X-Amz-Expires=3600&X-Amz-SignedHeaders=host&X-Amz-Signature=1dc08f400ab8f1a5feb2b13cfd05a36c4f79fc6e144c97aedbc87fa78df751c8", "background_cover_image_url": "https://s3.us-west-000.backblazeb2.com/proxycurl/company/ja-worldwide/cover?X-Amz-Algorithm=AWS4-HMAC-SHA256&X-Amz-Credential=0004d7f56a0400b0000000001%2F20241126%2Fus-west-000%2Fs3%2Faws4_request&X-Amz-Date=20241126T050848Z&X-Amz-Expires=3600&X-Amz-SignedHeaders=host&X-Amz-Signature=4b43b9dac01b014620689516945d98a10e3fefdfee1897933415419d19ec2539", "search_id": "3574819", "similar_companies": [{"name": "Junior Achievement Africa", "link": "https://www.linkedin.com/company/junior-achievement-africa/", "industry": "Non-profit Organizations", "location": null}, {"name": "Junior Achievement M\u00e9xico (JA M\u00e9xico)", "link": "https://www.linkedin.com/company/jamexico/", "industry": "Education", "location": null}, {"name": "Junior Achievement Argentina", "link": "https://www.linkedin.com/company/juniorenargentina/", "industry": "Education", "location": null}, {"name": "Junior Achievement Nigeria", "link": "https://www.linkedin.com/company/janigeria/", "industry": "Non-profit Organization Management", "location": null}, {"name": "Junior Achievement Americas", "link": "https://www.linkedin.com/company/jaamericas/", "industry": "Civic and Social Organizations", "location": null}, {"name": "Mujer Digital", "link": "https://www.linkedin.com/company/mujer-digital/", "industry": "Civic and Social Organizations", "location": null}, {"name": "JA Europe", "link": "https://www.linkedin.com/company/jaeurope/", "industry": "Education Administration Programs", "location": null}, {"name": "Africa International Training Facilities", "link": "https://www.linkedin.com/company/africa-international-training-facilities/", "industry": "Engineering Services", "location": null}, {"name": "Hypernova Aerospace", "link": "https://www.linkedin.com/company/hypernova-aerospace/", "industry": "Space Research and Technology", "location": null}, {"name": "XIFRA GROUP", "link": "https://www.linkedin.com/company/xifra-group/", "industry": "Information Technology & Services", "location": null}, {"name": "Programa Nacional Contigo", "link": "https://www.linkedin.com/company/programa-nacional-contigo/", "industry": "Government Administration", "location": null}, {"name": "Foro Internacional de Emprendedores", "link": "https://www.linkedin.com/company/fieargentina/", "industry": "Education", "location": null}, {"name": "Centro de Investigaci\u00f3n en Estudios de G\u00e9nero y Pol\u00edtica", "link": "https://www.linkedin.com/company/centro-de-investigaci%C3%B3n-en-estudios-de-g%C3%A9nero-y-pol%C3%ADtica/", "industry": "Research Services", "location": null}, {"name": "Fulbright Lotus", "link": "https://www.linkedin.com/company/fulbright-lotus/", "industry": "Higher Education", "location": null}, {"name": "Margaret McNamara Education Grants (MMEG)", "link": "https://www.linkedin.com/company/margaret-mcnamara-education-grants-mmeg-/", "industry": "Non-profit Organization Management", "location": null}, {"name": "Banco de Ropa del Per\u00fa", "link": "https://www.linkedin.com/company/banco-de-ropa-del-peru/", "industry": "Civic and Social Organizations", "location": null}, {"name": "Asociaci\u00f3n Nacional de Empresas de Cobranzas del Per\u00fa - ANECOP", "link": "https://www.linkedin.com/company/anecop-peru/", "industry": "Financial Services", "location": null}, {"name": "EconThaki", "link": "https://www.linkedin.com/company/econthaki/", "industry": "Education", "location": null}, {"name": "ECPAT Indonesia", "link": "https://www.linkedin.com/company/ecpat-indonesia/", "industry": "Non-profit Organizations", "location": null}, {"name": "JA South Africa", "link": "https://www.linkedin.com/company/junior-achievement-south-africa/", "industry": "Non-profit Organization Management", "location": null}], "affiliated_companies": [], "updates": [{"article_link": "https://www.linkedin.com/posts/ja-worldwide_its-almost-here-join-us-tuesday-november-activity-7264419883046559744-FS5L", "image": "https://media.licdn.com/dms/image/v2/D4E10AQGCN5GwY-WWHw/image-shrink_1280/image-shrink_1280/0/1731972663520?e=1733133600&v=beta&t=A2qdOvmH9yPzwK3ct4-FClqxun_xOVi1q3hrZmeKuX0", "posted_on": {"day": 19, "month": 11, "year": 2024}, "text": "It\u2019s almost here! \n\nJoin us Tuesday, November 19, for the return of JA Alumni Clubhouse at 9amEST/3pmCET/10pmHKT.\n\nGet ready for an action-packed session and exclusive insights featuring:\n- JA Global Alumni Summit 2024 highlights, recap, and coffee table book\n- Highlights from the first cohort of the JA Community Builders\n- Updates from JA Americas Alumni, including the Forum for International Entrepreneurs (FIE), and the first-ever Alumni Leadership Team \n- Recap of JA Asia Pacific\u2019s first-ever conference, RISE, and next steps\n- JA Europe\u2019s journey from NCM to Alumni Leaders Academy Europe\n- INJAZ Al-Arab/JA MENA\u2019s alumni movement launch and open recruitment for INJAZ Alumni Leaders\n\nRSVP now to secure your spot on Gather: https://lnkd.in/eFX4Q3cV.", "total_likes": 34}, {"article_link": "https://www.linkedin.com/posts/ja-worldwide_the-wait-is-almost-over-join-us-next-week-activity-7263298486509486082-tf3X", "image": "https://media.licdn.com/dms/image/v2/D4E10AQHpSxxlGxz8ig/image-shrink_1280/image-shrink_1280/0/1731705303097?e=1733133600&v=beta&t=FgACWg35_0rYymhfeAjcVeSGkt5NMfSFGwP4YMZbFF0", "posted_on": {"day": 18, "month": 11, "year": 2024}, "text": "The wait is almost over!\n\nJoin us next week on Tuesday, November 19, for the highly anticipated return of JA Alumni Clubhouse at 9amEST/3pmCET/10pmHKT.\n\nWe\u2019ll dive into JA Global Alumni Summit highlights, reveal exclusive opportunities for alumni worldwide, celebrate the addition of a new region to our alumni networks, and explore exciting updates from around the globe.\n\nRSVP on Gather to secure your spot: https://lnkd.in/eFX4Q3cV.", "total_likes": 27}, {"article_link": "https://www.linkedin.com/posts/ja-worldwide_join-us-on-tuesday-november-19-for-the-activity-7262188682772672512-W4Xw", "image": "https://media.licdn.com/dms/image/v2/D4E10AQGOf4ykvU02bw/image-shrink_1280/image-shrink_1280/0/1731440705232?e=1733133600&v=beta&t=5IP84Tc9whxqt6spRan-0mdzWEP2wMJj7VeQB3maib0", "posted_on": {"day": 18, "month": 11, "year": 2024}, "text": "Join us on Tuesday, November 19, for the return of JA Alumni Clubhouse at 9amEST/3pmCET/10pmHKT.\n\nWe'll share JA Global Alumni Summit highlights, announce exclusive opportunities for alumni worldwide, celebrate the addition of a new region to our alumni networks, and discover exciting updates from across the globe. \n\nRSVP and secure your place on Gather: https://lnkd.in/eFX4Q3cV.", "total_likes": 22}, {"article_link": "https://www.linkedin.com/posts/ja-worldwide_calling-all-ja-teachers-applications-and-activity-7262577486381649921-77qf", "image": "https://media.licdn.com/dms/image/v2/D4D10AQE2A0sv2hQVmg/image-shrink_1280/image-shrink_1280/0/1731533403440?e=1733133600&v=beta&t=UO3KhghIH2ShdGOHV0t4T6XjRWx4nx58sL2MjgSK9Wc", "posted_on": {"day": 18, "month": 11, "year": 2024}, "text": "Calling all JA teachers: Applications and nominations are officially open for the Global Teacher Prize.\n\nThis prestigious global prize from the Varkey Foundation awards US$1 million to an exceptional teacher who has made an outstanding contribution to their profession.\n\nTeachers, this is your moment to showcase the amazing impact you make every day. \n\nDo you know an inspiring JA teacher? Nominate them for the prize.\n\nApplications and nominations are due by December 9, 4amEST/10amCET/5pmHKT. Learn more at https://lnkd.in/dsCyjMWz.", "total_likes": 44}, {"article_link": "https://www.linkedin.com/posts/ja-worldwide_the-world-schools-summit-brings-together-activity-7256741566113894400-3DqX", "image": "https://media.licdn.com/dms/image/v2/D4E10AQHjBxCN_Yd3aw/image-shrink_1280/image-shrink_1280/0/1730142011589?e=1733133600&v=beta&t=kLyUzJMNF9Y-FMo31Lo07adtyTtG6fVTQ4eg5V5IgZc", "posted_on": {"day": 4, "month": 11, "year": 2024}, "text": "The World Schools Summit brings together leading figures in global education alongside leaders from some of the best schools on the planet. Taking place November 23\u201324 in Dubai, the global summit from T4 Education will include some of the biggest names in education and discussions on the most vital topics, including innovation and technology, leadership and development, whole-child approaches, professional well-being, and global collaboration. Speakers from JA include Asheesh Advani, JA Worldwide CEO; Jeff Hittner, head of JA Fellows; and Tania Daniel, JA of Southeast Texas Vice President of Entrepreneurship Initiatives.\n\nLearn more and apply to attend the free summit at https://lnkd.in/eVQY-H5p.", "total_likes": 21}, {"article_link": "https://www.linkedin.com/posts/ja-worldwide_jacb24-jacommunitybuilders-jaalumni-activity-7258357190904680448-fqiP", "image": "https://media.licdn.com/dms/image/v2/D4E10AQEJK51UCBT5SA/image-shrink_1280/image-shrink_1280/0/1730527205358?e=1733133600&v=beta&t=Sm5_Ufc37MUHrWfvQ94mRoVujvNkxAgQgNtr9qow8c4", "posted_on": {"day": 4, "month": 11, "year": 2024}, "text": "\ud83d\ude80 The future of JA alumni engagement is here! Thank you for the overwhelming response on the wait list. Limited spots remain for the first cohort of the JA Community Builders Certificate Program.\n\nCurious? Check out our FAQs for more details!\n\nWhat makes this course special?\n\u2022 Learn from global leaders and successful entrepreneurs\n\u2022 Earn a recognized certification that boosts your CV\n\u2022 Access an exclusive community for organizing impactful events\n\u2022 Join a network of engaged, like-minded alumni\n\nDon\u2019t miss your chance\u2014stay tuned for the course reveal and kick-off call invite! #JACB24\n\nJoin the wait list now to secure your spot: https://lnkd.in/emSBAzXQ.\n\n#JACommunityBuilders #JAAlumni #EmpowerChange", "total_likes": 60}], "follower_count": 26342, "acquisitions": null, "exit_data": null, "extra": null, "funding_data": [], "categories": null, "customer_list": null}
