{"linkedin_internal_id": "6407329", "description": "Joby is a California-based company building quiet, all-electric aircraft to connect people like never before. Quiet as a conversation and with the ability to take off and land vertically, the Joby aircraft will change the way we move while reducing the acoustic and climate footprint of flight.", "website": "https://www.jobyaviation.com", "industry": "Airlines and Aviation", "company_size": [1001, 5000], "company_size_on_linkedin": 1518, "hq": {"country": "US", "city": "Santa Cruz", "postal_code": "95060", "line_1": "333 Encinal St.", "is_hq": true, "state": "California"}, "company_type": "PUBLIC_COMPANY", "founded_year": 2009, "specialities": ["Electric aircraft", "eVTOL aircraft", "aerial ridesharing", "aircraft manufacture", "urban air mobility", "aerial mobility", "sustainable transportation", "sustainable transportation", "uam", "advanced air mobility", "aam"], "locations": [{"country": "US", "city": "Santa Cruz", "postal_code": "95060", "line_1": "333 Encinal St.", "is_hq": true, "state": "California"}, {"country": "US", "city": "San Carlos", "postal_code": "94070", "line_1": null, "is_hq": false, "state": "CA"}, {"country": "US", "city": "Marina", "postal_code": "93933", "line_1": "741 Neeson Rd", "is_hq": false, "state": "California"}], "name": "Joby Aviation", "tagline": "We\u2019re building quiet, all-electric aircraft to connect people like never before.", "universal_name_id": "jobyaviation", "profile_pic_url": "https://media.licdn.com/dms/image/v2/C560BAQE85DQedMnnZg/company-logo_200_200/company-logo_200_200/0/1630649314256/jobyaviation_logo?e=2147483647&v=beta&t=q7aD-GB2paTH_X_9SVzs6fHpNHYRN_gB46u4yaAQtws", "background_cover_image_url": "https://media.licdn.com/dms/image/v2/D563DAQFX8KeqsNDVFQ/image-scale_127_750/image-scale_127_750/0/1658937878967/jobyaviation_cover?e=2147483647&v=beta&t=nbvcrQB6TUM0Y95PNebBxbDySP73RoaIRP_oOPUgg1g", "search_id": "6407329", "similar_companies": [{"name": "Archer", "link": "https://www.linkedin.com/company/flyarcher", "industry": "Airlines and Aviation", "location": "San Jose, California"}, {"name": "Lilium", "link": "https://de.linkedin.com/company/lilium-aviation-gmbh", "industry": "Aviation and Aerospace Component Manufacturing", "location": "Gauting, Bavaria"}, {"name": "Vertical Aerospace", "link": "https://uk.linkedin.com/company/vertical-aerospace-ltd", "industry": "Aviation and Aerospace Component Manufacturing", "location": "Bristol, City of Bristol"}, {"name": "Volocopter", "link": "https://de.linkedin.com/company/volocopter", "industry": "Aviation and Aerospace Component Manufacturing", "location": "Bruchsal, Baden-W\u00fcrttemberg"}, {"name": "Wisk", "link": "https://www.linkedin.com/company/wisk-aero", "industry": "Aviation and Aerospace Component Manufacturing", "location": "Mountain View, California"}, {"name": "BETA TECHNOLOGIES", "link": "https://www.linkedin.com/company/beta-air-llc", "industry": "Aviation and Aerospace Component Manufacturing", "location": "South Burlington, Vermont"}, {"name": "Supernal", "link": "https://www.linkedin.com/company/supernalaero", "industry": "Aviation and Aerospace Component Manufacturing", "location": "Washington, D.C."}, {"name": "Eve Air Mobility", "link": "https://www.linkedin.com/company/eveairmobility", "industry": "Aviation and Aerospace Component Manufacturing", "location": "Melbourne , Florida"}, {"name": "Heart Aerospace", "link": "https://se.linkedin.com/company/heart-aerospace", "industry": "Aviation and Aerospace Component Manufacturing", "location": null}, {"name": "Xwing (Acquired by Joby Aviation)", "link": "https://www.linkedin.com/company/xwing", "industry": "Aviation and Aerospace Component Manufacturing", "location": "San Francisco, CA"}], "affiliated_companies": [], "updates": [{"article_link": null, "image": "https://media.licdn.com/dms/image/v2/D4E22AQFs37-ZsY9D3w/feedshare-shrink_800/feedshare-shrink_800/0/1732292996661?e=2147483647&v=beta&t=1JpZmEaMiKoE_0GOBro2SW5NV54f8yZJDndzivOjrMI", "posted_on": {"day": 23, "month": 11, "year": 2024}, "text": "We're very pleased to see New York City & the NYC Economic Development Corporation leaning into the quieter, cleaner future of vertical flight with the selection of Skyports Infrastructure and Groupe ADP to operate and electrify the Downtown Manhattan Heliport (JRB).\n\nLast year, we completed a series of exhibition flights from Downtown Manhattan, and we\u2019re excited to fly from the heliport again when we launch in NYC!\n\nSkyports Infrastructure is also our partner in Dubai, where they recently broke ground on a vertiport at DXB International with plans for three more initial sites across the Emirate.", "total_likes": 651}, {"article_link": "https://www.jobyaviation.com/news/fly-joby-aircraft-new-release-microsoft-flight-simulator/", "image": null, "posted_on": {"day": 20, "month": 11, "year": 2024}, "text": "\ud83d\udc68\u2708\ufe0f \ud83d\udc69\u2708\ufe0f  Hey, flight simulator pilots - we're in Microsoft Flight Simulator 2024!\n\nYou can now experience the intuitive, effortless controls we've designed for the Joby aircraft and explore your community in a new way.\n\nWhere will you take off and land? \ud83d\udc40 \n\nhttps://lnkd.in/ehCjbhxM", "total_likes": 932}, {"article_link": null, "image": "https://media.licdn.com/dms/image/v2/D5622AQEw6-kBpPY42g/feedshare-shrink_800/feedshare-shrink_800/0/1731710358910?e=2147483647&v=beta&t=M1koUgpPuApYI3dV3DKxPD4lnx0zmcavX0Xy9rU3Lsw", "posted_on": {"day": 19, "month": 11, "year": 2024}, "text": "Our partner Clay Lacy Aviation recently broke ground on its new FBO at John Wayne Airport , Orange County. The development will include installation of electric aviation charging infrastructure, enabling the FBO to service as part of our Southern California air taxi network.", "total_likes": 284}, {"article_link": null, "image": "https://media.licdn.com/dms/image/v2/D5622AQEw6-kBpPY42g/feedshare-shrink_800/feedshare-shrink_800/0/1731710358910?e=2147483647&v=beta&t=M1koUgpPuApYI3dV3DKxPD4lnx0zmcavX0Xy9rU3Lsw", "posted_on": {"day": 19, "month": 11, "year": 2024}, "text": null, "total_likes": 0}, {"article_link": null, "image": "https://media.licdn.com/dms/image/v2/D4E05AQEQjJizYzSjQw/videocover-high/videocover-high/0/1731420192211?e=2147483647&v=beta&t=xSFS-AAGLmDJP41tBKztInanllk2sLxkMhuXdJLFCd4", "posted_on": {"day": 19, "month": 11, "year": 2024}, "text": "Construction has begun on the first vertiport in our planned Dubai air taxi network! \nSituated at Dubai International Airport (DXB), the vertiport is designed for exceptional passenger experience and high throughput to deliver convenient and seamless travel between key destinations within Dubai. Skyports Infrastructure\n\nRead more: https://lnkd.in/erWZ_mEf", "total_likes": 1712}, {"article_link": null, "image": "https://media.licdn.com/dms/image/v2/D4E22AQFbSUXtoEsRPQ/feedshare-shrink_800/feedshare-shrink_800/0/1731348551779?e=2147483647&v=beta&t=ioXpsgl89aO-yuV_70k6qD5Oj6Aog5hbxrC_6eVcugM", "posted_on": {"day": 12, "month": 11, "year": 2024}, "text": "On Veterans Day, we express our gratitude every person who has served for their commitment and dedication to our nation \u2014 and in particular the many veterans who are part of the Joby team.\n\nThank you for your service, and Happy Veterans Day!", "total_likes": 839}, {"article_link": null, "image": "https://media.licdn.com/dms/image/v2/D4E05AQHV7TSebt7TGw/videocover-high/videocover-high/0/1731013569836?e=2147483647&v=beta&t=CgC6hbxpJzSAwah-l-v9EsD2bFX82ZMpE0iHFDxhhag", "posted_on": {"day": 12, "month": 11, "year": 2024}, "text": "Our first international flight in front of Mount Fuji marked Joby's deepening relationship with Toyota Motor Corporation as we work ever closer on scaling up production of our electric air taxi. \nWe're grateful to the entire Toyota team for welcoming us in Shizuoka and helping make our historic first international flight a resounding success.", "total_likes": 1243}, {"article_link": null, "image": "https://media.licdn.com/dms/image/v2/D4E22AQFt3o1UoY7jSw/feedshare-shrink_800/feedshare-shrink_800/0/1730927769457?e=2147483647&v=beta&t=3sAyPJ6Q48T2XmdeBehscmOVHIutQT9DQbB2R3dFurw", "posted_on": {"day": 12, "month": 11, "year": 2024}, "text": "A few highlights from our Q3 2024 results:\n\nToyota investment and partnership: Building on nearly seven years of collaboration, Toyota committed to investing an additional $500 million in Joby, as part of an agreement that includes plans to establish a manufacturing alliance. See shareholder letter for closing conditions.\n\nFirst international demonstration: We completed a number of exhibition flights at Toyota\u2019s Higashi-Fuji Technical Center in Japan, using our third production prototype aircraft which rolled off the production line less than three months prior.\n\nTest and Certification: We made more Stage 4 FAA progress than during any prior quarter. We reached a major landmark on our journey to type certification with the completion of our first FAA-conforming major sub-assembly, an aircraft tail. Our fourth production prototype is nearing completion and will join our flight test program shortly.\n\nRegulatory progress: In the U.S., we welcomed the publication of new operating regulations that lay the groundwork for the launch of commercial operations. We made important progress with regulators in each of our targeted launch markets.\n\nCommunity engagement: We hosted a number of events in early launch markets, from LA to NYC, experiencing great enthusiasm as we engaged with key stakeholders as well as more than 75,000 community members.\n\nFortress balance sheet: At the end of the third quarter of 2024, we maintained a strong balance sheet with $710 million in cash and short-term investments. This balance does not include the approximately $222 million raised through a follow-on equity offering completed in October 2024 or the expected Toyota investments totaling $500 million.\n\nOur full Q3 2024 shareholder letter is available on our website: https://lnkd.in/evCxeVYX\n\nJoby management will host a live audio webcast of its conference call to discuss the results at 2:00 p.m. PT (5:00 p.m. ET) today, accessible from our investor website: https://lnkd.in/g67nTPp2", "total_likes": 1090}, {"article_link": null, "image": "https://media.licdn.com/dms/image/v2/D4E05AQGv0RlbnB7-pQ/feedshare-thumbnail_720_1280/feedshare-thumbnail_720_1280/0/1730550548750?e=2147483647&v=beta&t=sA7k2bYVj9cOYO76a9nkING7Fdccocfiw7pt6DkwtyU", "posted_on": {"day": 5, "month": 11, "year": 2024}, "text": "\ud83d\uddfe \ud83d\udee9\ufe0f  With Mount Fuji as our backdrop, we completed our first ever international flight earlier this week, celebrating nearly seven years of collaboration between Toyota Motor Corporation and Joby.\n\nTaking off from the Toyota Technical Center in Higashi-Fuji, we were able to demonstrate the low acoustic footprint of our aircraft and welcome guests including Akio Toyoda, Chairman of Toyota Motor Corporation, Ted Ogawa, CEO of Toyota North America, and Hiroki Nakajima, CTO. \n\nWe\u2019re incredibly grateful to be working side-by-side with the world\u2019s largest automaker as we realize our shared vision for the future of mobility and look forward to taking the next step on our journey together.", "total_likes": 5376}, {"article_link": null, "image": "https://media.licdn.com/dms/image/v2/D4E22AQEOTu4KKSGXZA/feedshare-shrink_800/feedshare-shrink_800/0/1730391500339?e=2147483647&v=beta&t=Fmufv_mWAi_Y4mz_PhbkBYgkepIS9rkYr5fT6rTR3s8", "posted_on": {"day": 5, "month": 11, "year": 2024}, "text": "We had a great time at Compton Air Fair this past weekend in Los Angeles, where we brought our flight sim trailer to share the Joby aircraft with the community.\n\nEarlier this year, we partnered with the Fly Compton Foundation to bring a virtual reality simulator to the Compton Airport for a month, and we recently began offering Private Pilot Ground School to Compton students.", "total_likes": 628}, {"article_link": null, "image": "https://media.licdn.com/dms/image/v2/D4E05AQEYhCpkJHAwXA/videocover-high/videocover-high/0/1730294919585?e=2147483647&v=beta&t=lnZOCmxWyzE9mAH2d4JqewzkWi6dcSwr4UOvj02Bx-s", "posted_on": {"day": 5, "month": 11, "year": 2024}, "text": "\ud83d\udee9\ufe0f \ud83d\udee9\ufe0f Some highlights from recent flight testing with two of our production prototype aircraft in Marina, CA", "total_likes": 920}], "follower_count": 127570, "acquisitions": null, "exit_data": null, "extra": null, "funding_data": [], "categories": null, "customer_list": null}
