{"linkedin_internal_id": "1068", "description": "With a history tracing its roots to 1799 in New York City, JPMorganChase is one of the world's oldest, largest, and best-known financial institutions\u2014carrying forth the innovative spirit of our heritage firms in global operations across 100 markets.\n \nWe serve millions of customers and many of the world\u2019s most prominent corporate, institutional, and government clients daily, managing assets and investments, offering business advice and strategies, and providing innovative banking solutions and services.\n\nSocial Media Terms and Conditions: https://bit.ly/JPMCSocialTerms\n\n\u00a9 2024 JPMorgan Chase & Co. All rights reserved. JPMorganChase is an Equal Opportunity Employer, including Disability/Veterans.", "website": "http://www.jpmorganchase.com", "industry": "Financial Services", "company_size": [10001, null], "company_size_on_linkedin": 301115, "hq": {"country": "US", "city": "New York", "postal_code": "10017-2014", "line_1": "270 Park Avenue", "is_hq": true, "state": "NY"}, "company_type": "PUBLIC_COMPANY", "founded_year": null, "specialities": ["Consumer & Community Banking", "Corporate and Investment Bank", "Asset Management", "Private Banking", "Commercial Banking"], "locations": [{"country": "US", "city": "New York", "postal_code": "10017-2014", "line_1": "270 Park Avenue", "is_hq": true, "state": "NY"}, {"country": "CA", "city": "Toronto", "postal_code": "M3B1Z3", "line_1": "101 Duncan Mill Road", "is_hq": false, "state": "ON"}, {"country": "US", "city": "Dallas", "postal_code": "75201", "line_1": "2200 Ross Ave", "is_hq": false, "state": "TX"}, {"country": "IN", "city": "Bengaluru", "postal_code": "560103", "line_1": "Kadubeesanahalli Circle", "is_hq": false, "state": "Karnataka"}, {"country": "US", "city": "Westerville", "postal_code": "43081", "line_1": "370 S Cleveland Ave", "is_hq": false, "state": "OH"}, {"country": "US", "city": "Tampa", "postal_code": "33602", "line_1": "100 N Tampa St", "is_hq": false, "state": "FL"}, {"country": "US", "city": "Brooklyn", "postal_code": "11201", "line_1": "4 Metrotech Center", "is_hq": false, "state": "NY"}, {"country": "GB", "city": "London", "postal_code": null, "line_1": "25 Bank Street", "is_hq": false, "state": "England E14 5"}], "name": "JPMorganChase", "tagline": null, "universal_name_id": "jpmorganchase", "profile_pic_url": "https://s3.us-west-000.backblazeb2.com/proxycurl/company/jpmorganchase/profile?X-Amz-Algorithm=AWS4-HMAC-SHA256&X-Amz-Credential=0004d7f56a0400b0000000001%2F20241126%2Fus-west-000%2Fs3%2Faws4_request&X-Amz-Date=20241126T054242Z&X-Amz-Expires=3600&X-Amz-SignedHeaders=host&X-Amz-Signature=7ab75c63f43e166ec066f65cca17c37972f92366841305dc0ad211bd3ed21974", "background_cover_image_url": "https://s3.us-west-000.backblazeb2.com/proxycurl/company/jpmorganchase/cover?X-Amz-Algorithm=AWS4-HMAC-SHA256&X-Amz-Credential=0004d7f56a0400b0000000001%2F20241126%2Fus-west-000%2Fs3%2Faws4_request&X-Amz-Date=20241126T054242Z&X-Amz-Expires=3600&X-Amz-SignedHeaders=host&X-Amz-Signature=32ec73fc8228a9815ee48cc11a99c8c34423fc420e61ad8543531bd01f39bdb4", "search_id": "1068", "similar_companies": [{"name": "J.P. Morgan", "link": "https://www.linkedin.com/company/jpmorgan", "industry": "Financial Services", "location": "New York, NY"}, {"name": "Goldman Sachs", "link": "https://www.linkedin.com/company/goldman-sachs", "industry": "Financial Services", "location": "New York, New York"}, {"name": "Morgan Stanley", "link": "https://www.linkedin.com/company/morgan-stanley", "industry": "Financial Services", "location": "New York, NY"}, {"name": "Citi", "link": "https://www.linkedin.com/company/citi", "industry": "Financial Services", "location": "New York, New York"}, {"name": "Deloitte", "link": "https://www.linkedin.com/company/deloitte", "industry": "Business Consulting and Services", "location": null}, {"name": "Wells Fargo", "link": "https://www.linkedin.com/company/wellsfargo", "industry": "Financial Services", "location": "San Francisco, California"}, {"name": "Bank of America", "link": "https://www.linkedin.com/company/bank-of-america", "industry": "Banking", "location": "Charlotte, NC"}, {"name": "Deutsche Bank", "link": "https://de.linkedin.com/company/deutsche-bank", "industry": "Financial Services", "location": "Frankfurt am Main, Hessen"}, {"name": "HSBC", "link": "https://uk.linkedin.com/company/hsbc", "industry": "Financial Services", "location": null}, {"name": "EY", "link": "https://uk.linkedin.com/company/ernstandyoung", "industry": "IT Services and IT Consulting", "location": null}], "affiliated_companies": [{"name": "J.P. Morgan", "link": "https://www.linkedin.com/company/jpmorgan", "industry": "Financial Services", "location": "New York, NY"}, {"name": "J.P. Morgan Asset Management", "link": "https://www.linkedin.com/company/jpmorganassetmanagement", "industry": "Financial Services", "location": "New York, NY"}, {"name": "Chase", "link": "https://www.linkedin.com/company/chase", "industry": "Financial Services", "location": "New York, NY"}, {"name": "JPMorgan Chase Commercial Banking", "link": "https://www.linkedin.com/showcase/jpmorgan-chase-commercial-banking/", "industry": "Financial Services", "location": "New York, New York"}, {"name": "InstaMed, a J.P. Morgan company", "link": "https://www.linkedin.com/company/instamed", "industry": "Information Technology & Services", "location": null}, {"name": "Morgan Health", "link": "https://www.linkedin.com/company/morgan-health", "industry": "Insurance and Employee Benefit Funds", "location": "Washington, District of Columbia"}], "updates": [{"article_link": null, "image": "https://media.licdn.com/dms/image/v2/D4E10AQFTczWZgtKg7g/ads-video-thumbnail_720_1280/ads-video-thumbnail_720_1280/0/1731515405992?e=2147483647&v=beta&t=aSBgVh9hEj-7isuO_ZjptJBMqM-_ztsvsGikxK2E9qs", "posted_on": {"day": 13, "month": 11, "year": 2024}, "text": "In this Women on the Move podcast episode, host Sam Saperstein sits down with Laura Modi, CEO and co-founder of Bobbie, to discuss her journey from first-time mom to entrepreneur changing the formula industry. \n\nWatch the full episode: http://spr.ly/6048sGv7o", "total_likes": 154}, {"article_link": null, "image": null, "posted_on": {"day": 12, "month": 11, "year": 2024}, "text": "Inspirational speakers and business leaders from our 9th annual Women's Leadership Day share how they\u2019re taking charge and making change in the workplace, at home, and in their communities.", "total_likes": 698}, {"article_link": null, "image": "https://media.licdn.com/dms/image/v2/D4E10AQEYBEfh6Y58eQ/ads-video-thumbnail_720_1280/ads-video-thumbnail_720_1280/0/1731337216731?e=2147483647&v=beta&t=_d61GlxbUD5WZgbkIeonzUtkx2NJP_ZFju3bMuFZ5AE", "posted_on": {"day": 11, "month": 11, "year": 2024}, "text": "Focus. Teamwork. Responsibility. Josh, a U.S. Marine Corps veteran, is using skills learned from his military service to support veterans through entrepreneurship programs at JPMorganChase.", "total_likes": 309}, {"article_link": null, "image": "https://media.licdn.com/dms/image/v2/D4E10AQErcBoeoZuEvw/ads-video-thumbnail_720_1280/ads-video-thumbnail_720_1280/0/1730733335767?e=2147483647&v=beta&t=Oh8xi2a9QwDBcGWTziQf2Yw7WF3V6zRXvQg8K1ffCOo", "posted_on": {"day": 7, "month": 11, "year": 2024}, "text": "Be passionate. Have confidence. Build connections.\nThree founders and CEOs share their best advice for aspiring entrepreneurs.", "total_likes": 348}, {"article_link": null, "image": "https://media.licdn.com/dms/image/v2/D4E10AQF29rZToBh3ww/ads-video-thumbnail_720_1280/ads-video-thumbnail_720_1280/0/1730392215073?e=2147483647&v=beta&t=h6meloMDTIVYoH691gZLoiuOquPdMj0plLE0mI6XWlc", "posted_on": {"day": 31, "month": 10, "year": 2024}, "text": "If you were to write a book on cybersecurity, what would the title be? We asked the experts, and our cyber teams shared their creative ideas.", "total_likes": 537}, {"article_link": null, "image": "https://media.licdn.com/dms/image/v2/D4E10AQF1YOhaGDl6kw/image-shrink_800/image-shrink_800/0/1730150520017?e=2147483647&v=beta&t=FEmdG18XPgo9BCeIFOg6lle-Frl-JJHrtE9Cz9eE78U", "posted_on": {"day": 31, "month": 10, "year": 2024}, "text": "Sam Saperstein, Global Head of Women on the Move, takes us through JPMorganChase\u2019s ninth annual Women\u2019s Leadership Day. \ud83d\udcf8 \n\n1\ufe0f\u20e3 I was thrilled to kick off Women's Leadership Day with a vibrant crowd of thousands of participants.\n\n2\ufe0f\u20e3 Before stepping on stage, I took a moment to reflect on this year\u2019s empowering theme: \"Take charge, make change.\"\n\n3\ufe0f\u20e3 One of the best parts? Connecting with clients and colleagues from around the world.\n\n4\ufe0f\u20e3 It was an honor to hear from Jenny Just, co-founder and managing director of PEAK6, about her journey in building her company and empowering women entrepreneurs.\n\n5\ufe0f\u20e3 We wrapped up the day with an electrifying performance by the cast of SUFFS The Musical!\n\nThis day could not be possible without my incredible team! \ud83c\udf89", "total_likes": 1932}, {"article_link": null, "image": "https://media.licdn.com/dms/image/v2/D4E10AQElTBVsvVWs2w/ads-video-thumbnail_720_1280/ads-video-thumbnail_720_1280/0/1729794217051?e=2147483647&v=beta&t=mdQ9krAqYK27ETryyziG97-66ND_2Q87QnzfLv8B7-o", "posted_on": {"day": 24, "month": 10, "year": 2024}, "text": "From cobblestone streets to bustling trading floors, take a stroll down Wall Street as we reflect on our 225-year history in the heart of New York City.", "total_likes": 2213}, {"article_link": null, "image": null, "posted_on": {"day": 24, "month": 10, "year": 2024}, "text": "At JPMorganChase, we\u2019re committed to fostering a supportive and inclusive environment for more people. http://spr.ly/6042qIK1I", "total_likes": 475}, {"article_link": null, "image": "https://media.licdn.com/dms/image/v2/D4D10AQHVZY28XLKAXA/ads-video-thumbnail_720_1280/ads-video-thumbnail_720_1280/0/1729622531797?e=2147483647&v=beta&t=O-vP0KG3q8rK6_LQr81_UJyukiWaLCD1fT2eQzOY6kY", "posted_on": {"day": 24, "month": 10, "year": 2024}, "text": "From the UK Army to a full-time role in cybersecurity, discover how Andy launched his tech career at JPMorganChase.", "total_likes": 362}, {"article_link": null, "image": "https://media.licdn.com/dms/image/v2/D4E10AQHdOKpMvbvCSQ/ads-video-thumbnail_720_1280/ads-video-thumbnail_720_1280/0/1729185834757?e=2147483647&v=beta&t=GLGRDakbx_6Qf2Otg3OG4BElsq8SCRlSeTyffJTRtr0", "posted_on": {"day": 17, "month": 10, "year": 2024}, "text": "As a champion for workplace inclusion and a member of the Deaf and hard of hearing community, Jamie has helped teach sign language to over 600 JPMorganChase employees worldwide.", "total_likes": 720}], "follower_count": 5441414, "acquisitions": null, "exit_data": null, "extra": null, "funding_data": [], "categories": null, "customer_list": null}
