{"linkedin_internal_id": "5521", "description": "KPIT Technologies is a global partner to the automotive and mobility ecosystem for making software-defined vehicles a reality. It is a leading independent software development and integration partner helping mobility leapfrog towards a clean, smart, and safe future. With 11,000+ automobelievers across the globe specializing in embedded software, AI, and digital solutions, KPIT accelerates its clients\u2019 implementation of next-generation technologies for the future mobility roadmap. With engineering centers in Europe, the USA, Japan, China, Thailand, and India, KPIT works with leaders in automotive and mobility and is present where the ecosystem is transforming.", "website": "https://www.kpit.com/", "industry": "Software Development", "company_size": [10001, null], "company_size_on_linkedin": 15601, "hq": {"country": "IN", "city": "Pune", "postal_code": "411057", "line_1": "SEZ Unit-2 , Plot no- 17", "is_hq": true, "state": "Maharashtra"}, "company_type": "PUBLIC_COMPANY", "founded_year": 1990, "specialities": ["Business technology services", "Product Engineering", "Embedded Systems Development", "Automotive & Transportation", "Intelligent public transport", "Automotive Standards", "Software Solutions", "Connected Vehicles", "AUTOSAR", "Product engineering services", "Mechatronics", "Autonomous driving and ADAS", "Electric and Conventional powertrain", "Vehicle Diagnostics"], "locations": [{"country": "IN", "city": "Pune", "postal_code": "411057", "line_1": "SEZ Unit-2 , Plot no- 17", "is_hq": true, "state": "Maharashtra"}, {"country": "DE", "city": "Munich", "postal_code": "80807 ", "line_1": "Frankfurter Ring", "is_hq": true, "state": "Bavaria"}, {"country": "US", "city": "Novi", "postal_code": "48167", "line_1": "21333 Haggerty Rd", "is_hq": true, "state": "Michigan"}, {"country": "TH", "city": "Bangkok", "postal_code": null, "line_1": "44/1 Ratchadapisek Road, Huay Kwang District", "is_hq": true, "state": null}, {"country": "IN", "city": "Bengaluru", "postal_code": null, "line_1": " B1 Building RMZ Ecoworld Infrastructure Pvt. Ltd. \u2013 SEZ, Marathahalli - Sarjapur Outer Ring Rd, near Intel Campus, Devarabisanahalli,", "is_hq": true, "state": "Karnataka"}, {"country": "JP", "city": "Tokyo", "postal_code": null, "line_1": "Tokyo", "is_hq": true, "state": null}, {"country": "BR", "city": "S\u00e3o Paulo", "postal_code": null, "line_1": null, "is_hq": true, "state": null}, {"country": "US", "city": "Bettendorf", "postal_code": null, "line_1": "2550 Middle Rd Ste 503, Bettendorf, IA 52722", "is_hq": true, "state": null}, {"country": "KR", "city": "Korea", "postal_code": null, "line_1": null, "is_hq": true, "state": null}], "name": "KPIT", "tagline": "Cutting edge automotive software industry, Best Place to Grow \n", "universal_name_id": "kpit", "profile_pic_url": "https://media.licdn.com/dms/image/v2/C4E0BAQFuu9kwD-3JGg/company-logo_400_400/company-logo_400_400/0/1630576010281/kpit_logo?e=1740614400&v=beta&t=0Td3oD1232nDRGGrPQj6keQLy10-upQJwx1vRu9I54M", "background_cover_image_url": "https://media.licdn.com/dms/image/v2/D4D3DAQFQaDYVctuh7A/image-scale_191_1128/image-scale_191_1128/0/1677816721246/kpit_cover?e=1733205600&v=beta&t=e6ZQTtqqfMmwpHavrAZ3jg8ja1Z9K8W8sFxuBDgZ0IY", "search_id": "5521", "similar_companies": [{"name": "Birlasoft", "link": "https://www.linkedin.com/company/birlasoft/", "industry": "IT Services and IT Consulting", "location": null}, {"name": "Tata Consultancy Services", "link": "https://www.linkedin.com/company/tata-consultancy-services/", "industry": "IT Services and IT Consulting", "location": null}, {"name": "Persistent Systems", "link": "https://www.linkedin.com/company/persistent-systems/", "industry": "IT Services and IT Consulting", "location": null}, {"name": "Deloitte", "link": "https://www.linkedin.com/company/deloitte/", "industry": "Business Consulting and Services", "location": null}, {"name": "Tech Mahindra", "link": "https://www.linkedin.com/company/tech-mahindra/", "industry": "IT Services and IT Consulting", "location": null}, {"name": "Cognizant", "link": "https://www.linkedin.com/company/cognizant/", "industry": "IT Services and IT Consulting", "location": null}, {"name": "Capgemini", "link": "https://www.linkedin.com/company/capgemini/", "industry": "IT Services and IT Consulting", "location": null}, {"name": "Tata Elxsi", "link": "https://www.linkedin.com/company/tataelxsi/", "industry": "IT Services and IT Consulting", "location": null}, {"name": "HCLTech", "link": "https://www.linkedin.com/company/hcltech/", "industry": "IT Services and IT Consulting", "location": null}, {"name": "Tata Technologies", "link": "https://www.linkedin.com/company/tata-technologies/", "industry": "IT Services and IT Consulting", "location": null}, {"name": "Wipro", "link": "https://www.linkedin.com/company/wipro/", "industry": "IT Services and IT Consulting", "location": null}, {"name": "Infosys", "link": "https://www.linkedin.com/company/infosys/", "industry": "IT Services and IT Consulting", "location": null}, {"name": "Bosch Global Software Technologies", "link": "https://www.linkedin.com/company/bosch-global-software-technologies/", "industry": "Software Development", "location": null}, {"name": "LTIMindtree", "link": "https://www.linkedin.com/company/ltimindtree/", "industry": "IT Services and IT Consulting", "location": null}, {"name": "Accenture", "link": "https://www.linkedin.com/company/accenture/", "industry": "Business Consulting and Services", "location": null}, {"name": "Zensar Technologies", "link": "https://www.linkedin.com/company/zensar/", "industry": "IT Services and IT Consulting", "location": null}, {"name": "Amdocs", "link": "https://www.linkedin.com/company/amdocs/", "industry": "Software Development", "location": null}, {"name": "EY", "link": "https://www.linkedin.com/company/ernstandyoung/", "industry": "IT Services and IT Consulting", "location": null}, {"name": "Mphasis", "link": "https://www.linkedin.com/company/mphasis/", "industry": "IT Services and IT Consulting", "location": null}, {"name": "L&T Technology Services", "link": "https://www.linkedin.com/company/l&t-technology-services-limited/", "industry": "Engineering Services", "location": null}], "affiliated_companies": [], "updates": [{"article_link": "https://www.linkedin.com/posts/kpit_bestplacetogrow-activity-6981480303185813504-RRyo", "image": null, "posted_on": {"day": 26, "month": 11, "year": 2022}, "text": "Growth is the only constant at KPIT \ud83d\ude80. \n\n \n\n \n\n#KPIT #Culture #BestPlaceToGrow", "total_likes": 1155}, {"article_link": "https://www.linkedin.com/posts/kpit_kpitqualityweek-commitmenttoexcellence-globalcollaboration-activity-7266385899532210176-HSp3", "image": "https://media.licdn.com/dms/image/v2/D4D22AQHkiAcwv3f3Hw/feedshare-shrink_2048_1536/feedshare-shrink_2048_1536/0/1732441391795?e=1735776000&v=beta&t=puVxGtvA-kKFieTh7UHk33tWYgDn3epNg9tJRmANgiA", "posted_on": {"day": 25, "month": 11, "year": 2024}, "text": "\ud83c\udf1f Celebrating Quality Week 2024 \ud83c\udf0d\u2728\n \nFrom Germany, Thailand, and Gaimersheim to Pune and Bangalore - KPIT, FMS Future Mobility Solutions GmbH and MicroFuzzy teams came together to celebrate our 4th consecutive Quality Week! \ud83c\udf89\n \nThis year\u2019s event highlighted our commitment to fostering a strong quality culture across all locations. Over 500 engineers participated in an exciting online quiz, while motivational messages from our leaders inspired us to raise the bar even higher. \u2728\n \nAdding fun and sweetness to the event were our vibrant photo booth set ups and delicious chocolates, creating lasting memories and smiles everywhere. \ud83d\udcf8\ud83c\udf6b\n \nThank you to everyone who made this event a success \u2013 here\u2019s to celebrating quality and teamwork across the globe! \ud83c\udf1f\ud83d\ude4c\n \n#KPITQualityWeek #CommitmentToExcellence #GlobalCollaboration", "total_likes": 501}, {"article_link": "https://www.linkedin.com/posts/kpit_chhote-scientist-usa-activity-7265934879052230656-I4pW", "image": null, "posted_on": {"day": 23, "month": 11, "year": 2024}, "text": "Curiosity thrives where inspiration leads! \n \nThe KPIT Junior Scientists Program, now in its second year in USA, continues to make science fun for budding minds. The program is designed to teach science concepts to students through engaging activities. \n \nThis year started on a high note with engaging sessions. We thank our passionate team for igniting curiosity in the next generation of scientists! \n \nHere\u2019s to nurturing a world of innovation, one experiment at a time! \n \n#KPIT #USA #ChhoteScientist #Innovation", "total_likes": 140}, {"article_link": "https://www.linkedin.com/posts/kpit_kpit-at-sae-symposium-activity-7263939240076443648-BMGp", "image": null, "posted_on": {"day": 19, "month": 11, "year": 2024}, "text": "What if designing better EV batteries could be faster, more accurate, and cost-effective?\n\nAt the Symposium on International Automotive CAE \u2013 Road to Virtual World (RVW),  Tirupathi Rao Althi Ph.D   and Manu from KPIT introduced a innovative approach using Generalized Neural Network Regression (GNNR) \u2013 a solution that\u2019s reshaping how we optimize thermal efficiency in lithium-ion batteries.\n\nBy reducing simulation time without compromising accuracy, their work is not just driving innovation but also setting new standards for EV battery design.\n\nLet\u2019s engineer a sustainable future together.\n\nSAE International \n#KPIT #Innovation #ReimaginingMobility #Symposium", "total_likes": 142}, {"article_link": "https://www.linkedin.com/posts/kpit_mobilityroundups-kpit-trends-activity-7264322181902303233-OYsY", "image": null, "posted_on": {"day": 19, "month": 11, "year": 2024}, "text": "\ud83d\ude97\u2728 The 16th Edition of our #MobilityRoundups is here! \u2728\ud83d\ude97\n\nExplore the latest updates in mobility space from Ford\u2019s potential electric vehicle production in India to Tesla boosting production and that\u2019s not it, there are more interesting updates from the industry as well.\n\n\ud83d\udcd6 Read the full newsletter now!\n\nTag your fellow mobility enthusiasts in the comments below! \ud83d\udcac\n\n#KPIT #trends #automotive #mobilitytech #innovation", "total_likes": 145}, {"article_link": "https://www.linkedin.com/posts/kpit_kpit-wins-digital-genius-award-activity-7260209306254376960-nUKd", "image": null, "posted_on": {"day": 12, "month": 11, "year": 2024}, "text": "\ud83c\udf1f Proud Moment for KPIT! \ud83c\udf1f\n \nWe are thrilled to announce that KPIT has been honored with the Digital Genius Awards 2024 in the Datacenter category! \n\nThis prestigious recognition is a testament to our innovative spirit and dedication to leveraging cutting-edge technologies such as HCI (Hyper Converged Infrastructure), dHCI (Disaggregated HCI), and AI-ready Infrastructure.\n \nOur efforts in building a digital datacenter for the future have truly paid off, and this award will undoubtedly boost our morale and motivation.\n \nWe proudly accepted this award on behalf of the entire KPIT family at the recently concluded 12th edition of the CIO CROWN award ceremony.\n \nThis is just the beginning, and we look forward to achieving many more milestones together!\n\nFaheem Kolhar, Sandeep Nawal, Tushar Jadhav, AVINASH KHADILKAR, Nandan Bhandarkavathekar, Yogendra Jadhav, Atul Gorde, Prasad Bhamburdekar\n \n#DigitalGeniusAwards #Innovation #Datacenter #HCI #dHCI #AI #KPIT #ProudMoment #FutureReady", "total_likes": 185}], "follower_count": 555762, "acquisitions": null, "exit_data": null, "extra": null, "funding_data": [], "categories": null, "customer_list": null}
