{"linkedin_internal_id": "2691", "description": "Manulife is a leading international financial services group that helps people make their decisions easier and lives better. With our global headquarters in Toronto, we operate as Manulife across our offices in Canada, Asia, and Europe, and primarily as John Hancock in the United States. We have more than 40,000 employees, over 116,000 agents serving ~34 million customers worldwide, and over $1.3 trillion in assets under management and administration.Visit www.Manulife.com to find out more.For Manulife terms of use, please visit http://bit.ly/SM_Terms", "website": "http://www.manulife.com", "industry": "Insurance", "company_size": [10001, null], "company_size_on_linkedin": 32719, "hq": {"country": "CA", "city": "Toronto", "postal_code": "M4W", "line_1": "200 Bloor St E", "is_hq": true, "state": "Ontario"}, "company_type": "PUBLIC_COMPANY", "founded_year": null, "specialities": [], "locations": [{"country": "CA", "city": "Toronto", "postal_code": "M4W", "line_1": "200 Bloor St E", "is_hq": true, "state": "Ontario"}, {"country": "HK", "city": "Kwun Tong", "postal_code": null, "line_1": "223 Wai Yip St", "is_hq": false, "state": "Hong Kong"}, {"country": "SG", "city": "Singapore", "postal_code": "189554", "line_1": "51 Bras Basah Rd", "is_hq": false, "state": "Singapore"}, {"country": "CA", "city": "Toronto", "postal_code": "M4W 1E6", "line_1": "250 Bloor St E", "is_hq": false, "state": "ON"}, {"country": "ID", "city": "Lombok Barat", "postal_code": "83311", "line_1": "Jalan Jenderal Sudirman", "is_hq": false, "state": "West Nusa Tenggara"}, {"country": "CA", "city": "Kitchener", "postal_code": "N2G 4Z4", "line_1": "25 Water St S", "is_hq": false, "state": "ON"}, {"country": "HK", "city": "Kwun Tong", "postal_code": null, "line_1": "223-231 Wai Yip St", "is_hq": false, "state": "Hong Kong"}, {"country": "PH", "city": "Quezon City", "postal_code": null, "line_1": "Quezon Ave 1050", "is_hq": false, "state": "National Capital Region"}, {"country": "CA", "city": "Oakville", "postal_code": "L6M 2W2", "line_1": "1235 N Service Rd W", "is_hq": false, "state": "ON"}, {"country": "CA", "city": "Waterloo", "postal_code": "N2L", "line_1": "500 King St N", "is_hq": false, "state": "ON"}], "name": "Manulife", "tagline": null, "universal_name_id": "manulife-financial", "profile_pic_url": "https://s3.us-west-000.backblazeb2.com/proxycurl/company/manulife-financial/profile?X-Amz-Algorithm=AWS4-HMAC-SHA256&X-Amz-Credential=0004d7f56a0400b0000000001%2F20241126%2Fus-west-000%2Fs3%2Faws4_request&X-Amz-Date=20241126T055927Z&X-Amz-Expires=3600&X-Amz-SignedHeaders=host&X-Amz-Signature=f0e86a8d0f82f69972b6eaac6e1423d5ba4e73a81303e86627ca219514b2e266", "background_cover_image_url": "https://s3.us-west-000.backblazeb2.com/proxycurl/company/manulife-financial/cover?X-Amz-Algorithm=AWS4-HMAC-SHA256&X-Amz-Credential=0004d7f56a0400b0000000001%2F20241126%2Fus-west-000%2Fs3%2Faws4_request&X-Amz-Date=20241126T055927Z&X-Amz-Expires=3600&X-Amz-SignedHeaders=host&X-Amz-Signature=37af46cf3f3ad7f8d74d9b7b65ee0e07733a6f1686370f7a241edaee406a7bf8", "search_id": "2691", "similar_companies": [{"name": "Manulife Private Wealth", "link": "https://www.linkedin.com/company/manulife-private-wealth", "industry": "Financial Services", "location": null}, {"name": "Manulife Wealth", "link": "https://www.linkedin.com/company/manulifesecurities", "industry": "Financial Services", "location": null}], "affiliated_companies": [{"name": "John Hancock", "link": "https://www.linkedin.com/company/john-hancock/", "industry": "Financial Services", "location": null}, {"name": "LOFT: Lab of Forward Thinking\u2122", "link": "https://www.linkedin.com/company/lab-of-forward-thinking/", "industry": "Financial Services", "location": null}, {"name": "John Hancock Investment Management", "link": "https://www.linkedin.com/company/john-hancock-investment-management/", "industry": "Financial Services", "location": null}, {"name": "Manulife Private Wealth", "link": "https://www.linkedin.com/company/manulife-private-wealth/", "industry": "Financial Services", "location": null}, {"name": "Manulife Investment Management", "link": "https://www.linkedin.com/company/manulife-investment-management/", "industry": "Financial Services", "location": null}, {"name": "Manulife Wealth", "link": "https://www.linkedin.com/company/manulifesecurities/", "industry": "Financial Services", "location": null}], "updates": [], "follower_count": 320210, "acquisitions": null, "exit_data": null, "extra": null, "funding_data": [], "categories": null, "customer_list": null}
