{"linkedin_internal_id": "3586", "description": "A leading applied technology services company, we innovate to deliver service excellence and successful outcomes across sales, delivery and development. With our strategy to be agile, nimble and customer-centric, we anticipate the future of applied technology and predict tomorrow\u2019s trends to keep our clients at the summit in an ever-changing marketplace. Leading with architecture and design, our next-gen solutions enable enterprises to accelerate on their digital transformation journey.\n \nCustomer centricity is foundational to us and is reflected in the Mphasis\u2019 Front2Back\u2122 (F2B) transformation approach.  F2B is a customer-in view approach that uses our industry-specific X2C2TM framework, and harnesses the power of cognitive technologies and rich data resident in enterprises to transform them. It is a way to introduce disruptive technology to smartly transform legacy environments. . Mphasis\u2019 Service Transformation approach helps \u2018shrink the core\u2019 through the application of digital technologies across legacy environments within an enterprise, enabling businesses to stay ahead in a changing world. Mphasis\u2019 core reference architectures and tools, speed and innovation with domain expertise and specialization are key to building strong relationships with marquee clients. Click here to know more\n \nMphasis Presents #HowGeekAreYou\nPassion, Perseverance, Perfection \u2013 we are defined by these three words. Relentless in our pursuit of knowledge, we believe in accepting the difference and defining the 'new normal', staying true to our vision and values. We believe in growth by knowledge, responsibility by authority and freedom by flexibility. \n\nBe a part of a place where ideas are celebrated and perseverance is worshiped. Our doors are wide open, and breakthrough ideas are welcome from anyone. But we have a question to ask before we let you in: How Geek Are You?\nClick here to know more.", "website": "https://www.mphasis.com/", "industry": "IT Services and IT Consulting", "company_size": [10001, null], "company_size_on_linkedin": 43494, "hq": {"country": "IN", "city": "Bangalore", "postal_code": "560093", "line_1": "Mphasis Limited, Bagmane Laurel, 1st Floor, Tower A, Bagmane Technology Park, C V Raman Nagar", "is_hq": true, "state": "Karnataka"}, "company_type": "PUBLIC_COMPANY", "founded_year": null, "specialities": ["Application Services", "BPO", "Solutions", "Healthcare; Finance & Banking; High Tech; CI & R", "Digital", "Cloud", "Cognitive", "Applied Technology", "IT Services and Solution"], "locations": [{"country": "IN", "city": "Bangalore", "postal_code": "560093", "line_1": "Mphasis Limited, Bagmane Laurel, 1st Floor, Tower A, Bagmane Technology Park, C V Raman Nagar", "is_hq": true, "state": "Karnataka"}, {"country": "US", "city": "New York", "postal_code": "10016", "line_1": "Mphasis Corporation, 460 Park Avenue South Rm 1101", "is_hq": false, "state": null}, {"country": "GB", "city": "London", "postal_code": null, "line_1": "Mphasis UK Limited, 1 Ropemaker Street,  EC2Y 9HT", "is_hq": false, "state": null}, {"country": "US", "city": "San Jose", "postal_code": "95110", "line_1": "Mphasis, 226 Airport Parkway,", "is_hq": false, "state": "California"}, {"country": "IN", "city": "Noida", "postal_code": "201303", "line_1": "Mphasis Limited, 4th Floor, \"Fusion Square\" 5A & 5B, Sector-126", "is_hq": false, "state": "Uttarpradesh"}], "name": "Mphasis", "tagline": null, "universal_name_id": "mphasis", "profile_pic_url": "https://s3.us-west-000.backblazeb2.com/proxycurl/company/mphasis/profile?X-Amz-Algorithm=AWS4-HMAC-SHA256&X-Amz-Credential=0004d7f56a0400b0000000001%2F20241126%2Fus-west-000%2Fs3%2Faws4_request&X-Amz-Date=20241126T055829Z&X-Amz-Expires=3600&X-Amz-SignedHeaders=host&X-Amz-Signature=c6a8ad3815b35b351cd704a4239773234788795e23ef789378e8cb28a55d117c", "background_cover_image_url": "https://s3.us-west-000.backblazeb2.com/proxycurl/company/mphasis/cover?X-Amz-Algorithm=AWS4-HMAC-SHA256&X-Amz-Credential=0004d7f56a0400b0000000001%2F20241126%2Fus-west-000%2Fs3%2Faws4_request&X-Amz-Date=20241126T055829Z&X-Amz-Expires=3600&X-Amz-SignedHeaders=host&X-Amz-Signature=fe5977a120a322c1d75b2f0a8ce2a035446481b5d525d2061069549be39270cd", "search_id": "3586", "similar_companies": [{"name": "Cognizant", "link": "https://www.linkedin.com/company/cognizant", "industry": "IT Services and IT Consulting", "location": "Teaneck, New Jersey"}, {"name": "Mindtree", "link": "https://in.linkedin.com/company/mindtreeltd", "industry": "Information Technology & Services", "location": "Bangalore, Karnataka"}, {"name": "Hexaware Technologies", "link": "https://in.linkedin.com/company/hexaware-technologies", "industry": "IT Services and IT Consulting", "location": "Navi Mumbai, Maharashtra"}, {"name": "Deloitte", "link": "https://www.linkedin.com/company/deloitte", "industry": "Business Consulting and Services", "location": null}, {"name": "LTIMindtree", "link": "https://in.linkedin.com/company/ltimindtree", "industry": "IT Services and IT Consulting", "location": "Mumbai, MH"}, {"name": "Tech Mahindra", "link": "https://in.linkedin.com/company/tech-mahindra", "industry": "IT Services and IT Consulting", "location": "Pune, Maharashtra"}, {"name": "HCLTech", "link": "https://in.linkedin.com/company/hcltech", "industry": "IT Services and IT Consulting", "location": "Noida, Uttar Pradesh"}, {"name": "Capgemini", "link": "https://fr.linkedin.com/company/capgemini", "industry": "IT Services and IT Consulting", "location": "Paris, France"}, {"name": "Tata Consultancy Services", "link": "https://in.linkedin.com/company/tata-consultancy-services", "industry": "IT Services and IT Consulting", "location": "Mumbai, Maharashtra"}, {"name": "Genpact", "link": "https://www.linkedin.com/company/genpact", "industry": "Business Consulting and Services", "location": "New York, NY"}], "affiliated_companies": [], "updates": [{"article_link": null, "image": "https://media.licdn.com/dms/image/v2/D5605AQH5j8bV8ZRHkQ/videocover-high/videocover-high/0/1731590582385?e=2147483647&v=beta&t=GAYFRiW3YOiQduedxu4cBVf1b4ZLaglAy0W8lZIpQm0", "posted_on": {"day": 14, "month": 11, "year": 2024}, "text": "Through our expertise in AI and our design and architecture driven approach, we are innovating savings-led transformation for organizations across verticals. Learn how we are empowering businesses to responsibly leverage the best of AI, drive growth, and sharpen their competitive edge: https://mphs.co/mprl\n\n#AI #StayAhead #EngineeringIsInOurDNA", "total_likes": 25}, {"article_link": null, "image": "https://media.licdn.com/dms/image/v2/D5622AQHVHNVLx2M9ww/feedshare-shrink_800/feedshare-shrink_800/0/1731578303451?e=2147483647&v=beta&t=0lKfH6x-nW19Mu6V7YluK0e4MfuJN80EblivZpZD4MU", "posted_on": {"day": 14, "month": 11, "year": 2024}, "text": "At Mphasis, our passion lies in driving social change across multiple areas such as enhancing education, boosting livelihoods, empowering individuals by creating an inclusive society, and promoting environmental sustainability. Our teams in Mangalore and Pune were recently involved in various social initiatives, striving to make a significant impact.\n \n#CSR #WeAreMphasis #EnvironmentalSustainability #EmpowerThroughEducation #InclusiveGrowth #SustainableLivelihoods #StayAhead #MphasisF1Foundation", "total_likes": 148}, {"article_link": null, "image": null, "posted_on": {"day": 14, "month": 11, "year": 2024}, "text": "Mphasis.AI is enabling global enterprises to migrate and modernize applications and data faster, better, and smarter on AWS with a platform automation approach. Learn how we are accelerating value creation in transformation journeys. \n\nVisit us at \nAWS Re:Invent 2024 \nBooth No. 698 \nDecember 2 \u2013 6, 2024 \nLas Vegas, NV \n\nhttps://mphs.co/fwsl\n\nAmazon Web Services (AWS), Bharat Kundnani, Jayaprakash Bandu, Phani K Belede, Siva Sreeraman, Uday Tangs, Vilas Kanyal\n\n#StayAhead #EngineeringIsInOurDNA #AWSreInvent #AWS_Partners", "total_likes": 36}, {"article_link": null, "image": "https://media.licdn.com/dms/image/v2/D5622AQGA8T2ZftmCzA/feedshare-shrink_800/feedshare-shrink_800/0/1731561936076?e=2147483647&v=beta&t=oS50HxofBda7ooQ1a9o-peKR6CXyyK67bGM6iq294j4", "posted_on": {"day": 14, "month": 11, "year": 2024}, "text": "Mphasis\u2019 DQE solution automates the entire data quality lifecycle, tackling the complexities of diverse data environments with a unified, comprehensive approach In this blog, Deepak Manjarekar, Head of Global Data & AI/ML Practice at Mphasis, shares insights on how we transform data quality practices and drive smarter decision-making: https://mphs.co/mdqe\n\nRamanathan Srikumar (Sri), Phani K Belede, Anup Nair, Indranil Roy, Deepak Manjarekar, Mayank Gupta, Bharat Kundnani, Bandar Naghi\n\n\n#StayAhead #EngineeringIsInOurDNA", "total_likes": 33}, {"article_link": null, "image": "https://media.licdn.com/dms/image/v2/D5622AQFDoB-M_FRI3Q/feedshare-shrink_2048_1536/feedshare-shrink_2048_1536/0/1731481928868?e=2147483647&v=beta&t=8pblt0ixcpzbbC9cuzs9kyY0qMnqrmE88IvfgefagBM", "posted_on": {"day": 13, "month": 11, "year": 2024}, "text": "Mental and physical wellbeing are interconnected - a principle embraced by our SVP, Mr. Vassilis Constantopoulos, who has pursued physical fitness for over 30 years, enhancing his health and clarity. At Mphasis, we are proud to have leaders who advocate workplace wellness and support work life balance.\n#worklifebalance #physicalhealth #mentalhealth #mentalwellbeing #employeewellbeing #WeAreMphasis #StayAhead", "total_likes": 123}, {"article_link": null, "image": "https://media.licdn.com/dms/image/v2/D5605AQFwZlwvsTg3PQ/videocover-high/videocover-high/0/1731415231487?e=2147483647&v=beta&t=KrmiwY2k9xX8AIQraQRKTbFAW8X8rL86TZnSEkG1EGk", "posted_on": {"day": 12, "month": 11, "year": 2024}, "text": "Introducing Mphasis Wynsure Billing Platform: AI-enabled, secure, and scalable solution for smart insurance billing. Consolidated invoicing, seamless integration, automated reconciliation. Learn more: https://mphs.co/mwbl\n\n#AI #StayAhead #EngineeringIsInOurDNA", "total_likes": 31}, {"article_link": null, "image": "https://media.licdn.com/dms/image/v2/D5622AQFdC9rUK5QIRA/feedshare-shrink_2048_1536/feedshare-shrink_2048_1536/0/1731396879094?e=2147483647&v=beta&t=0CrYNFvp52KZGprcwncuaLnGbbpkMykX9md6leDbXI4", "posted_on": {"day": 12, "month": 11, "year": 2024}, "text": "Data identification and classification are vital for responsibly leveraging AI. In this Insurance Edge article, Ashish Devalekar, SVP & Head of Europe at Mphasis, highlights the importance of making informed choices about which datasets are current and reliable, as well as identifying those that contain sensitive information and require careful handling.\n\n#AI #StayAhead #EngineeringIsInOurDNA", "total_likes": 95}, {"article_link": null, "image": "https://media.licdn.com/dms/image/v2/D5622AQF5L2YuSvwpLg/feedshare-shrink_2048_1536/feedshare-shrink_2048_1536/0/1731390030052?e=2147483647&v=beta&t=1THOam03kraWsxDqTE-h2Wv7E2E9bRW6v42E3gUm2lk", "posted_on": {"day": 12, "month": 11, "year": 2024}, "text": "We are pleased to announce that Mphasis has been positioned as a Leader in Application Modernization Services, U.S. in the ISG (Information Services Group) Provider Lens Mainframe \u2013 Services and Solutions quadrant report 2024 for displaying innovative strengths and competitive stability.\nDownload the ISG report to learn more: https://mphs.co/msgl\n\nAtanu Banerjee, Murali Velayudhan, Siva Sreeraman\n\n#StayAhead #EngineeringIsInOurDNA", "total_likes": 46}, {"article_link": null, "image": "https://media.licdn.com/dms/image/v2/D5622AQF6RtvcuN0nJA/feedshare-shrink_2048_1536/feedshare-shrink_2048_1536/0/1731387198415?e=2147483647&v=beta&t=X0KkPsQVez-b4hXy7-FF3w0VBMBou5y8HirGA_hkA1o", "posted_on": {"day": 12, "month": 11, "year": 2024}, "text": "\ud83d\udcca Join us in Clerkenwell on November 28, along with our partner Agile Data Engine, for our Data Vault Experience Workshop!\n\nThis your chance to brush up on - or dive into! - Data Vault 2.0 and create your own model. Participants will come away ready to apply the methodology in their own work, to drastically improve their data strategy.\n\n\ud83d\udcc5 November 28, 9 AM \u2013 4 PM in Clerkenwell, London \n\nSign up via Agile Data Engine\u2019s site: \ud83d\udd17 https://mphs.co/dvew\n\nDan Martyr Iain Butler Tom Saunders Christoph Papenfuss Tevje Olin Johanna Vainio Grzegorz G.\n\n#DataModelling #DataVault #CDO #DataEngineering", "total_likes": 15}, {"article_link": null, "image": "https://media.licdn.com/dms/image/v2/D5622AQEC7TYp32QuDA/feedshare-shrink_2048_1536/feedshare-shrink_2048_1536/0/1731386561794?e=2147483647&v=beta&t=IOMLkeZBfNaf8QDBToMUuzm-ml3bDAkytL0CtaRmLuk", "posted_on": {"day": 12, "month": 11, "year": 2024}, "text": "Pleased to announce that Mike Meyer has been appointed as the Head of Strategic Sales, Mphasis. Mike will spearhead strategic deals in collaboration with various business units, enhancing overall growth, alignment, and effectiveness. Here\u2019s wishing him the very best!\n\n#StayAhead #EngineeringIsInOurDNA", "total_likes": 204}], "follower_count": 1051744, "acquisitions": null, "exit_data": null, "extra": null, "funding_data": [], "categories": null, "customer_list": null}
