{"linkedin_internal_id": "79610429", "description": "IOT Based Software Company", "website": "http://www.myfuturetown.com", "industry": "IT Services and IT Consulting", "company_size": [2, 10], "company_size_on_linkedin": 2, "hq": {"country": "IN", "city": "Pune", "postal_code": "411046", "line_1": "dattanagaer road,katraj", "is_hq": true, "state": "Maharashtra"}, "company_type": "PARTNERSHIP", "founded_year": 2021, "specialities": ["Custom PCB Designing and Manufacturing"], "locations": [{"country": "IN", "city": "Pune", "postal_code": "411046", "line_1": "dattanagaer road,katraj", "is_hq": true, "state": "Maharashtra"}], "name": "My Future Town", "tagline": "IOT Based Software Company", "universal_name_id": "my-future-town", "profile_pic_url": "https://s3.us-west-000.backblazeb2.com/proxycurl/company/my-future-town/profile?X-Amz-Algorithm=AWS4-HMAC-SHA256&X-Amz-Credential=0004d7f56a0400b0000000001%2F20241126%2Fus-west-000%2Fs3%2Faws4_request&X-Amz-Date=20241126T054240Z&X-Amz-Expires=3600&X-Amz-SignedHeaders=host&X-Amz-Signature=02a690ba2b82e6682326e2e13591915988d2ff0ff60fa789c2a34a2bd573ce39", "background_cover_image_url": "https://s3.us-west-000.backblazeb2.com/proxycurl/company/my-future-town/cover?X-Amz-Algorithm=AWS4-HMAC-SHA256&X-Amz-Credential=0004d7f56a0400b0000000001%2F20241126%2Fus-west-000%2Fs3%2Faws4_request&X-Amz-Date=20241126T054240Z&X-Amz-Expires=3600&X-Amz-SignedHeaders=host&X-Amz-Signature=35d795bdfab68fb1399f3fe2ba4fd3f9d31a7478a59c9b98984ab5e651d373e1", "search_id": "79610429", "similar_companies": [{"name": "Fast Trade Technologies Pvt. Ltd.", "link": "https://www.linkedin.com/company/fasttrade-technologies-pvt-ltd/", "industry": "Technology, Information and Internet", "location": null}, {"name": "Biencaps Systems Pvt. Ltd.", "link": "https://www.linkedin.com/company/biencaps-systems-india-pvt-ltd/", "industry": "IT Services and IT Consulting", "location": null}, {"name": "Aumni Techworks", "link": "https://www.linkedin.com/company/aumni-techworks/", "industry": "IT Services and IT Consulting", "location": null}, {"name": "NYX FORCES PRIVATE LIMITED", "link": "https://www.linkedin.com/company/nyx-forces-private-limited/", "industry": "Security and Investigations", "location": null}, {"name": "CrestBit Infotech", "link": "https://www.linkedin.com/company/crestbitinfotech/", "industry": "Information Technology & Services", "location": null}, {"name": "Team Garudashwa of AISSMSCOE ", "link": "https://www.linkedin.com/company/team-garudashwa/", "industry": "Aviation and Aerospace Component Manufacturing", "location": null}, {"name": "All\u00eaz Brandworks Private Limited", "link": "https://www.linkedin.com/company/allezbrandworks/", "industry": "Advertising Services", "location": null}, {"name": "Team Kraftwagen", "link": "https://www.linkedin.com/company/team-kraftwagen/", "industry": "Spectator Sports", "location": null}, {"name": "Global TechPie", "link": "https://www.linkedin.com/company/globaltechpie/", "industry": "Software Development", "location": null}, {"name": "RutamSoft", "link": "https://www.linkedin.com/company/rutamsoft/", "industry": "Software Development", "location": null}, {"name": "Percento Solutions Pvt. Ltd.", "link": "https://www.linkedin.com/company/percento-soutions-pvt-ltd/", "industry": "Research Services", "location": null}, {"name": "Naveen Distillery", "link": "https://www.linkedin.com/company/naveen-distillery/", "industry": "Wine & Spirits", "location": null}, {"name": "DataOrc", "link": "https://www.linkedin.com/company/dataorc/", "industry": "Software Development", "location": null}, {"name": "Signiminds Technologies Inc", "link": "https://www.linkedin.com/company/signimindstech/", "industry": "IT Services and IT Consulting", "location": null}, {"name": "Bereej Technologies Pvt. Ltd.", "link": "https://www.linkedin.com/company/bereej/", "industry": "Software Development", "location": null}, {"name": "Siddhi Care Software", "link": "https://www.linkedin.com/company/siddhi-care-india-pvt-ltd/", "industry": "Software Development", "location": null}, {"name": "MediBhai", "link": "https://www.linkedin.com/company/medibhai/", "industry": "Hospitals and Health Care", "location": null}, {"name": "Shrigoda Insurance Brokers Limited (aka INSURANCE4LIFE)", "link": "https://www.linkedin.com/company/insurance4life/", "industry": "Insurance", "location": null}, {"name": "Vandalay Business Solutions", "link": "https://www.linkedin.com/company/vandalay-business-solutions-private-limited/", "industry": "IT Services and IT Consulting", "location": null}, {"name": "iAntz IT Solutions Pvt Ltd", "link": "https://www.linkedin.com/company/iantz-it-solutions/", "industry": "IT Services and IT Consulting", "location": null}], "affiliated_companies": [], "updates": [], "follower_count": 412, "acquisitions": null, "exit_data": null, "extra": null, "funding_data": [], "categories": null, "customer_list": null}
