{"linkedin_internal_id": "3196", "description": "Northwestern is one of the nation\u2019s premier research universities, combining innovative teaching and pioneering research in a highly collaborative, multidisciplinary, and diverse environment. Northwestern provides both students and faculty exceptional opportunities for intellectual, personal, and professional growth in beautiful settings, with two campuses located on Lake Michigan: a 240-acre campus in Evanston, minutes north of Chicago, and a 25-acre campus in downtown Chicago. A third campus in Doha, Qatar was founded in 2008. For more information visit http://www.northwestern.edu", "website": "http://northwestern.edu", "industry": "Higher Education", "company_size": [5001, 10000], "company_size_on_linkedin": 16350, "hq": {"country": "US", "city": "Evanston", "postal_code": "60208", "line_1": "633 Clark St", "is_hq": true, "state": "IL"}, "company_type": "EDUCATIONAL", "founded_year": 1851, "specialities": ["Graduate studies", "Professional development", "Engineering", "Materials Science", "Medicine", "Journalism", "Marketing", "Communications", "Theatre", "Music", "Education", "Social Policy", "Entrepreneurship", "Management", "Leadership", "Arts and Sciences", "Law", "Higher Education"], "locations": [{"country": "US", "city": "Evanston", "postal_code": "60208", "line_1": "633 Clark St", "is_hq": true, "state": "IL"}, {"country": "US", "city": "Evanston", "postal_code": "60208", "line_1": "1201 Davis St.", "is_hq": true, "state": "IL"}], "name": "Northwestern University", "tagline": "Highlighting breakthrough research, leading faculty and the student experience in a diverse academic community. ", "universal_name_id": "northwestern-university", "profile_pic_url": "https://s3.us-west-000.backblazeb2.com/proxycurl/company/northwestern-university/profile?X-Amz-Algorithm=AWS4-HMAC-SHA256&X-Amz-Credential=0004d7f56a0400b0000000001%2F20241126%2Fus-west-000%2Fs3%2Faws4_request&X-Amz-Date=20241126T054232Z&X-Amz-Expires=3600&X-Amz-SignedHeaders=host&X-Amz-Signature=c674b3ab01e6494e576712599cc42a1112beb6c81f3a353a232d57bf9d17d4b6", "background_cover_image_url": "https://s3.us-west-000.backblazeb2.com/proxycurl/company/northwestern-university/cover?X-Amz-Algorithm=AWS4-HMAC-SHA256&X-Amz-Credential=0004d7f56a0400b0000000001%2F20241126%2Fus-west-000%2Fs3%2Faws4_request&X-Amz-Date=20241126T054232Z&X-Amz-Expires=3600&X-Amz-SignedHeaders=host&X-Amz-Signature=012e5bb2700bdde1daf4afe1da44a6e6576c588cbb971f776dc35cfae1cf4524", "search_id": "3196", "similar_companies": [{"name": "McCormick School of Engineering", "link": "https://www.linkedin.com/company/mccormick-school-of-engineering/", "industry": "Higher Education", "location": null}, {"name": "Northwestern University School of Professional Studies", "link": "https://www.linkedin.com/company/northwestern-university-school-of-professional-studies/", "industry": "Higher Education", "location": null}, {"name": "Northwestern University School of Communication", "link": "https://www.linkedin.com/company/northwestern-university-school-of-communication/", "industry": "Higher Education", "location": null}, {"name": "Northwestern University Medill School", "link": "https://www.linkedin.com/company/northwestern-university-medill-school-company/", "industry": "Higher Education", "location": null}, {"name": "The Salvation Army Midland Division", "link": "https://www.linkedin.com/company/salarmystl/", "industry": "Non-profit Organizations", "location": null}, {"name": "Segal Design Institute at Northwestern University", "link": "https://www.linkedin.com/company/segal-design-institute-at-northwestern-university/", "industry": "Higher Education", "location": null}, {"name": "Northwestern University School of Education and Social Policy", "link": "https://www.linkedin.com/company/northwestern-university-school-of-education-and-social-policy/", "industry": "Higher Education", "location": null}, {"name": "Northwestern Medicine", "link": "https://www.linkedin.com/company/northwestern-medicine/", "industry": "Hospitals and Health Care", "location": null}, {"name": "Northwestern University Department of Chemistry", "link": "https://www.linkedin.com/company/northwesternchemistry/", "industry": "Higher Education", "location": null}, {"name": "OpenAI", "link": "https://www.linkedin.com/company/openai/", "industry": "Research Services", "location": null}, {"name": "Generative AI", "link": "https://www.linkedin.com/company/genai-works/", "industry": "Technology, Information and Internet", "location": null}, {"name": "Neuroscience News", "link": "https://www.linkedin.com/company/neuroscience-news/", "industry": "Newspaper Publishing", "location": null}, {"name": "THUNK A Cappella", "link": "https://www.linkedin.com/company/thunk-a-capella/", "industry": "Musicians", "location": null}, {"name": "Embassy of Israel in Denmark", "link": "https://www.linkedin.com/company/embassy-of-israel-in-denmark/", "industry": "International Affairs", "location": null}, {"name": "Mechanical Engineering at Northwestern University", "link": "https://www.linkedin.com/company/mechanical-engineering-at-northwestern-university/", "industry": "Higher Education", "location": null}, {"name": "datAIsm Services", "link": "https://www.linkedin.com/company/dataism-services/", "industry": "Data Infrastructure and Analytics", "location": null}, {"name": "Channel 10 News Israel", "link": "https://www.linkedin.com/company/channel-10-news-israel/", "industry": "Broadcast Media Production and Distribution", "location": null}, {"name": "Link\u00f6pings universitet", "link": "https://www.linkedin.com/school/linkoping-university/", "industry": "Higher Education", "location": null}, {"name": "Electrical & Computer Engineering | Northwestern University", "link": "https://www.linkedin.com/company/nu-ece/", "industry": "Higher Education", "location": null}, {"name": "Northwestern University Master of Science Product Design and Development Management", "link": "https://www.linkedin.com/company/northwesternmpd2/", "industry": "Higher Education", "location": null}], "affiliated_companies": [{"name": "Northwestern University School of Professional Studies", "link": "https://www.linkedin.com/company/northwestern-university-school-of-professional-studies/", "industry": "Higher Education", "location": null}, {"name": "The Graduate School at Northwestern University", "link": "https://www.linkedin.com/school/the-graduate-school-at-northwestern-university/", "industry": "Higher Education", "location": null}, {"name": "Northwestern University School of Communication", "link": "https://www.linkedin.com/company/northwestern-university-school-of-communication/", "industry": "Higher Education", "location": null}, {"name": "Northwestern University Medill School", "link": "https://www.linkedin.com/company/northwestern-university-medill-school-company/", "industry": "Higher Education", "location": null}, {"name": "McCormick School of Engineering", "link": "https://www.linkedin.com/company/mccormick-school-of-engineering/", "industry": "Higher Education", "location": null}, {"name": "Block Museum of Art, Northwestern University", "link": "https://www.linkedin.com/company/northwestern-university-mary-and-leigh-block-museum/", "industry": "Museums, Historical Sites, and Zoos", "location": null}, {"name": "Northwestern University School of Education and Social Policy", "link": "https://www.linkedin.com/company/northwestern-university-school-of-education-and-social-policy/", "industry": "Higher Education", "location": null}, {"name": "The Garage at Northwestern University", "link": "https://www.linkedin.com/company/the-garage-at-northwestern/", "industry": "Higher Education", "location": null}, {"name": "Northwestern University Bienen School of Music", "link": "https://www.linkedin.com/school/bienenschoolnu/", "industry": "Higher Education", "location": null}, {"name": "Northwestern University Pritzker School of Law", "link": "https://www.linkedin.com/school/northwestern-university-school-of-law/", "industry": "Higher Education", "location": null}, {"name": "Innovation and New Ventures Office", "link": "https://www.linkedin.com/company/innovation-and-new-venture-office/", "industry": "Higher Education", "location": null}, {"name": "Northwestern University - Kellogg School of Management", "link": "https://www.linkedin.com/school/kellogg-school-of-management/", "industry": "Higher Education", "location": null}, {"name": "Northwestern University - The Feinberg School of Medicine", "link": "https://www.linkedin.com/school/northwestern-university-feinberg-school-of-medicine/", "industry": "Higher Education", "location": null}, {"name": "Segal Design Institute at Northwestern University", "link": "https://www.linkedin.com/company/segal-design-institute-at-northwestern-university/", "industry": "Higher Education", "location": null}], "updates": [{"article_link": "https://www.linkedin.com/posts/northwestern-university_nu-votesnorthwesterns-award-winning-initiativehelps-activity-7257073760627785729-52rH", "image": "https://media.licdn.com/dms/image/v2/D5610AQESp9KPH0apdQ/image-shrink_1280/image-shrink_1280/0/1730221204188?e=1730970000&v=beta&t=_yHKe6Qqi_IxJAMaoi5YYvZcCMPLLvGn6VnTnaXbvVs", "posted_on": {"day": 30, "month": 10, "year": 2024}, "text": "NU Votes\u2014Northwestern's award-winning initiative\u2014helps students, faculty & staff get to the polls. \ud83d\uddf3\ufe0f \n\nWhether you choose to vote in person on Election Day or by mail-in ballot, here's a list of resources that are available on campus: https://lnkd.in/g-Gy9cYB\n\nNorthwestern University Center for Civic Engagement", "total_likes": 163}, {"article_link": "https://www.linkedin.com/posts/northwestern-university_economist-david-dranove-has-been-elected-activity-7256696266682753025-Hh6z", "image": "https://media.licdn.com/dms/image/v2/D5610AQEXEOtrrCaXZg/image-shrink_1280/image-shrink_1280/0/1730131202091?e=1730970000&v=beta&t=qY82x_9FwXgSKp0r3JTRrtYq0jTEBrnX2EuJ04XssvY", "posted_on": {"day": 29, "month": 10, "year": 2024}, "text": "Economist David Dranove has been elected to the National Academy of Medicine\u2014congratulations! http://spr.ly/6044q2LWj \n\nDranove, Walter McNerney Distinguished Professor of Health Industry Management at the Northwestern University - Kellogg School of Management, is honored for his foundational insights on how health care markets work. \n\nThe National Academies of Sciences, Engineering, and Medicine", "total_likes": 48}, {"article_link": "https://www.linkedin.com/posts/northwestern-university_fall-hues-coming-through-on-campus-activity-7256318808406032385-tV57", "image": "https://media.licdn.com/dms/image/v2/D5610AQHsrDGgGE8TOQ/image-shrink_1280/image-shrink_1280/0/1730041203395?e=1730970000&v=beta&t=Aw8iigy721rXQLoPYwRBep3aWZSU412FmkzvdA06o0Q", "posted_on": {"day": 28, "month": 10, "year": 2024}, "text": "Fall hues coming through on campus \ud83d\udc9c\ud83c\udf42 \n\n\ud83d\udcf8 Joshua Sukoff & Max Nelson", "total_likes": 1373}, {"article_link": "https://www.linkedin.com/posts/northwestern-university_capturing-love-and-loss-northwesterns-kyle-activity-7255956387027968000-T7E2", "image": "https://media.licdn.com/dms/image/v2/D5610AQGfBmdupKkecQ/image-shrink_1280/image-shrink_1280/0/1729954801226?e=1730970000&v=beta&t=ZKdU5ARMJTMnDh_KyzUgKWOLc55IejQLVu_oJkM7ZLk", "posted_on": {"day": 27, "month": 10, "year": 2024}, "text": "Capturing love and loss: Northwestern's Kyle Henry\u2014professor and filmmaker\u2014documents a poignant farewell to his mother in his new work. http://spr.ly/6046q2mDi\n\n\"Time Passages\" chronicles Henry\u2019s journey as he cares for his mother, Elaine, during the late stages of her dementia. The film is making its Midwest debut at the Chicago International Film Festival on Saturday, Oct. 26.", "total_likes": 55}, {"article_link": "https://www.linkedin.com/posts/northwestern-university_watch-genesis-garcia-18-19-ms-create-sugar-activity-7257466391899877376-cVR3", "image": null, "posted_on": {"day": 30, "month": 10, "year": 2024}, "text": "Ahead of D\u00eda de los Muertos (Day of the Dead), Genesis Garcia, MSMS honors her ancestors by crafting decorative sugar skulls\u2014and she showed us how she makes them!\n\nLearn more about Garcia '18, '19 MS and her small business (offering DIY sugar skull kits and workshops!), Chicago Calaveras, in Northwestern Magazine: \nhttp://spr.ly/6049SPHmH", "total_likes": 100}, {"article_link": "https://www.linkedin.com/posts/northwestern-university_wildcat-wanderlust-hundreds-of-northwestern-activity-7255261791335694336-4Gs_", "image": "https://media.licdn.com/dms/image/v2/D5610AQFJhB544VXk1A/image-shrink_1280/image-shrink_1280/0/1729789202841?e=1730970000&v=beta&t=BMSA1s9MMrwuukWIZy1Hfz5jf56YiDs_KEQ3705Kfxc", "posted_on": {"day": 25, "month": 10, "year": 2024}, "text": "Wildcat wanderlust \ud83e\uddf3 \nHundreds of Northwestern students study abroad each year\u2014will you be next? Here\u2019s your guide to getting started: http://spr.ly/6047qYcz1\n\nAlumni who went abroad: let us know about your experience \u2935\ufe0f", "total_likes": 133}], "follower_count": 373309, "acquisitions": null, "exit_data": null, "extra": null, "funding_data": [], "categories": null, "customer_list": null}
