{"linkedin_internal_id": "47420", "description": "The Options Clearing Corporation (OCC) is the world's largest equity derivatives clearing organization. Founded in 1973, OCC is dedicated to promoting stability and market integrity by delivering clearing and settlement services for options, futures and securities lending transactions. As a Systemically Important Financial Market Utility (SIFMU), OCC operates under the jurisdiction of the U.S. Securities and Exchange Commission (SEC), the U.S. Commodity Futures Trading Commission (CFTC), and the Board of Governors of the Federal Reserve System. OCC has more than 100 clearing members and provides central counterparty (CCP) clearing and settlement services to 20 exchanges and trading platforms. More information about OCC is available at www.theocc.com.", "website": "http://www.theocc.com", "industry": "Financial Services", "company_size": [1001, 5000], "company_size_on_linkedin": 2514, "hq": {"country": "US", "city": "Chicago", "postal_code": null, "line_1": "125 S Franklin St", "is_hq": true, "state": "Illinois"}, "company_type": "PRIVATELY_HELD", "founded_year": 1973, "specialities": ["Risk Management", "Equity Derivatives Clearing", "Capital Markets", "Options Industry Council", "Clearing", "Settlement", "Options", "Financial Futures", "Securities Lending", "Security Futures", "Central Counterparty"], "locations": [{"country": "US", "city": "Chicago", "postal_code": null, "line_1": "125 S Franklin St", "is_hq": true, "state": "Illinois"}, {"country": "US", "city": "Dallas", "postal_code": "75019", "line_1": "9111 Cypress Waters Blvd.", "is_hq": false, "state": "TX"}, {"country": "US", "city": "Washington", "postal_code": "20004", "line_1": "1201 F St NW Unit 600", "is_hq": false, "state": "District of Columbia"}], "name": "OCC", "tagline": "The Foundation for Secure Markets", "universal_name_id": "occ", "profile_pic_url": "https://s3.us-west-000.backblazeb2.com/proxycurl/company/occ/profile?X-Amz-Algorithm=AWS4-HMAC-SHA256&X-Amz-Credential=0004d7f56a0400b0000000001%2F20241126%2Fus-west-000%2Fs3%2Faws4_request&X-Amz-Date=20241126T055936Z&X-Amz-Expires=3600&X-Amz-SignedHeaders=host&X-Amz-Signature=9d7c29f98626faf44a4c3ebf596ae00c54475a091bcd10eecf71b43f017bfc6e", "background_cover_image_url": "https://s3.us-west-000.backblazeb2.com/proxycurl/company/occ/cover?X-Amz-Algorithm=AWS4-HMAC-SHA256&X-Amz-Credential=0004d7f56a0400b0000000001%2F20241126%2Fus-west-000%2Fs3%2Faws4_request&X-Amz-Date=20241126T055936Z&X-Amz-Expires=3600&X-Amz-SignedHeaders=host&X-Amz-Signature=61d254728f5e6ab0c502a48cab1c0bb3fcf267d5bfe77842a6f503b2411bdfa7", "search_id": "47420", "similar_companies": [{"name": "Office of the Comptroller of the Currency", "link": "https://www.linkedin.com/company/office-of-the-comptroller-of-the-currency", "industry": "Banking", "location": "Washington, DC"}, {"name": "CME Group", "link": "https://www.linkedin.com/company/cme-group", "industry": "Financial Services", "location": "Chicago, IL"}, {"name": "Cboe Global Markets", "link": "https://www.linkedin.com/company/cboe", "industry": "Financial Services", "location": "Chicago, Illinois"}, {"name": "ICE", "link": "https://www.linkedin.com/company/icemarkets", "industry": "Financial Services", "location": "Atlanta, GA"}, {"name": "JPMorganChase", "link": "https://www.linkedin.com/company/jpmorganchase", "industry": "Financial Services", "location": "New York, NY"}, {"name": "Northern Trust", "link": "https://www.linkedin.com/company/northern-trust", "industry": "Financial Services", "location": "Chicago, Illinois"}, {"name": "Federal Deposit Insurance Corporation (FDIC)", "link": "https://www.linkedin.com/company/fdic", "industry": "Banking", "location": "Washington, DC"}, {"name": "Deloitte", "link": "https://www.linkedin.com/company/deloitte", "industry": "Business Consulting and Services", "location": null}, {"name": "Capital One", "link": "https://www.linkedin.com/company/capital-one", "industry": "Financial Services", "location": "McLean, Va"}, {"name": "Goldman Sachs", "link": "https://www.linkedin.com/company/goldman-sachs", "industry": "Financial Services", "location": "New York, New York"}], "affiliated_companies": [], "updates": [{"article_link": null, "image": "https://media.licdn.com/dms/image/v2/D5622AQE-SUss8K1CSQ/feedshare-shrink_800/feedshare-shrink_800/0/1729535018347?e=2147483647&v=beta&t=TQ_8rkkMybjTdtyfFQjUi2UdaDHoXJqxLooglqyz1GY", "posted_on": {"day": 23, "month": 10, "year": 2024}, "text": "Bailey Moberly, part of the Software Development Test team, enjoys celebrating a variety of cultural events with her colleagues in the office. Read her #OCCStory: https://lnkd.in/gQtC4kgs\n#WeAreOCC #employeeexperience", "total_likes": 55}, {"article_link": null, "image": "https://media.licdn.com/dms/image/v2/D5622AQEBquORxecKOA/feedshare-shrink_2048_1536/feedshare-shrink_2048_1536/0/1732035183352?e=2147483647&v=beta&t=QaT_yMEj2mWrop9I3cpIPxGOk8GQ1OLdcAd5F5VaNl8", "posted_on": {"day": 19, "month": 11, "year": 2024}, "text": "Congratulations to our colleagues celebrating service anniversaries in November! Below are individuals who have hit a five-year milestone this month. #WeAreOCc #Culture #People\n\nCelebrating 5 years: \nNick Pryor, CPA, CISA, ORM\n\nCelebrating 10 years:\nJessica Kruse", "total_likes": 22}, {"article_link": null, "image": "https://media.licdn.com/dms/image/v2/D5622AQG5kDLp6HbG1w/feedshare-shrink_800/feedshare-shrink_800/0/1731341123446?e=2147483647&v=beta&t=ebJGpz66nF6IW880g_et-oiw9qNi0MO_MV3PIQ4zOwM", "posted_on": {"day": 13, "month": 11, "year": 2024}, "text": "Tricia Perl, CMP Perl, part of the Investor Education team, expresses how guidance from senior leaders at OCC changed her career trajectory for the better. Read her #OCCStory: https://lnkd.in/g65cPJfc\n #WeAreOCC #employeedevelopment #careergrowth", "total_likes": 45}, {"article_link": null, "image": "https://media.licdn.com/dms/image/v2/D5610AQETWsrB75oPqA/image-shrink_800/image-shrink_800/0/1731330036693?e=2147483647&v=beta&t=22OnVO4MhwybuUqlmcpASkf4KA3SEv9xsFPONeSBSgw", "posted_on": {"day": 13, "month": 11, "year": 2024}, "text": "This Veterans Day, we recognize and express gratitude to all veterans and members of the military for your service, and to all your families for their support.", "total_likes": 57}, {"article_link": "https://sps.columbia.edu/news/how-risk-assessment-frameworks-can-be-used-prioritize-and-manage-systemic-risks", "image": null, "posted_on": {"day": 13, "month": 11, "year": 2024}, "text": "There's no one size fits all approach to managing every risk organizations face, but there are strategic ways to prioritize the most likely and impactful potential risks across a variety of applications. In his recent article, our colleague Michael Leibrock, Managing Director of Credit Risk Management, dives into how a #RiskManagement framework can help organizations focus on the biggest threats facing their business. Read it here: https://bit.ly/48BOfHS\n#riskassessment #systemicrisk", "total_likes": 76}, {"article_link": null, "image": null, "posted_on": {"day": 6, "month": 11, "year": 2024}, "text": "OCC\u2019s Megan Malone Cohen and Pat Hickey are heading to #SIFMAMarketStructure (Nov. 6-7)!\n\nThey'll discuss the evolving landscape of market structure and its impact on market participants. Pat will moderate a panel exploring the effects of volume growth and competition on market resiliency, while Megan will join industry peers to share insights on regulatory and clearing updates.\n\nDetails are here: https://lnkd.in/e-puzSvf \n\n#Options #MarketStructure #Resiliency", "total_likes": 40}, {"article_link": null, "image": "https://media.licdn.com/dms/image/v2/D4E22AQGfQOmyM_GFkA/feedshare-shrink_800/feedshare-shrink_800/0/1729869164515?e=2147483647&v=beta&t=icShAS459ya0vAqQGFVesZ5ER_0diUtVzZxkRp19ZfY", "posted_on": {"day": 30, "month": 10, "year": 2024}, "text": "Yesterday, the Women in Listed Derivatives (WILD) Board, members, and supporters had an amazing time at OCC for the #TakeWILDtoWork series. A special thanks to our incredible panelists Lindsay (Burke) Baus, Tricia Perl, CMP, Summer Pistorius, Cheryl Martin, and Andrea Lewis Bergquist for sharing their leadership journeys, insights on working at #OCC, industry trends, and experiences as women rising in their careers.  #WomenInListedDerivatives #WILD #OTC #derivatives #trading #WomenInFinance #Leadership #Networking #WomenEmpowerment #CareerGrowth #FinanceIndustry #WomenInBusiness #ChicagoNetworking\n\nMaura Durkin Amy Norden, CSM, CSPO Lisa Campbell Tricia Perl, CMP Carrie Leonard Geeta Chakravorty Nahiomy Alvarez Sheetal Naukudkar Sarah McCarron Nick Dennes Taotao Xing, CFA CMT", "total_likes": 115}, {"article_link": null, "image": "https://media.licdn.com/dms/image/v2/D5610AQGYM0ghm85o2Q/image-shrink_800/image-shrink_800/0/1730731563861?e=2147483647&v=beta&t=H0TeX2j_EBtEfjy34BeMuZxV1_tiycoEmXn2Vs3j3Uc", "posted_on": {"day": 6, "month": 11, "year": 2024}, "text": "Dallas colleagues recently volunteered at Tom C. Gooch Elementary on behalf of our charity partner, United to Learn. Thanks to all volunteers for helping revitalize the outdoor courtyard space for students, assemble staff appreciation goodie bags, and organize textbooks! OCC donated $25 per hour of Volunteer Time Off used for a total of $2,200 as part of our \"Dollars for Doers\" program. Through our partnership, OCC is working to close opportunity gaps, accelerate student achievement, and advance educational equity in Dallas ISD schools. #WeAreOCC", "total_likes": 81}, {"article_link": null, "image": "https://media.licdn.com/dms/image/v2/D5610AQHjcTI9FzF6BQ/image-shrink_800/image-shrink_800/0/1730484244654?e=2147483647&v=beta&t=DwiWBgDtO3i7w193sw9c3u2Wyt2riGsDhT2Sxl-jM-Q", "posted_on": {"day": 6, "month": 11, "year": 2024}, "text": "Last week, OCC colleagues gathered for sOCCials in Chicago and Dallas in celebration of National Coming Out Day. They enjoyed food, drinks, and a celebration of LGBTQ+ visibility. We\u2019re proud to celebrate National Coming Out Day and show support for individuals to be their authentic selves at work each day. #WeAreOCC #lgbtq #lgbtqequality", "total_likes": 138}, {"article_link": null, "image": "https://media.licdn.com/dms/image/v2/D5610AQE3MMxxaoYHAg/image-shrink_800/image-shrink_800/0/1730414401395?e=2147483647&v=beta&t=F3jRblbdHplcUi3TMQdl4VduvffAyIH0tjUZI3tv_fY", "posted_on": {"day": 6, "month": 11, "year": 2024}, "text": "Read OCC's comments on the Financial Data Transparency Act Joint Data Standards Rulemaking Proposal, which aims to establish data standards to promote interoperability of financial regulatory data across multiple government agencies. https://lnkd.in/gHVjTRFG", "total_likes": 21}], "follower_count": 30055, "acquisitions": null, "exit_data": null, "extra": null, "funding_data": [], "categories": null, "customer_list": null}
