{"linkedin_internal_id": "2709", "description": "OpenText is a world leader in Information Management, helping companies securely capture, govern and exchange information on a global scale. OpenText solves digital business challenges for customers, ranging from small and mid-sized businesses to the largest and most complex organizations in the world. For more information about OpenText (NASDAQ/TSX: OTEX), visit www.opentext.com", "website": "http://www.opentext.com", "industry": "Software Development", "company_size": [10001, null], "company_size_on_linkedin": 22051, "hq": {"country": "CA", "city": "Waterloo", "postal_code": "N2L 0A1", "line_1": "275 Frank Tompa Drive", "is_hq": true, "state": "ON"}, "company_type": "PUBLIC_COMPANY", "founded_year": null, "specialities": ["Information Management", "Enterprise Content Management (ECM)", "Content Services", "Digital Experience (DX)", "Customer Experience Management (CEM)", "Customer Communications Management (CCM)", "Information Exchange", "IoT", "Information Security", "Developers", "Partners", "LegalTech"], "locations": [{"country": "CA", "city": "Waterloo", "postal_code": "N2L 0A1", "line_1": "275 Frank Tompa Drive", "is_hq": true, "state": "ON"}, {"country": "CA", "city": "Richmond Hill", "postal_code": "L4B 4N8", "line_1": "38 Leek Crescent", "is_hq": true, "state": "Ontario"}, {"country": "GB", "city": "Reading", "postal_code": "RG6 1PU", "line_1": "420 Thames Valley Park Drive", "is_hq": true, "state": "Berkshire"}, {"country": "US", "city": "Broomfield", "postal_code": "80021", "line_1": "385 Interlocken Crescent", "is_hq": true, "state": "Colorado"}, {"country": "IN", "city": "Hyderabad", "postal_code": "500081", "line_1": "MindSpace IT Park, Hi-Tec City", "is_hq": true, "state": "Telangana "}, {"country": "PH", "city": "Makati", "postal_code": null, "line_1": "Ayala Ave", "is_hq": true, "state": "National Capital Region"}, {"country": "CA", "city": "Montreal", "postal_code": "H3C 2N6", "line_1": "75 Queen Street", "is_hq": true, "state": "QC"}, {"country": "US", "city": "Menlo Park", "postal_code": "94025", "line_1": "2440 Sand Hill Rd", "is_hq": true, "state": "California"}, {"country": "US", "city": "Alpharetta", "postal_code": "30009", "line_1": "11720 Amberpark Dr", "is_hq": true, "state": "Georgia"}, {"country": "US", "city": "Lexington", "postal_code": "40511", "line_1": "810 Bull Lea Rd", "is_hq": true, "state": "Kentucky"}, {"country": "US", "city": "Gaithersburg", "postal_code": "20878", "line_1": "9711 Washingtonian Blvd", "is_hq": true, "state": "Maryland"}, {"country": "US", "city": "Tinton Falls", "postal_code": "07712", "line_1": "100 Tormee Dr", "is_hq": true, "state": "New Jersey"}, {"country": "BR", "city": "S\u00e3o Paulo", "postal_code": null, "line_1": "Avenida Brigadeiro Faria Lima", "is_hq": true, "state": null}, {"country": "AU", "city": "North Sydney", "postal_code": "2060", "line_1": "80 Pacific Hwy", "is_hq": true, "state": "New South Wales"}, {"country": "CN", "city": "Shanghai", "postal_code": "200052", "line_1": "100 Zunyi Road", "is_hq": true, "state": null}, {"country": "IN", "city": "Bangalore", "postal_code": "560071", "line_1": "Intermediate Ring Road", "is_hq": true, "state": "Karnataka"}, {"country": "IN", "city": "Bangalore", "postal_code": "560071", "line_1": "Internal Ring Road", "is_hq": true, "state": "Karnataka "}, {"country": "IN", "city": "Hyderabad", "postal_code": "500081", "line_1": "Workafella, 1st fl Cyber Crown, Sec-II, Village, Huda Techno Enclave", "is_hq": true, "state": "Telangana"}, {"country": "JP", "city": "Tokyo ", "postal_code": "100-0005", "line_1": "1-8-3, Marunouchi, Chiyoda-ku", "is_hq": true, "state": null}, {"country": "KR", "city": "Seoul", "postal_code": "03152", "line_1": "42 Jong-ro 1-gil Jongno-gu", "is_hq": true, "state": null}, {"country": "SG", "city": "Singapore", "postal_code": "048946", "line_1": "138 Market Street", "is_hq": true, "state": null}, {"country": "DE", "city": "Grasbrunn", "postal_code": "85630", "line_1": "Werner-von-Siemens Ring 20", "is_hq": true, "state": "Bavaria"}, {"country": "FR", "city": "Paris", "postal_code": "92932 ", "line_1": "100, Esplanade du G\u00e9n\u00e9ral de Gaulle", "is_hq": true, "state": "\u00cele-de-France"}, {"country": "IT", "city": "Rome", "postal_code": "00144", "line_1": "Via Amsterdam, 125", "is_hq": true, "state": null}, {"country": "IE", "city": "Cork", "postal_code": null, "line_1": "Kinsale Road", "is_hq": true, "state": null}, {"country": "NL", "city": "Amstelveen", "postal_code": null, "line_1": "1183 AV", "is_hq": true, "state": null}, {"country": "ES", "city": "28043 Madrid", "postal_code": null, "line_1": "Calle Jose Silva 17 6\u00aaplta", "is_hq": true, "state": null}, {"country": "AE", "city": "Dubai", "postal_code": null, "line_1": "Dubai Internet City", "is_hq": true, "state": null}, {"country": "ZA", "city": "Johannesburg", "postal_code": null, "line_1": "Leslie Ave East", "is_hq": true, "state": null}], "name": "OpenText", "tagline": null, "universal_name_id": "opentext", "profile_pic_url": "https://s3.us-west-000.backblazeb2.com/proxycurl/company/opentext/profile?X-Amz-Algorithm=AWS4-HMAC-SHA256&X-Amz-Credential=0004d7f56a0400b0000000001%2F20241126%2Fus-west-000%2Fs3%2Faws4_request&X-Amz-Date=20241126T054241Z&X-Amz-Expires=3600&X-Amz-SignedHeaders=host&X-Amz-Signature=f9a91abac59fe801a7827ee06bae5ba0f269e35880a178b865458a110d3fa71f", "background_cover_image_url": "https://s3.us-west-000.backblazeb2.com/proxycurl/company/opentext/cover?X-Amz-Algorithm=AWS4-HMAC-SHA256&X-Amz-Credential=0004d7f56a0400b0000000001%2F20241126%2Fus-west-000%2Fs3%2Faws4_request&X-Amz-Date=20241126T054241Z&X-Amz-Expires=3600&X-Amz-SignedHeaders=host&X-Amz-Signature=2215cef7a9980e37a46f499edff178617cd18bedf0e7951c65f8cdb18215dcd2", "search_id": "2709", "similar_companies": [{"name": "Micro Focus", "link": "https://www.linkedin.com/company/micro-focus/", "industry": "IT Services and IT Consulting", "location": null}, {"name": "ServiceNow", "link": "https://www.linkedin.com/company/servicenow/", "industry": "Software Development", "location": null}, {"name": "Google", "link": "https://www.linkedin.com/company/google/", "industry": "Software Development", "location": null}, {"name": "Deloitte", "link": "https://www.linkedin.com/company/deloitte/", "industry": "Business Consulting and Services", "location": null}, {"name": "Salesforce", "link": "https://www.linkedin.com/company/salesforce/", "industry": "Software Development", "location": null}, {"name": "Oracle", "link": "https://www.linkedin.com/company/oracle/", "industry": "IT Services and IT Consulting", "location": null}, {"name": "IBM", "link": "https://www.linkedin.com/company/ibm/", "industry": "IT Services and IT Consulting", "location": null}, {"name": "Microsoft", "link": "https://www.linkedin.com/company/microsoft/", "industry": "Software Development", "location": null}, {"name": "Amazon", "link": "https://www.linkedin.com/company/amazon/", "industry": "Software Development", "location": null}, {"name": "Atlassian", "link": "https://www.linkedin.com/company/atlassian/", "industry": "Software Development", "location": null}, {"name": "EY", "link": "https://www.linkedin.com/company/ernstandyoung/", "industry": "IT Services and IT Consulting", "location": null}, {"name": "Accenture", "link": "https://www.linkedin.com/company/accenture/", "industry": "Business Consulting and Services", "location": null}, {"name": "Cognizant", "link": "https://www.linkedin.com/company/cognizant/", "industry": "IT Services and IT Consulting", "location": null}, {"name": "Tata Consultancy Services", "link": "https://www.linkedin.com/company/tata-consultancy-services/", "industry": "IT Services and IT Consulting", "location": null}, {"name": "JPMorganChase", "link": "https://www.linkedin.com/company/jpmorganchase/", "industry": "Financial Services", "location": null}, {"name": "Cisco", "link": "https://www.linkedin.com/company/cisco/", "industry": "Software Development", "location": null}, {"name": "CGI", "link": "https://www.linkedin.com/company/cgi/", "industry": "IT Services and IT Consulting", "location": null}, {"name": "Snowflake", "link": "https://www.linkedin.com/company/snowflake-computing/", "industry": "Software Development", "location": null}, {"name": "SAP", "link": "https://www.linkedin.com/company/sap/", "industry": "Software Development", "location": null}, {"name": "Adobe", "link": "https://www.linkedin.com/company/adobe/", "industry": "Software Development", "location": null}], "affiliated_companies": [{"name": "OpenText Business Network Cloud", "link": "https://www.linkedin.com/showcase/opentextbncloud/", "industry": "IT Services and IT Consulting", "location": null}, {"name": "Carbonite", "link": "https://www.linkedin.com/company/carbonite/", "industry": "Software Development", "location": null}, {"name": "OpenText India", "link": "https://www.linkedin.com/showcase/opentextindia/", "industry": "Software Development", "location": null}, {"name": "Webroot", "link": "https://www.linkedin.com/company/webroot/", "industry": "Computer and Network Security", "location": null}, {"name": "Hightail", "link": "https://www.linkedin.com/company/opentext-hightail/", "industry": "Internet Publishing", "location": null}, {"name": "OpenText DACH", "link": "https://www.linkedin.com/showcase/opentextdach/", "industry": "Software Development", "location": null}, {"name": "OpenText Portfolio", "link": "https://www.linkedin.com/showcase/opentext-portfolio/", "industry": "Software Development", "location": null}, {"name": "OpenText Partner", "link": "https://www.linkedin.com/showcase/opentextpartner/", "industry": "Software Development", "location": null}, {"name": "OpenText DevOps Cloud", "link": "https://www.linkedin.com/showcase/opentext-devops-cloud/", "industry": "Software Development", "location": null}, {"name": "KineMatik", "link": "https://www.linkedin.com/company/kinematik/", "industry": "IT Services and IT Consulting", "location": null}, {"name": "Guidance Software", "link": "https://www.linkedin.com/company/guidance-software/", "industry": "Computer and Network Security", "location": null}, {"name": "OpenText Navigator Champions", "link": "https://www.linkedin.com/showcase/opentext-navigator-champions/", "industry": "Information Technology & Services", "location": null}, {"name": "OpenText Philippines", "link": "https://www.linkedin.com/showcase/opentext-philippines/", "industry": "Information Services", "location": null}, {"name": "Micro Focus", "link": "https://www.linkedin.com/company/micro-focus/", "industry": "IT Services and IT Consulting", "location": null}, {"name": "OpenText Developers", "link": "https://www.linkedin.com/showcase/opentext-developers/", "industry": "Software Development", "location": null}, {"name": "OpenText Experience Cloud", "link": "https://www.linkedin.com/showcase/opentextexperiencecloud/", "industry": "Software Development", "location": null}, {"name": "OpenText IT Operations Management", "link": "https://www.linkedin.com/showcase/opentext-it-operations-management/", "industry": "Software Development", "location": null}, {"name": "Liaison Technologies", "link": "https://www.linkedin.com/company/liaison-technologies/", "industry": "Information Technology & Services", "location": null}, {"name": "OpenText Content Cloud", "link": "https://www.linkedin.com/showcase/opentextcontentcloud/", "industry": "Software Development", "location": null}, {"name": "OpenText Cybersecurity", "link": "https://www.linkedin.com/showcase/opentext-cybersecurity/", "industry": "Computer and Network Security", "location": null}], "updates": [{"article_link": "https://www.linkedin.com/posts/opentext_teamopentext-activity-7266959368175108097-ybym", "image": "https://media.licdn.com/dms/image/v2/D4E10AQGv1ubEN-6YWQ/image-shrink_1280/image-shrink_1280/0/1732578122667?e=1733194800&v=beta&t=HtyGapxt81FYcW_POp5qGl2X4Vhq7OeEUBHlkFmvSWU", "posted_on": {"day": 26, "month": 11, "year": 2024}, "text": "\u2728 Celebrating Excellence! \u2728\n\nCongratulations to our incredible CEO Excellence Award winners at OpenText! \ud83c\udfc6 These dedicated individuals have gone above and beyond, embodying our core values through their everyday actions. Whether they\u2019re innovating, collaborating, or driving results, their hard work and commitment help us create a brighter future for all.\n\nThank you to each winner for making OpenText a place where we\u2019re inspired to raise the bar, create the future, and work together as one team. #TeamOpenText", "total_likes": 10}, {"article_link": "https://www.linkedin.com/posts/opentext_opentextworld-activity-7266901247687888897-DaiB", "image": "https://media.licdn.com/dms/image/v2/D4E10AQFVrviJ0ZNmFg/image-shrink_1280/image-shrink_1280/0/1732564263705?e=1733194800&v=beta&t=_zAnrTdwfKQHOqep1V8bD7glM_viFSnPnjwL8pTMLQI", "posted_on": {"day": 25, "month": 11, "year": 2024}, "text": "It\u2019s a wrap! Read about the highlights from #OpenTextWorld 2024 last week in Las Vegas, which offered more innovation, product announcements, training, learning, and networking than ever before. https://lnkd.in/ebJ-hA3Y", "total_likes": 13}, {"article_link": "https://www.linkedin.com/posts/opentext_teamopentext-activity-7266825004305059840-JHJi", "image": "https://media.licdn.com/dms/image/v2/D4E10AQGsW46WlAISGg/image-shrink_1280/image-shrink_1280/0/1732546084980?e=1733194800&v=beta&t=KorYX7CTAbMjaoy-dMc4V4hXXxXO5w_stGVcfv7kD7I", "posted_on": {"day": 25, "month": 11, "year": 2024}, "text": "Our FAMILIA Employee Network recently hosted a Cafecito gathering, bringing our Latin colleagues together in Waterloo. This meaningful event provided an opportunity to eat amazing food and partake in a fun trivia game. Thank you to everyone who joined and stay tuned for more events from FAMILIA! #TeamOpenText", "total_likes": 44}, {"article_link": "https://www.linkedin.com/posts/opentext_opentext-expects-to-save-1-billion-over-activity-7266931170737614850-KLn-", "image": "https://media.licdn.com/dms/image/v2/D4D10AQGP1bQqBI-Omg/image-shrink_1280/image-shrink_1280/0/1732571403483?e=1733194800&v=beta&t=wfx-zVgCdteYZLj8CaNgkBpfDtqQp_N0HGVIhICcMao", "posted_on": {"day": 25, "month": 11, "year": 2024}, "text": "OpenText expects to save $1 billion over the next ten years. How? By using our own OpenText software. Learn how we can help you save, too: https://bit.ly/4g3UFlw", "total_likes": 4}, {"article_link": "https://www.linkedin.com/posts/opentext_opentextdevopsaviator-activity-7266858940804567040-TLVJ", "image": "https://media.licdn.com/dms/image/v2/D4E10AQGK8xEzzH5yEA/image-shrink_1280/image-shrink_1280/0/1732554182932?e=1733194800&v=beta&t=5R7iE1LswmyDAZNMrD8DOs5iO6Q9TLkeW8sKN6jpJ7o", "posted_on": {"day": 25, "month": 11, "year": 2024}, "text": "\ud83d\ude80 It's been a year since #OpenTextDevOpsAviator revolutionized software delivery! The Cloud Editions 24.4 release takes things further with AI-powered defect detection & user story generation. Get ready to maximize test coverage & accelerate delivery! \ud83d\udd27\ud83d\udca1\n\nExplore more \ud83d\udc49 https://bit.ly/3CC8CZG", "total_likes": 30}, {"article_link": "https://www.linkedin.com/posts/opentext_opentextworld-activity-7265054044769988609-RnGI", "image": "https://media.licdn.com/dms/image/v2/D4E10AQFYskFJXi-7ug/image-shrink_1280/image-shrink_1280/0/1732123862236?e=1733194800&v=beta&t=dws2EOX6b9dkOCkDwQrhlI35zxJaVt0v8g4VDSZFeM0", "posted_on": {"day": 21, "month": 11, "year": 2024}, "text": "\u201cSecurity is at the heart of what we do and in every one of our products.\u201d -Muhi S. Majzoub, OpenText CPO & EVP\n\nWe\u2019re diving into the latest OpenText innovations, what\u2019s new & what\u2019s next at the technology keynote at #OpenTextWorld 2024.", "total_likes": 49}], "follower_count": 429561, "acquisitions": null, "exit_data": null, "extra": null, "funding_data": [], "categories": null, "customer_list": null}
