{"linkedin_internal_id": "165428", "description": "The Penguin Publishing Group is one of the leading trade book publishers in the United States, comprised of imprints with a long and rich history dating back to the nineteenth century. Penguin Books was originally founded in the UK in 1935 by Allen Lane, who envisioned a collection of quality, attractive books affordable enough to be \u201cbought as easily and casually as a packet of cigarettes.\u201d A United States office opened in 1939, called Penguin Books Ltd. The group merged with Putnam Berkley to become Penguin Putnam, Inc. in 1996, Penguin Group (USA) in 2003, and Penguin Publishing Group in 2014.\n\nToday, Penguin Publishing Group is the largest division of Penguin Random House, Inc.", "website": "http://www.penguin.com", "industry": "Book and Periodical Publishing", "company_size": [1001, 5000], "company_size_on_linkedin": 1149, "hq": {"country": "US", "city": "New York", "postal_code": "10019", "line_1": "1745 Broadway", "is_hq": true, "state": "NY"}, "company_type": "PRIVATELY_HELD", "founded_year": null, "specialities": ["publishing", "editorial", "marketing", "publicity", "production", "art", "design", "sales", "advertising", "promotion"], "locations": [{"country": "US", "city": "New York", "postal_code": "10019", "line_1": "1745 Broadway", "is_hq": true, "state": "NY"}, {"country": null, "city": null, "postal_code": null, "line_1": null, "is_hq": false, "state": null}, {"country": null, "city": null, "postal_code": null, "line_1": null, "is_hq": false, "state": null}, {"country": null, "city": null, "postal_code": null, "line_1": null, "is_hq": false, "state": null}, {"country": null, "city": null, "postal_code": null, "line_1": null, "is_hq": false, "state": null}], "name": "Penguin Publishing Group", "tagline": "Ignite a passion for reading", "universal_name_id": "penguin-group-usa", "profile_pic_url": "https://s3.us-west-000.backblazeb2.com/proxycurl/company/penguin-group-usa/profile?X-Amz-Algorithm=AWS4-HMAC-SHA256&X-Amz-Credential=0004d7f56a0400b0000000001%2F20241126%2Fus-west-000%2Fs3%2Faws4_request&X-Amz-Date=20241126T050801Z&X-Amz-Expires=3600&X-Amz-SignedHeaders=host&X-Amz-Signature=b6d4c4e2c128667269abfc485b7e8a0e70671e00a0e524e9db6f1fdc17d482a5", "background_cover_image_url": "https://s3.us-west-000.backblazeb2.com/proxycurl/company/penguin-group-usa/cover?X-Amz-Algorithm=AWS4-HMAC-SHA256&X-Amz-Credential=0004d7f56a0400b0000000001%2F20241126%2Fus-west-000%2Fs3%2Faws4_request&X-Amz-Date=20241126T050801Z&X-Amz-Expires=3600&X-Amz-SignedHeaders=host&X-Amz-Signature=337e2f7aa1dde6983eaaebe2e774910f07ffd2569a54a72e553b368a1183454f", "search_id": "165428", "similar_companies": [{"name": "Penguin Random House", "link": "https://www.linkedin.com/company/penguin-random-house-publishing", "industry": "Book Publishing", "location": "New York, NY"}, {"name": "HarperCollins Publishers", "link": "https://www.linkedin.com/company/harpercollins", "industry": "Book and Periodical Publishing", "location": "New York, New York"}, {"name": "Simon & Schuster", "link": "https://www.linkedin.com/company/simonandschuster", "industry": "Book and Periodical Publishing", "location": "New York, New York"}, {"name": "Bloomsbury Publishing Plc", "link": "https://uk.linkedin.com/company/bloomsbury-publishing-plc", "industry": "Book and Periodical Publishing", "location": null}, {"name": "Macmillan", "link": "https://www.linkedin.com/company/macmillan", "industry": "Book and Periodical Publishing", "location": "New York, NY"}, {"name": "Penguin Random House UK", "link": "https://uk.linkedin.com/company/penguin-random-house-uk", "industry": "Book and Periodical Publishing", "location": "London, London"}, {"name": "Scholastic", "link": "https://www.linkedin.com/company/scholastic", "industry": "Book and Periodical Publishing", "location": "New York, NY"}, {"name": "Goodreads", "link": "https://www.linkedin.com/company/goodreads-com", "industry": "Technology, Information and Internet", "location": "San Francisco, CA"}, {"name": "Penguin Random House India", "link": "https://in.linkedin.com/company/penguin-random-house-india", "industry": "Book and Periodical Publishing", "location": null}, {"name": "Hachette Book Group", "link": "https://www.linkedin.com/company/hachette-book-group", "industry": "Book and Periodical Publishing", "location": "New York, NY"}], "affiliated_companies": [], "updates": [{"article_link": null, "image": "https://media.licdn.com/dms/image/v2/D4D22AQH1-QXQ0FRS7g/feedshare-shrink_2048_1536/feedshare-shrink_2048_1536/0/1729630159227?e=2147483647&v=beta&t=RzS5ihFa8JBrD9X3ZzJH7awhyEk3Z3GWPhTpd7dBAHE", "posted_on": {"day": 24, "month": 10, "year": 2024}, "text": "Read to lead with 12 books that will help you nurture future leaders, cultivate a sense of purpose, and create a legacy of positive change.\n\nTo learn more, visit:  https://lnkd.in/dEGyuaCe \n\n#books #bookreccomendations #success #growth #leadership #leadershipbooks #bookish #bookishcommunity #tbr #bookclub", "total_likes": 32}, {"article_link": null, "image": "https://media.licdn.com/dms/image/v2/D5622AQFhWEct2FSb0Q/feedshare-shrink_2048_1536/feedshare-shrink_2048_1536/0/1729546528894?e=2147483647&v=beta&t=yYodPQqDzp8OMzgFcAFgrbwFtODfw8ibDjaYrpX9DjM", "posted_on": {"day": 26, "month": 10, "year": 2024}, "text": "COURAGE IS CALLING \u2026 will you answer? \ud83d\udcde\n\nOvercome your fears with Ryan Holiday\u2019s bestselling guide to practicing courage in your daily life. Holiday examines elements and expressions of fear, courage, and heroism and explores courageous acts of lesser-known figures from ancient and modern history.\n\nRead COURAGE IS CALLING to step into the arena and face your fears.\n\n\ud83d\udcf8: @nonfictionchocolate on Instagram", "total_likes": 22}, {"article_link": "https://www.self.com/story/neuroscientist-science-behind-manifestation", "image": null, "posted_on": {"day": 29, "month": 10, "year": 2024}, "text": "Privileged influencers attributing their cushy lives to \u201cgood vibes\u201d isn\u2019t the most\u2026inspirational (or believable) content. But if you\u2019ve completely written the practice off as a result, you might be missing out according to physician, neuroscientist, and author of \"Mind Magic\" James R. Doty, M.D. There\u2019s actually plenty of science behind manifestation, and it\u2019s a legitimate self-development technique that, when done correctly, can be life-altering. Learn why manifesting can actually work\u2014and how to go about it the right way via SELF Magazine.\n \nhttps://buff.ly/3BNMjju", "total_likes": 6}, {"article_link": null, "image": "https://media.licdn.com/dms/image/v2/D5622AQFFWe3dlF9K2w/feedshare-shrink_800/feedshare-shrink_800/0/1729890619624?e=2147483647&v=beta&t=2o2tvmuAtoChxJoAkDAtqwgV8jc2JM_IFHOJOnZRWZA", "posted_on": {"day": 29, "month": 10, "year": 2024}, "text": "Make the most of your money and get RICH AF with TikTok star Vivian Tu\u2019s New York Times bestselling financial playbook. Learn to: \n\n\u2705 Identify tax strategies and legal loopholes\n\ud83d\udcb8 Maximize your earnings\n\ud83c\udfe6 Understand the different types of bank accounts\n\ud83d\udcc8 Overcome fears about investing\n\nAnd more! Grab a copy today to level up your financial freedom.", "total_likes": 8}, {"article_link": "https://www.samharris.org/podcasts/making-sense-episodes/388-what-is-life", "image": null, "posted_on": {"day": 25, "month": 10, "year": 2024}, "text": "Don't miss Sara Imari Walker on Sam Walker's podcast, Making Sense! \ud83e\uddec\ud83c\udf99\ufe0f The two discuss physics' contributions to our scientific understanding of life, Erwin Schr\u00f6dinger, the Fermi paradox, and much, much more.\n\nYou can listen here: https://lnkd.in/gsyegH92", "total_likes": 3}, {"article_link": null, "image": "https://media.licdn.com/dms/image/v2/D5622AQEfe5q0GamJkQ/feedshare-shrink_2048_1536/feedshare-shrink_2048_1536/0/1729277877305?e=2147483647&v=beta&t=HFpCek8uXOxPVcCSouV_aGtoDGoZKjWqEAlRYLlzI_U", "posted_on": {"day": 24, "month": 10, "year": 2024}, "text": "Are you tired of being a chronic people-pleaser?\n\nExperts, including Nedra Tawwab and Jefferson Fisher, share practical advice and tips for working through the fears that drive people-pleasing habits, along with strategies for having healthy conversations and setting boundaries with others-- and yourself.\n\nRead more on The New York Times.\nhttps://lnkd.in/gcnTy_zD", "total_likes": 13}, {"article_link": null, "image": "https://media.licdn.com/dms/image/v2/D4E22AQH2DyoS2aNNyQ/feedshare-shrink_2048_1536/feedshare-shrink_2048_1536/0/1729540030694?e=2147483647&v=beta&t=DC7Z52bYTDR5KUsmq_LfIUhGh6OKJmPZMi9CWlti-CQ", "posted_on": {"day": 24, "month": 10, "year": 2024}, "text": "Thank you to everyone who made this year\u2019s Banned Wagon Tour possible: our partners Unite Against Book Bans, Little Free Library and First Book, all the attendees, and the staff at each bookstore and library stop! Swipe for the highlights!\n\nCouldn\u2019t make it to a stop? \u27a1\ufe0f Click the link here and enter for a chance to win a banned book of your choice! https://bit.ly/3AjpPpT\n\n#FreeBooks #ReadBannedBooks #TheBannedWagon #SaveOurStories #BannedBooksWeek", "total_likes": 589}, {"article_link": null, "image": "https://media.licdn.com/dms/image/v2/D5622AQHQuQxvUim7eg/feedshare-shrink_2048_1536/feedshare-shrink_2048_1536/0/1729545315134?e=2147483647&v=beta&t=JKAN8rvZ9eJgo4s5wp-c9_0QfXTN057LJ_n3oDGlrpA", "posted_on": {"day": 24, "month": 10, "year": 2024}, "text": "For more Stoic insights and exercises to help you build a better life, check out Ryan Holiday\u2019s best selling devotional THE DAILY STOIC.", "total_likes": 24}, {"article_link": "https://www.marketplace.org/shows/make-me-smart/mining-and-the-clean-energy-paradox/", "image": null, "posted_on": {"day": 24, "month": 10, "year": 2024}, "text": "Listen now: Vince Beiser, author of the upcoming book POWER METAL, was featured on Marketplace! \ud83c\udf99\ufe0f \n\nIn his interview, Vince talks about the crucial role of metals like copper, lithium, and cobalt in renewable energy, the environmental and social impacts of mining, and China's influence over the supply chain. \n\nCheck out the full episode here: https://lnkd.in/gp6S_V-5\n\nAnd find POWER METAL on shelves November 19! https://lnkd.in/exj5AHBk\n\n#PowerMetal #VinceBeiser #Marketplace #RenewableEnergy #Sustainability #Mining", "total_likes": 3}, {"article_link": null, "image": "https://media.licdn.com/dms/image/v2/D5622AQF-TjW6eDtjXg/feedshare-shrink_2048_1536/feedshare-shrink_2048_1536/0/1729465309055?e=2147483647&v=beta&t=STtKp5Uk5QoUq5qdoUiDjrGjpOwAPrsNeBxbahLbOMI", "posted_on": {"day": 24, "month": 10, "year": 2024}, "text": "Last month I joined Mel Robbins in her gorgeous Boston studio to have a conversation about self-care. It was such a delight to be with Mel and her whole team !!\n\nOur episode just dropped. Link in the comments. Would love to hear what you think", "total_likes": 77}], "follower_count": 250943, "acquisitions": null, "exit_data": null, "extra": null, "funding_data": [], "categories": null, "customer_list": null}
