{"linkedin_internal_id": "1431", "description": "PepsiCo is a playground for curious people. We invite thinkers, doers, and changemakers to champion innovation, take calculated risks, and challenge the status quo. From executives to team members on the front lines, we\u2019re excited about the future. We take chances. Together, we dare to make the world a better place.\n \nOur associates are the magic ingredient. Each of them plays an integral role in helping create deep connections between people and our products. Think about your last group celebration: Chances are, one of our iconic brands was by your side. At PepsiCo, you\u2019re invited to be a part of a global team of innovators who make, move, and sell these products\u2014which are enjoyed by more than 1 billion people a day.\n \nA career at PepsiCo means working in a culture where everyone\u2019s welcome. Here, you can dare to be yourself. No matter who you are or where you\u2019re from, you can influence the people around you and the world at large. By showing up, you\u2019ll have the opportunity to learn, develop and grow your skills for the future. Our supportive teams can fuel your professional goals to make a global impact on people and the planet. \n\nJoin us. Dare for Better.", "website": "http://www.pepsico.com", "industry": "Food and Beverage Services", "company_size": [10001, null], "company_size_on_linkedin": 135549, "hq": {"country": "US", "city": "Purchase", "postal_code": "10577", "line_1": "700 Anderson Hill Road", "is_hq": true, "state": "New York"}, "company_type": "PUBLIC_COMPANY", "founded_year": null, "specialities": ["manufacturing", "sales", "marketing", "brand management", "gatorade", "tropicana", "quaker oats", "frito-lay", "pepsi", "mtn dew", "doritos", "mirinda", "pepsi max", "tostitos", "aquafina", "sierra mist", "fritos", "lipton", "cheetos", "7up"], "locations": [{"country": "US", "city": "Purchase", "postal_code": "10577", "line_1": "700 Anderson Hill Road", "is_hq": true, "state": "New York"}, {"country": "GB", "city": "Richmond", "postal_code": "TW9 2QL", "line_1": "63 Kew Road", "is_hq": false, "state": "Surrey"}, {"country": "GB", "city": "Theale", "postal_code": "RG7 4SA", "line_1": "PepsiCo International - UK & Ireland 1600 Arlington Business Park", "is_hq": false, "state": "Berkshire"}, {"country": "ES", "city": "Cornella de Llobregat", "postal_code": "08940", "line_1": "WTC ALMEDA PARK - Pl. de la Pau s/n Edificio 7, Planta Baja", "is_hq": false, "state": "Barcelona, Catalu\u00f1a"}, {"country": "US", "city": "Atlanta", "postal_code": "30318", "line_1": "1480 Chattahoochee Ave NW", "is_hq": false, "state": "GA"}, {"country": "US", "city": "Wixom", "postal_code": "48393", "line_1": "28345 Beck Rd", "is_hq": false, "state": "MI"}, {"country": "DE", "city": "Neu-Isenburg", "postal_code": "63263", "line_1": "Hugenottenallee 173", "is_hq": false, "state": "HE"}, {"country": "MX", "city": "Gustavo A Madero", "postal_code": "07800", "line_1": "Calle Norte 24 59", "is_hq": false, "state": "CDMX"}, {"country": "US", "city": "Portland", "postal_code": "97232", "line_1": "2505 NE Pacific St", "is_hq": false, "state": "OR"}, {"country": "US", "city": "Pensacola", "postal_code": "32514", "line_1": "8801 Grow Dr", "is_hq": false, "state": "FL"}, {"country": "US", "city": "Columbus", "postal_code": "43219", "line_1": "1241 Gibbard Ave", "is_hq": false, "state": "OH"}, {"country": "AU", "city": "Sydney", "postal_code": "2067", "line_1": "799 Pacific Hwy", "is_hq": false, "state": "NSW"}, {"country": "CA", "city": "Cambridge", "postal_code": "N3H 4V8", "line_1": "1001 Bishop St N", "is_hq": false, "state": "ON"}, {"country": "FR", "city": "Colombes", "postal_code": "92700", "line_1": "420 Rue d'Estienne d'Orves", "is_hq": false, "state": "IdF"}, {"country": "US", "city": "Elizabethtown", "postal_code": "42701", "line_1": "1215 Hawkins Dr", "is_hq": false, "state": "KY"}, {"country": "US", "city": "Salt Lake City", "postal_code": "84104", "line_1": "3388 W 1987 S", "is_hq": false, "state": "UT"}, {"country": "US", "city": "Erlanger", "postal_code": "41018", "line_1": "4315 Olympic Blvd", "is_hq": false, "state": "KY"}, {"country": "BE", "city": "Zaventem", "postal_code": "1930", "line_1": "Leonardo da Vincilaan 3", "is_hq": false, "state": "Flemish Region"}, {"country": "US", "city": "Oklahoma City", "postal_code": "73013", "line_1": "14501 N Kelley Ave", "is_hq": false, "state": "OK"}, {"country": "IT", "city": "Parabiago", "postal_code": "20015", "line_1": "Via Tiziano Vecellio, 32", "is_hq": false, "state": "Lomb."}, {"country": "US", "city": "Wichita", "postal_code": "67217", "line_1": "101 W 48th St S", "is_hq": false, "state": "KS"}, {"country": "SA", "city": "Jeddah", "postal_code": "22423", "line_1": "9093", "is_hq": false, "state": "Mecca -4895"}, {"country": "MX", "city": "Alvaro Obregon", "postal_code": "01210", "line_1": "Avenida Vasco de Quiroga 4", "is_hq": false, "state": "CDMX"}, {"country": "TR", "city": "Istanbul", "postal_code": "34394", "line_1": "Buyukdere Caddesi 209", "is_hq": false, "state": "Istanbul"}, {"country": "TR", "city": "Istanbul", "postal_code": "34768", "line_1": "Siteyolu Caddesi 4", "is_hq": false, "state": "Istanbul"}, {"country": "JO", "city": "Amman", "postal_code": null, "line_1": "Tharwat Al Talhouni Street", "is_hq": false, "state": "Amman"}, {"country": "IN", "city": "Gurugram", "postal_code": "122002", "line_1": "Global Business Park Road & Mehrauli Gurgaon Road", "is_hq": false, "state": "HR"}, {"country": "PH", "city": "Muntinlupa", "postal_code": null, "line_1": "National Rd", "is_hq": false, "state": "National Capital Region"}, {"country": "BR", "city": "Tres Lagoas", "postal_code": "79620-340", "line_1": "Avenida Ranulpho Marques Leal, 3100", "is_hq": false, "state": "MS"}, {"country": "US", "city": "Plano", "postal_code": "75024", "line_1": "7701 Legacy Dr", "is_hq": false, "state": "Texas"}, {"country": "US", "city": "Plano", "postal_code": "75024", "line_1": "5600 Headquarters Dr", "is_hq": false, "state": "Texas"}], "name": "PepsiCo", "tagline": null, "universal_name_id": "pepsico", "profile_pic_url": "https://s3.us-west-000.backblazeb2.com/proxycurl/company/pepsico/profile?X-Amz-Algorithm=AWS4-HMAC-SHA256&X-Amz-Credential=0004d7f56a0400b0000000001%2F20241126%2Fus-west-000%2Fs3%2Faws4_request&X-Amz-Date=20241126T054226Z&X-Amz-Expires=3600&X-Amz-SignedHeaders=host&X-Amz-Signature=5a911a5f3a42aa766fd32a6c72244d2e19ae4821a64e2f229bb6f9df0a6cfc1b", "background_cover_image_url": "https://s3.us-west-000.backblazeb2.com/proxycurl/company/pepsico/cover?X-Amz-Algorithm=AWS4-HMAC-SHA256&X-Amz-Credential=0004d7f56a0400b0000000001%2F20241126%2Fus-west-000%2Fs3%2Faws4_request&X-Amz-Date=20241126T054226Z&X-Amz-Expires=3600&X-Amz-SignedHeaders=host&X-Amz-Signature=aee71e74420e22b7da12f0af73019ac0306da211206522848a2de69cb373eff7", "search_id": "1431", "similar_companies": [{"name": "Nestl\u00e9", "link": "https://ch.linkedin.com/company/nestle-s-a-", "industry": "Food and Beverage Services", "location": null}, {"name": "The Coca-Cola Company", "link": "https://www.linkedin.com/company/the-coca-cola-company", "industry": "Food and Beverage Services", "location": "Atlanta, GA"}, {"name": "Unilever", "link": "https://uk.linkedin.com/company/unilever", "industry": "Manufacturing", "location": "Blackfriars, London"}, {"name": "Procter & Gamble", "link": "https://www.linkedin.com/company/procter-and-gamble", "industry": "Manufacturing", "location": "Cincinnati, Ohio"}, {"name": "Mondel\u0113z International", "link": "https://www.linkedin.com/company/mondelezinternational", "industry": "Food and Beverage Manufacturing", "location": "Greater Chicago Area, IL"}, {"name": "L'Or\u00e9al", "link": "https://fr.linkedin.com/company/lor%C3%A9al", "industry": "Personal Care Product Manufacturing", "location": null}, {"name": "Johnson & Johnson", "link": "https://www.linkedin.com/company/johnson-&-johnson", "industry": "Hospitals and Health Care", "location": "New Brunswick, NJ"}, {"name": "Amazon", "link": "https://www.linkedin.com/company/amazon", "industry": "Software Development", "location": "Seattle, WA"}, {"name": "Coca-Cola FEMSA", "link": "https://mx.linkedin.com/company/coca-cola-femsa", "industry": "Food and Beverage Services", "location": null}, {"name": "Grupo Bimbo", "link": "https://mx.linkedin.com/company/grupobimbo", "industry": "Food and Beverage Services", "location": null}], "affiliated_companies": [{"name": "Frito-Lay", "link": "https://www.linkedin.com/company/frito-lay", "industry": "Food and Beverage Services", "location": "Plano, Texas"}, {"name": "Gatorade Performance Partner", "link": "https://www.linkedin.com/showcase/gatorade-performance-partner/", "industry": "Food and Beverage Services", "location": "Chicago, Illinois"}, {"name": "PepsiCo Industry Insiders", "link": "https://www.linkedin.com/showcase/pepsico-industry-insiders/", "industry": "Food and Beverage Services", "location": "Purchase, New York"}, {"name": "PepsiCo Foodservice", "link": "https://www.linkedin.com/showcase/pepsico-foodservice-/", "industry": "Food and Beverage Services", "location": "Purchase, NY"}, {"name": "PepsiCo Foundation", "link": "https://www.linkedin.com/showcase/pepsico-foundation/", "industry": "Non-profit Organizations", "location": "Purchase, New York"}, {"name": "PepsiCo Rom\u00e2nia", "link": "https://ro.linkedin.com/company/pepsico-romania", "industry": "Food and Beverage Services", "location": "Bucuresti, Bucuresti"}], "updates": [{"article_link": null, "image": null, "posted_on": {"day": 25, "month": 11, "year": 2024}, "text": "It\u2019s easy to overlook the fact that visibility is an important part of career growth. Getting results is part of the puzzle \u2014 but people also need to see your potential and the impact you\u2019re making.  \n\nIf you\u2019re wondering how to be more visible and have more influence at work, the latest \u201cDear HR\u201d is for you.  \n\nOur expert shares advice that\u2019s easy to put into action so you can get noticed and take your next big steps.  \n\nGet the tips here: http://spr.ly/6042tzUto\n\nWhat\u2019s helped you increase your visibility and influence in your career? Share in the comments!  \n\n#DareForBetter #PepsiCoCareers #visibility", "total_likes": 112}, {"article_link": null, "image": "https://media.licdn.com/dms/image/v2/D4E05AQFuwErrp5kN1g/feedshare-thumbnail_720_1280/feedshare-thumbnail_720_1280/0/1732541878119?e=2147483647&v=beta&t=Ucn9sfH2xZX8kPKM76tMpgjyYBv2PF1_0WG-z0xblWU", "posted_on": {"day": 25, "month": 11, "year": 2024}, "text": "We\u2019re celebrating our amazing women working in Supply Chain roles through our UK #SheisPepsiCo campaign!\n \nIn a function often considered to be dominated by men, these women are breaking boundaries, smashing stereotypes and supporting each other to have the career they want with us.\n \nFrom hitting their career goals to inspiring their teams, there\u2019s nothing these women can\u2019t do! But don\u2019t just take it from us....\n \nFind out what Manjit Kaur from Leicester, Ewa Doroslawska from Coventry and Alex Praja from Skelmersdale have to say about their role in making our much-loved snacks and what makes us a great place to work \ud83d\udc47\n \nLearn more at www.pepsicojobs.com", "total_likes": 296}, {"article_link": null, "image": null, "posted_on": {"day": 22, "month": 11, "year": 2024}, "text": "Rafal, a Sales Cluster Lead, is an avid runner who strikes a healthy balance between work and play. With the support of PepsiCo\u2019s flexible working environment, he can align his training schedule with his professional commitments, making his health a priority. \n\nThis Men\u2019s Health Awareness Month, Rafal is focusing on preventive care and inspiring others to take action. His advice? \u201cThe hardest part is the first step. Take it. After that, it\u2019s all about making it a regular habit.\u201d \n\nSo, what will your first step toward better health be? \n\n#DareForBetter #MensHealth", "total_likes": 166}, {"article_link": null, "image": "https://media.licdn.com/dms/image/v2/D5622AQFZ7Q2OzD5ELw/feedshare-shrink_800/feedshare-shrink_800/0/1732276858003?e=2147483647&v=beta&t=MmHOrScKk5PbpKuObU0RwxUeEWRuSyWvck3poyzRl6Y", "posted_on": {"day": 22, "month": 11, "year": 2024}, "text": "Today we announced PepsiCo has agreed to acquire the remaining interest in our Sabra Dipping Company and Obela joint ventures from the Strauss Group.\n \nNutritious, simple foods like refrigerated spreads and dips is a space we\u2019ve been looking to expand for a long time. We\u2019re excited to bring these brands into the PepsiCo family as we continue to focus on bringing consumers more great-tasting, nutritious, and on-the-go options. https://bit.ly/3CBkpHQ", "total_likes": 2572}, {"article_link": null, "image": "https://media.licdn.com/dms/image/v2/D5605AQHqKGM-vIwNOg/videocover-high/videocover-high/0/1732197423154?e=2147483647&v=beta&t=Qm8ap00iBy8Y-DRQ0SEY7mn_RBGRbQ-1-_sBLF5HK7o", "posted_on": {"day": 21, "month": 11, "year": 2024}, "text": "Great news: Our Climate Resilience Platform has earned a Fast Company Next Big Things in Tech Award! CRP is an open-source tool that helps plan for the real-world impacts of climate change on farms and provides insights on how to mitigate those impacts and improve yields. Applying insights from this tool, we\u2019ve seen farmers boost their incomes while also reducing their environmental impact \u2014 just one of the many ways we\u2019re putting our pep+ transformation into action. \n#FCTechAwards", "total_likes": 264}, {"article_link": null, "image": "https://media.licdn.com/dms/image/v2/D5610AQGbAzYI6E3Z2A/image-shrink_1280/image-shrink_1280/0/1731974964125?e=2147483647&v=beta&t=9ViMAPx8D4PIRASMgSrOM8MAUWZFa3xCEWglrEPFaXc", "posted_on": {"day": 19, "month": 11, "year": 2024}, "text": "Allies have the power to shape not just careers but lives. At PepsiCo, we aim to build an inclusive community where everyone feels welcome. \n\n\u201cA place where everyone can be their true self is more creative, innovative, diverse, and successful.\u201d Says Bruna, a Transformation Finance Senior Manager. \n\nTo inspire allyship, we asked four PepsiCo associates to share their personal stories. We invite you to read their honest reflections and discover what it takes to work together toward a better future for all. https://bit.ly/4fV6rPb\n\n#DareForBetter #PepsiCoLife", "total_likes": 547}, {"article_link": null, "image": "https://media.licdn.com/dms/image/v2/D4D05AQFY3mKIqcwSCg/videocover-high/videocover-high/0/1731602409945?e=2147483647&v=beta&t=jJgWFFb78a1HB6t78vk6BVGN-9ZHuZgAQdl_2Rbro4Y", "posted_on": {"day": 18, "month": 11, "year": 2024}, "text": "We\u2019re honored to share that for the ninth consecutive year, we\u2019ve been named the #1 supplier on Kantar\u2019s 2024 PowerRanking. This achievement reflects our ongoing commitment in areas like strategy, innovation, consumer insights, and supply chain management. Thank you to our incredible associates and retail partners for making this recognition possible!", "total_likes": 835}, {"article_link": null, "image": "https://media.licdn.com/dms/image/v2/D4E10AQEMtN0szq4icQ/image-shrink_800/image-shrink_800/0/1731339123103?e=2147483647&v=beta&t=OWqrhsiBXHgYB4btu8wBE9PtgwKkWtmqDzz3N6hfzbI", "posted_on": {"day": 11, "month": 11, "year": 2024}, "text": "On this #VeteransDay, we proudly honor the veterans both within our organization and beyond. We're incredibly grateful and stand committed supporting them through meaningful partnerships with organizations that uplift veterans and their families. Our employee resource group, Valor, is just one of the ways we show our appreciation and support. To all who have served, your dedication inspires us every day, thank you.", "total_likes": 478}, {"article_link": null, "image": "https://media.licdn.com/dms/image/v2/D4E10AQEfjcPML3Jg-Q/videocover-high/videocover-high/0/1730303109380?e=2147483647&v=beta&t=MalkSNz0lkIwj-z5zTWKv6v3MOiN2TYBxp5e8F6Tj2M", "posted_on": {"day": 4, "month": 11, "year": 2024}, "text": "In the U.K. we\u2019re stirring the pot \u2013 our customer-favorite Quaker porridge pots are on the shelves in paper packaging that is easier to recycle with household paper products. Take a look how we\u2019re reducing 200 tonnes of virgin plastic packaging a year.", "total_likes": 525}, {"article_link": null, "image": null, "posted_on": {"day": 25, "month": 10, "year": 2024}, "text": "You ask \u2014 we answer. Each month, we tackle your biggest questions about navigating your career. Below, let us know what you want to read about in the next \u201cDear HR\u201d!", "total_likes": 108}], "follower_count": 8422317, "acquisitions": null, "exit_data": null, "extra": null, "funding_data": [], "categories": null, "customer_list": null}
