{"linkedin_internal_id": "98455818", "description": "Pillotech is a tech based pillow company. We are the first company in the world who aims to produce tech based multifunctional pillows.", "website": "http://pillotech.com", "industry": "Textile Manufacturing", "company_size": [2, 10], "company_size_on_linkedin": 0, "hq": null, "company_type": "PRIVATELY_HELD", "founded_year": 2023, "specialities": [], "locations": [], "name": "Pillotech", "tagline": "We are reinventing the sleep | Pillotech is a tech company focused on producing multifunctional electronic pillows.", "universal_name_id": "pillotech", "profile_pic_url": "https://s3.us-west-000.backblazeb2.com/proxycurl/company/pillotech/profile?X-Amz-Algorithm=AWS4-HMAC-SHA256&X-Amz-Credential=0004d7f56a0400b0000000001%2F20241126%2Fus-west-000%2Fs3%2Faws4_request&X-Amz-Date=20241126T050846Z&X-Amz-Expires=3600&X-Amz-SignedHeaders=host&X-Amz-Signature=e7f93ca3898043f030264c4411f9eccec5a215572a67449d12b3df33cb7b66a5", "background_cover_image_url": "https://s3.us-west-000.backblazeb2.com/proxycurl/company/pillotech/cover?X-Amz-Algorithm=AWS4-HMAC-SHA256&X-Amz-Credential=0004d7f56a0400b0000000001%2F20241126%2Fus-west-000%2Fs3%2Faws4_request&X-Amz-Date=20241126T050846Z&X-Amz-Expires=3600&X-Amz-SignedHeaders=host&X-Amz-Signature=6313d2057fd52db499ed021a74a1a09ada1b185c24db7b625a24c54cb0c3f413", "search_id": "98455818", "similar_companies": [{"name": "W1 Medya", "link": "https://www.linkedin.com/company/w1-medya/", "industry": "Media Production", "location": null}, {"name": "DDB", "link": "https://www.linkedin.com/company/ddb/", "industry": "Advertising Services", "location": null}], "affiliated_companies": [], "updates": [], "follower_count": 2, "acquisitions": null, "exit_data": null, "extra": null, "funding_data": [], "categories": null, "customer_list": null}
