{"linkedin_internal_id": "98451929", "description": "Welcome to the wonderland of plush!\n\nAt Plushila, we are designing electronic integrated plush products for a very special and personalized experience. We believe that soft products can be as functional as rigid devices we use daily.", "website": "http://plushila.com", "industry": "Textile Manufacturing", "company_size": [2, 10], "company_size_on_linkedin": 0, "hq": {"country": "DK", "city": "Copenhagen", "postal_code": null, "line_1": null, "is_hq": true, "state": null}, "company_type": "SELF_EMPLOYED", "founded_year": 2023, "specialities": [], "locations": [{"country": "DK", "city": "Copenhagen", "postal_code": null, "line_1": null, "is_hq": true, "state": null}, {"country": "TR", "city": "Istanbul", "postal_code": null, "line_1": null, "is_hq": true, "state": null}], "name": "Plushila", "tagline": "Welcome to the wonderland of plush! We are recreating technology in its softest form.", "universal_name_id": "plushila", "profile_pic_url": "https://s3.us-west-000.backblazeb2.com/proxycurl/company/plushila/profile?X-Amz-Algorithm=AWS4-HMAC-SHA256&X-Amz-Credential=0004d7f56a0400b0000000001%2F20241126%2Fus-west-000%2Fs3%2Faws4_request&X-Amz-Date=20241126T050845Z&X-Amz-Expires=3600&X-Amz-SignedHeaders=host&X-Amz-Signature=12d985d0c771e1e3f46b542edaaf33663fb204bbfec48f2ac079f13d076483fc", "background_cover_image_url": "https://s3.us-west-000.backblazeb2.com/proxycurl/company/plushila/cover?X-Amz-Algorithm=AWS4-HMAC-SHA256&X-Amz-Credential=0004d7f56a0400b0000000001%2F20241126%2Fus-west-000%2Fs3%2Faws4_request&X-Amz-Date=20241126T050845Z&X-Amz-Expires=3600&X-Amz-SignedHeaders=host&X-Amz-Signature=fe261e709a63083ef39c54c8577af7aace15f6ebeeb23bf377c5c8a016a1ecf1", "search_id": "98451929", "similar_companies": [{"name": "TechCompenso", "link": "https://www.linkedin.com/company/techcompenso-stipendi-italia/", "industry": "Human Resources Services", "location": null}], "affiliated_companies": [], "updates": [], "follower_count": 3, "acquisitions": null, "exit_data": null, "extra": null, "funding_data": [], "categories": null, "customer_list": null}
