{"linkedin_internal_id": "157313", "description": "A vibrant community of learning that endeavors to fulfill its informal motto, ''in the nation's service and the service of humanity.'' (Alumni note: The \"Notable Alumni\" section is generated by LinkedIn.)", "website": "http://princeton.edu", "industry": "Higher Education", "company_size": [5001, 10000], "company_size_on_linkedin": 0, "hq": {"country": "US", "city": "Princeton", "postal_code": "08544-0070", "line_1": "1 Nassau Hall Address 2", "is_hq": true, "state": "NJ"}, "company_type": "EDUCATIONAL", "founded_year": 1746, "specialities": ["teaching", "research", "service", "liberal arts", "education"], "locations": [{"country": "US", "city": "Princeton", "postal_code": "08544-0070", "line_1": "1 Nassau Hall Address 2", "is_hq": true, "state": "NJ"}], "name": "Princeton University", "tagline": "Princeton in the nation\u2019s service and the service of humanity.", "universal_name_id": "princeton-university", "profile_pic_url": "https://s3.us-west-000.backblazeb2.com/proxycurl/company/princeton-university/profile?X-Amz-Algorithm=AWS4-HMAC-SHA256&X-Amz-Credential=0004d7f56a0400b0000000001%2F20241126%2Fus-west-000%2Fs3%2Faws4_request&X-Amz-Date=20241126T054234Z&X-Amz-Expires=3600&X-Amz-SignedHeaders=host&X-Amz-Signature=ce4d25bc941bbc8f95bf3a8330a8c8605f90c74f5bae4bad9a742b0a7d879aa9", "background_cover_image_url": "https://s3.us-west-000.backblazeb2.com/proxycurl/company/princeton-university/cover?X-Amz-Algorithm=AWS4-HMAC-SHA256&X-Amz-Credential=0004d7f56a0400b0000000001%2F20241126%2Fus-west-000%2Fs3%2Faws4_request&X-Amz-Date=20241126T054234Z&X-Amz-Expires=3600&X-Amz-SignedHeaders=host&X-Amz-Signature=cde804f0acf16e05d5e413eef90480a68658a4294df34d2bdff6c8586f391424", "search_id": "157313", "similar_companies": [{"name": "F*ck Being Humble", "link": "https://uk.linkedin.com/company/fuckbeinghumble", "industry": "Professional Training and Coaching", "location": "London, England"}, {"name": "Ms in USA", "link": "https://in.linkedin.com/company/ms-in-usa", "industry": null, "location": "vijayawada, Andhra Pradesh"}, {"name": "GRE\u00ae General Test", "link": "https://www.linkedin.com/company/educational-testing-service-gre", "industry": "Education Administration Programs", "location": "Princeton, New Jersey"}, {"name": "Stanford Online", "link": "https://www.linkedin.com/company/stanford-online", "industry": "Higher Education", "location": "Stanford, CA"}, {"name": "United Nations Office for Disaster Risk Reduction (UNDRR)", "link": "https://ch.linkedin.com/company/undrr", "industry": "International Affairs", "location": null}, {"name": "University of Oxford, Department of Physics", "link": "https://uk.linkedin.com/company/university-of-oxford-department-of-physics", "industry": "Higher Education", "location": "Oxford, Oxfordshire"}, {"name": "OpenAI", "link": "https://www.linkedin.com/company/openai", "industry": "Research Services", "location": "San Francisco, CA"}, {"name": "LlamaIndex", "link": "https://www.linkedin.com/company/llamaindex", "industry": "Technology, Information and Internet", "location": "San Francisco, California"}, {"name": "MIT Center for Quantum Engineering", "link": "https://www.linkedin.com/company/mit-center-for-quantum-engineering", "industry": "Research Services", "location": "Cambridge, Massachusetts"}, {"name": "MIT Computer Science and Artificial Intelligence Laboratory (CSAIL)", "link": "https://www.linkedin.com/company/mit-csail", "industry": "Higher Education", "location": "Cambridge, MA"}], "affiliated_companies": [], "updates": [{"article_link": null, "image": "https://media.licdn.com/dms/image/v2/D4E10AQFTIEGxzdR83g/image-shrink_800/image-shrink_800/0/1731788161962?e=2147483647&v=beta&t=BDf4H88rMubSr3tou_S6UgSlxxrClC3Q-0ju4gitoXU", "posted_on": {"day": 17, "month": 11, "year": 2024}, "text": "At the end of World War II, the United States was left with a set of advanced research facilities, originally set up in the race to produce nuclear weapons. Rather than stopping the science, the Department of Energy gave these facilities permanent peacetime missions by transforming them into a system of national labs. Can you find our very own Princeton Plasma Physics Laboratory (PPPL)? \ud83d\udd0e \n\nTake the tour to learn more: https://bit.ly/4fdNDu7", "total_likes": 768}, {"article_link": null, "image": "https://media.licdn.com/dms/image/v2/D4E10AQEbxKc_nU29XQ/image-shrink_800/image-shrink_800/0/1731689821940?e=2147483647&v=beta&t=gIuqF51G4FhCCz4IA0vRw-Bl1P0Gmvig-kPBKi8Xs8s", "posted_on": {"day": 15, "month": 11, "year": 2024}, "text": "2021 Nobel laureate in literature Abdulrazak Gurnah shared reflections on literature, compassion and the \u201coceanic cosmopolitanism\u201d that connects artists and thinkers across continents during a visit to Princeton: https://bit.ly/3AKoGIo\n\nGurnah\u2019s visit was hosted by the University\u2019s Africa World Initiative, a multifaceted program to cultivate partnerships with wide-ranging impact in and beyond Africa.", "total_likes": 46}, {"article_link": null, "image": "https://media.licdn.com/dms/image/v2/D4E10AQEyyrUflcVFuQ/image-shrink_800/image-shrink_800/0/1731615304345?e=2147483647&v=beta&t=3y7IcYr-kXyId0PUmpZGe5GDD49Vhvt69Nzt37IR0aY", "posted_on": {"day": 15, "month": 11, "year": 2024}, "text": "#TellUsTigers: \"As president of the Princeton Triangle Club, I\u2019m incredibly excited about the world premiere this weekend of the 134th Triangle Show, \u2018Pageant Pending\u2019 \u2014 where an aspiring reporter is unexpectedly swept into the pageant world! I joined Triangle as the stage manager in my first-year spring and was quickly introduced to the Triangle tradition. Triangle has been creating original musical comedy \u2014 written and performed by students, directed and choreographed by professionals \u2014 on the McCarter Theatre Center stage since 1891. I can say that leading the club and producing the show have been truly rewarding opportunities. My heart bursts with love, pride and gratitude for all the people of Triangle who have supported me along the way and become some of my closest friends. They motivate me to be a better leader and make all the late nights at the theater worthwhile. I often get puzzled looks when I tell people I\u2019m in Triangle and I\u2019m an architecture major \u2014 as both require extensive periods of time in a dedicated space: the theater and the studio. Yet, these two important aspects of my Princeton experience overlap greatly. Mounting a new musical and creating an architecture model both start with a blank page, prompting a creative process that can take months, sometimes years, to culminate in a single moment: a live performance or studio review. For me, the thrill of seeing a collaborative project come to life in front of an audience is unparalleled.\"\u2014 Vera Fei '26; photo by Noel Valero '82 *86 More info about \"Pageant Pending\": https://bit.ly/3AD3hAP", "total_likes": 103}, {"article_link": null, "image": "https://media.licdn.com/dms/image/v2/D4E10AQEGc281hJr2lA/image-shrink_1280/image-shrink_1280/0/1731538141891?e=2147483647&v=beta&t=FWfYPx_LmrEpauIPkMcqZG_bZv2GUjpUBJzwWF4W3qU", "posted_on": {"day": 14, "month": 11, "year": 2024}, "text": "From Paris To Princeton! \ud83d\udc4f 9 of our 26 summer Olympians recently returned to campus to be recognized by the home crowd at Princeton Stadium. \ud83e\udde1\ud83d\udda4 #OlympiansMadeHere", "total_likes": 469}, {"article_link": null, "image": "https://media.licdn.com/dms/image/v2/D4E10AQF5O05v9vqFGg/image-shrink_1280/image-shrink_1280/0/1731449703258?e=2147483647&v=beta&t=e_-wy_5i2WJEm75u10iTwRItnyrRxe8Yx4d4k7xrpOs", "posted_on": {"day": 13, "month": 11, "year": 2024}, "text": "Juliette C. '24 and Collin Riggins '24 are the latest recipients of the Dale Fellowship, which funds yearlong independent projects for members of each senior class in the year following their graduation.\n\nFor her Dale project, Carbonnier is writing a one-woman play with music inspired by the legacy of her ancestors, some of whom were progressive Yiddish performers, comedians and composers, while others were Holocaust survivors.\n\nFor his Dale project, \u201cCotton Stains,\u201d Riggins is producing a collection of black-and-white analog photographs of Black cotton farmers. He is also working to develop a public art studio in Garysburg, North Carolina, to support creatives in the area.\n\nLearn more about this year's fellows: https://bit.ly/3UNAksM", "total_likes": 135}, {"article_link": null, "image": "https://media.licdn.com/dms/image/v2/D4E10AQGom7PXSye1nA/image-shrink_800/image-shrink_800/0/1731344447130?e=2147483647&v=beta&t=uwIXgjABJprDRKmnyVD1rLh6YldK1MuBPDZCl3BFMhs", "posted_on": {"day": 11, "month": 11, "year": 2024}, "text": "The annual Veterans Day service, held jointly between #PrincetonU and the Spirit of Princeton, honored those veterans in our community, including the 1,286 current employees and retirees who have served, as well as the 13 veteran employees and retirees and 216 veteran alumni who have passed over the past year.\n\nAt the ceremony, US Navy Captain Kelley T. Jones provided remarks, Matthew Cline '27 performed Taps, and #PrincetonU Electric Shop supervisor Kenneth Grayson sang America the Beautiful.", "total_likes": 160}, {"article_link": null, "image": "https://media.licdn.com/dms/image/v2/D4E10AQHz-wJZ9z3XVA/image-shrink_1280/image-shrink_1280/0/1731273661269?e=2147483647&v=beta&t=Xnda3-gl1qb6JW2MRPwt-5dy4BEhZS59EsOW9K8IlvE", "posted_on": {"day": 11, "month": 11, "year": 2024}, "text": "Coinciding with the 125th anniversary of the Princeton University Graduate School, all alumni are invited back to campus for the \u201cMany Minds, Many Stripes\u201d conference on Oct. 9-11, 2025: https://bit.ly/4fD0WEN", "total_likes": 110}, {"article_link": null, "image": "https://media.licdn.com/dms/image/v2/D4E10AQFs6Xe9AKq-0Q/image-shrink_1280/image-shrink_1280/0/1731185041257?e=2147483647&v=beta&t=sA7wC9E6vvpxpH7EEQF-9u2F2NNJH0DnBLZjo5QmdC8", "posted_on": {"day": 11, "month": 11, "year": 2024}, "text": "How do you move a mounted dinosaur? With a skeleton crew. \n\nAfter more than 60 years of being on display in Guyot Hall, \u201cAl\u201d the Allosaurus is wintering in Canada before being re-installed across in the new Environmental Sciences building, the future home of Geosciences Princeton University, Ecology and Evolutionary Biology and the High Meadows Environmental Institute. \n\nMore on what's next for Al: https://bit.ly/4ekJaFd", "total_likes": 437}, {"article_link": null, "image": "https://media.licdn.com/dms/image/v2/D4E10AQFKCnNi_farJA/videocover-high/videocover-high/0/1731107103708?e=2147483647&v=beta&t=Th3vKR5J7afzF24qNts0jNc1Kg5OA_Y1hhwoHLyctts", "posted_on": {"day": 11, "month": 11, "year": 2024}, "text": "Today is National First-Generation College Celebration Day, a time to celebrate the achievements of students, faculty, staff and alumni who are among the first in their families to attend college and highlight the important contributions that first-gen students make within their communities. \n\nEstablished in 2021, through a gift from Bloomberg Philanthropies, the Emma Bloomberg Center for Access & Opportunity supports and empowers students \u2013especially those from first-generation an lower-income backgrounds\u2013 to, through and beyond college: https://bit.ly/3CiYkh7", "total_likes": 399}, {"article_link": null, "image": "https://media.licdn.com/dms/image/v2/D4E10AQHeoM7IcAzvyQ/image-shrink_1280/image-shrink_1280/0/1730998982147?e=2147483647&v=beta&t=YgR6efcuwx-dkA8aRAxEMNKsAmfiMPY1h0Nve_z1I1I", "posted_on": {"day": 11, "month": 11, "year": 2024}, "text": "Professor emeritus William Chester Jordan *73 has been awarded the 2024 Barry Prize for Distinguished Intellectual Achievement for his work \"bridging the social, economic, religious, and political dimensions of life ... unlock[ing] the mysteries of medieval Europe for contemporary readers\": https://bit.ly/3UHCjPn", "total_likes": 222}], "follower_count": 320756, "acquisitions": null, "exit_data": null, "extra": null, "funding_data": [], "categories": null, "customer_list": null}
