{"linkedin_internal_id": "9324656", "description": "Queueco is a proprietary trading firm that engages in both conventional as well as cutting-edge alternative markets. Our strategies run 24/7 without manual intervention powered by low-latency infrastructure and the latest machine learning techniques. We're a meritocratic and lean team of highly-motivated scientists and developers and as such value technical ability more than politics: what matters is how good your code is, not how well you sell yourself. We spend no time dealing with clients, customers or investors and instead focus on growing our business by building better technology.\n\nWe are continuously looking for new talent, if this sounds interesting to you and you feel you can make a strong difference in engineering or research please have a look at our current openings below.", "website": "http://queueco.com", "industry": "Financial Services", "company_size": [11, 50], "company_size_on_linkedin": 11, "hq": {"country": "GB", "city": "London", "postal_code": null, "line_1": null, "is_hq": true, "state": "England"}, "company_type": "PRIVATELY_HELD", "founded_year": 2014, "specialities": ["Crypto", "Cryptocurrency", "Digital assets", "Proprietary trading", "Finance", "Blockchain", "DeFi", "HFT"], "locations": [{"country": "GB", "city": "London", "postal_code": null, "line_1": null, "is_hq": true, "state": "England"}], "name": "Queueco", "tagline": "Strategies and technology that work smarter and more efficiently", "universal_name_id": "queueco", "profile_pic_url": "https://s3.us-west-000.backblazeb2.com/proxycurl/company/queueco/profile?X-Amz-Algorithm=AWS4-HMAC-SHA256&X-Amz-Credential=0004d7f56a0400b0000000001%2F20241126%2Fus-west-000%2Fs3%2Faws4_request&X-Amz-Date=20241126T050835Z&X-Amz-Expires=3600&X-Amz-SignedHeaders=host&X-Amz-Signature=48aa635191c0dc0c7db40170614a93e621d15a160c13139305c96e8a18709152", "background_cover_image_url": "https://s3.us-west-000.backblazeb2.com/proxycurl/company/queueco/cover?X-Amz-Algorithm=AWS4-HMAC-SHA256&X-Amz-Credential=0004d7f56a0400b0000000001%2F20241126%2Fus-west-000%2Fs3%2Faws4_request&X-Amz-Date=20241126T050835Z&X-Amz-Expires=3600&X-Amz-SignedHeaders=host&X-Amz-Signature=8d6571c51cb8a51b1c2ad2646f233ce8a1f60d119ef318a89ff806b22ab5c12a", "search_id": "9324656", "similar_companies": [{"name": "XR Trading", "link": "https://www.linkedin.com/company/xr-trading", "industry": "Capital Markets", "location": "Chicago, IL"}, {"name": "Mako Trading", "link": "https://uk.linkedin.com/company/makotrading", "industry": "Financial Services", "location": "London, England"}, {"name": "Wintermute", "link": "https://uk.linkedin.com/company/wintermute-trading", "industry": "Financial Services", "location": "London, Greater London"}, {"name": "Ezra", "link": "https://www.linkedin.com/company/ezrainc", "industry": "Hospitals and Health Care", "location": "New York, NY"}, {"name": "Ribbon", "link": "https://ca.linkedin.com/company/ribboncareerai", "industry": "Software Development", "location": "Toronto, Ontario"}, {"name": "Semantic Evolution", "link": "https://uk.linkedin.com/company/semantic-evolution", "industry": "Financial Services", "location": "London, England"}, {"name": "Qube Research & Technologies", "link": "https://uk.linkedin.com/company/qube-rt", "industry": "Financial Services", "location": "London, England"}, {"name": "Maven Securities", "link": "https://uk.linkedin.com/company/maven-securities", "industry": "Financial Services", "location": "London, England"}, {"name": "XY Capital", "link": "https://hk.linkedin.com/company/xy-capital-group", "industry": "Capital Markets", "location": null}, {"name": "Schonfeld", "link": "https://www.linkedin.com/company/schonfeld-group", "industry": "Financial Services", "location": null}], "affiliated_companies": [], "updates": [{"article_link": null, "image": null, "posted_on": {"day": 20, "month": 10, "year": 2024}, "text": "We're #hiring Quantitative Developers HFT in London Area, United Kingdom. Apply today or share this post with your network.", "total_likes": 1}], "follower_count": 4468, "acquisitions": null, "exit_data": null, "extra": null, "funding_data": [], "categories": null, "customer_list": null}
