{"linkedin_internal_id": "81901458", "description": "At Ribbon, we've developed an AI-powered interviewer that works round-the-clock to screen and evaluate candidates, helping hiring teams quickly identify top talent. Our intelligent automation accelerates the hiring process, benefiting startups, staffing agencies, and large companies by saving recruitment teams valuable time and effort in their screening. \n\nRibbon reduces time-to-hire and improves candidate quality, allowing your team to focus on what truly matters\u2014making excellent hires. We handle the repetitive tasks, enabling you to make quicker, more informed decisions.\n\nOur mission is straightforward: help you find the right people, faster. Let Ribbon revolutionize your hiring process.", "website": "https://www.ribbon.ai", "industry": "Software Development", "company_size": [11, 50], "company_size_on_linkedin": 8, "hq": {"country": "CA", "city": "Toronto", "postal_code": null, "line_1": null, "is_hq": true, "state": "Ontario"}, "company_type": "PRIVATELY_HELD", "founded_year": 2022, "specialities": ["Software", "AI", "Artificial Intelligence", "Job Search Tools", "Recruitment", "AI Interview", "Talent Acquisition", "AI Recruiter", "Interview", "Screening"], "locations": [{"country": "CA", "city": "Toronto", "postal_code": null, "line_1": null, "is_hq": true, "state": "Ontario"}], "name": "Ribbon", "tagline": "Never miss a top candidate. Screen 24/7 with Ribbon's AI interviewer.", "universal_name_id": "ribboncareerai", "profile_pic_url": "https://s3.us-west-000.backblazeb2.com/proxycurl/company/ribboncareerai/profile?X-Amz-Algorithm=AWS4-HMAC-SHA256&X-Amz-Credential=0004d7f56a0400b0000000001%2F20241126%2Fus-west-000%2Fs3%2Faws4_request&X-Amz-Date=20241126T050833Z&X-Amz-Expires=3600&X-Amz-SignedHeaders=host&X-Amz-Signature=7086917a41fc40a69a193f0849cae739b6d6080740e5f2d2b33df01c64db6310", "background_cover_image_url": "https://s3.us-west-000.backblazeb2.com/proxycurl/company/ribboncareerai/cover?X-Amz-Algorithm=AWS4-HMAC-SHA256&X-Amz-Credential=0004d7f56a0400b0000000001%2F20241126%2Fus-west-000%2Fs3%2Faws4_request&X-Amz-Date=20241126T050833Z&X-Amz-Expires=3600&X-Amz-SignedHeaders=host&X-Amz-Signature=9c75131c07ed1a9a8ea90aa63fae3a6fa60a777e5cbcce18037823e342650e3a", "search_id": "81901458", "similar_companies": [{"name": "Ribbon Communications", "link": "https://www.linkedin.com/company/ribbon-communications/", "industry": "Telecommunications", "location": null}, {"name": "Ezra", "link": "https://www.linkedin.com/company/ezrainc/", "industry": "Hospitals and Health Care", "location": null}, {"name": "Ribbon Health", "link": "https://www.linkedin.com/company/ribbonhealth/", "industry": "Software Development", "location": null}, {"name": "Wondering", "link": "https://www.linkedin.com/company/wonderingcom/", "industry": "Software Development", "location": null}, {"name": "Luxolis", "link": "https://www.linkedin.com/company/luxolis-ai/", "industry": "Automation Machinery Manufacturing", "location": null}, {"name": "Local Logic", "link": "https://www.linkedin.com/company/locallogic/", "industry": "Software Development", "location": null}, {"name": "FinChat", "link": "https://www.linkedin.com/company/finchat-io/", "industry": "Information Services", "location": null}, {"name": "Purplefish", "link": "https://www.linkedin.com/company/purplefishai/", "industry": "Software Development", "location": null}, {"name": "Classet", "link": "https://www.linkedin.com/company/classet-trades/", "industry": "Software Development", "location": null}, {"name": "Layup", "link": "https://www.linkedin.com/company/layuplabs/", "industry": "Software Development", "location": null}, {"name": "Tengai", "link": "https://www.linkedin.com/company/tengai-ab/", "industry": "Human Resources Services", "location": null}, {"name": "Amazon", "link": "https://www.linkedin.com/company/amazon/", "industry": "Software Development", "location": null}, {"name": "Screenify", "link": "https://www.linkedin.com/company/screenifyai/", "industry": "Staffing and Recruiting", "location": null}, {"name": "Mindely (YC S24)", "link": "https://www.linkedin.com/company/mindelyai/", "industry": "Software Development", "location": null}, {"name": "HeyMilo AI", "link": "https://www.linkedin.com/company/heymilo/", "industry": "Staffing and Recruiting", "location": null}, {"name": "Alpharun", "link": "https://www.linkedin.com/company/alpharunhq/", "industry": "Software Development", "location": null}, {"name": "Symphony (YC F24)", "link": "https://www.linkedin.com/company/talk-to-symphony/", "industry": "Software Development", "location": null}, {"name": "Ribbon - Inheritance Platform", "link": "https://www.linkedin.com/company/trustribbon/", "industry": "Software Development", "location": null}, {"name": "ScoreAI", "link": "https://www.linkedin.com/company/scoreai/", "industry": "Technology, Information and Internet", "location": null}, {"name": "Queueco", "link": "https://www.linkedin.com/company/queueco/", "industry": "Financial Services", "location": null}], "affiliated_companies": [], "updates": [{"article_link": "https://www.linkedin.com/posts/ribboncareerai_hiring-activity-7247571351895437312-40Xw", "image": null, "posted_on": {"day": 20, "month": 10, "year": 2024}, "text": "We're #hiring a new Recruiter in Toronto, Ontario. Apply today or share this post with your network.", "total_likes": 3}, {"article_link": "https://www.linkedin.com/posts/arshamg_launch-day-today-were-launching-fully-activity-7246873608793292800-79Rz", "image": null, "posted_on": {"day": 20, "month": 10, "year": 2024}, "text": "Our design system looks surprisingly great in McDonalds colours \ud83d\udc40", "total_likes": 8}, {"article_link": "https://www.linkedin.com/posts/ribboncareerai_hiring-activity-7217508092538691584-hj0v", "image": null, "posted_on": {"day": 20, "month": 7, "year": 2024}, "text": "We're #hiring a new Sales Development Representative in Canada. Apply today or share this post with your network.", "total_likes": 12}, {"article_link": "https://www.linkedin.com/posts/ribboncareerai_combat-bias-let-candidates-interview-at-activity-7249067315701424128-1hIT", "image": null, "posted_on": {"day": 20, "month": 10, "year": 2024}, "text": "Combat bias, let candidates interview at their convenience, and avoid no-shows.\n\nThese are the three major reasons we're seeing companies adopt Ribbon in their recruitment process.\n\n1) AI interviewers can help combat bias during the interview process\n\n2) Ribbon's AI interviewer can interview candidates 24/7, meaning that interviews can take place at the most convenient time for the candidate\n\n3) Using an AI interviewer can reduce the impact of no-shows during the interview process, allowing recruiters to more efficiently manage their time", "total_likes": 5}, {"article_link": "https://www.linkedin.com/posts/ribboncareerai_combat-bias-let-candidates-interview-at-activity-7249067321195970560-aufm", "image": null, "posted_on": {"day": 20, "month": 10, "year": 2024}, "text": "Combat bias, let candidates interview at their convenience, and avoid no-shows.\n\nThese are the three major reasons we're seeing companies adopt Ribbon in their recruitment process.\n\n1) AI interviewers can help combat bias during the interview process\n\n2) Ribbon's AI interviewer can interview candidates 24/7, meaning that interviews can take place at the most convenient time for the candidate\n\n3) Using an AI interviewer can reduce the impact of no-shows during the interview process, allowing recruiters to more efficiently manage their time", "total_likes": 6}, {"article_link": "https://www.linkedin.com/posts/ribboncareerai_simplify-speed-up-your-recruitment-today-activity-7247062954397835264-0Tkp", "image": null, "posted_on": {"day": 20, "month": 10, "year": 2024}, "text": "SIMPLIFY & SPEED UP YOUR RECRUITMENT TODAY!\n\nIs hiring the right talent taking up too much time? Let us help you interview 24/7 with and identify top candidates effortlessly with AI.\n\nWhy Ribbon.ai?\n\ud83d\udde3\ufe0f Automated Interviews: Candidates can interview at their convenience 27/7\n\u23f3 Save Time: Our AI handles interviews at any stage of your funnel so you can spend more time with the best candidates\n\ud83c\udd93  Free, Unlimited Access: Start today and access our powerful AI tools\n\nWho we help:\nRecruitment and HR Leaders looking for smarter, faster hiring solutions.\n\nReady to transform your hiring process? Start your free trial and see what the buzz is about at ribbon.ai.", "total_likes": 40}], "follower_count": 9732, "acquisitions": null, "exit_data": null, "extra": null, "funding_data": [], "categories": null, "customer_list": null}
