{"linkedin_internal_id": "84770765", "description": "Robotic4Kids es una empresa de rob\u00f3tica extraescolar en Madrid, realizamos talleres de videojuegos, programaci\u00f3n y rob\u00f3tica. Junto con ajedrezblancoynegro.com realizamos un campamento de verano en Ciudad Universitaria.", "website": "http://robotic4kids.com", "industry": "Higher Education", "company_size": [51, 200], "company_size_on_linkedin": 7, "hq": {"country": "ES", "city": "Madrid", "postal_code": "28040", "line_1": "C. del Conde de la Cimera, 2", "is_hq": true, "state": null}, "company_type": "PRIVATELY_HELD", "founded_year": 2015, "specialities": ["programaci\u00f3n", "videojuegos", "campamento de verano", "rob\u00f3tica"], "locations": [{"country": "ES", "city": "Madrid", "postal_code": "28040", "line_1": "C. del Conde de la Cimera, 2", "is_hq": true, "state": null}], "name": "Robotic4Kids", "tagline": "vamos a aprender jugando", "universal_name_id": "robotic4kids", "profile_pic_url": "https://s3.us-west-000.backblazeb2.com/proxycurl/company/robotic4kids/profile?X-Amz-Algorithm=AWS4-HMAC-SHA256&X-Amz-Credential=0004d7f56a0400b0000000001%2F20241126%2Fus-west-000%2Fs3%2Faws4_request&X-Amz-Date=20241126T054236Z&X-Amz-Expires=3600&X-Amz-SignedHeaders=host&X-Amz-Signature=70cb2ad93027183e7a3c1de3a70274e71a0f309d6775d64a08a95645290892d2", "background_cover_image_url": null, "search_id": "84770765", "similar_companies": [{"name": "ajedrez blanco y negro", "link": "https://www.linkedin.com/company/ajedrez-blanco-y-negro/", "industry": "Sports Teams and Clubs", "location": null}, {"name": "Thales Alenia Space", "link": "https://www.linkedin.com/company/thales-alenia-space/", "industry": "Aviation and Aerospace Component Manufacturing", "location": null}, {"name": "GTP", "link": "https://www.linkedin.com/company/global-talent-pool-gtp/", "industry": "Professional Training and Coaching", "location": null}, {"name": "Go Get Noticed", "link": "https://www.linkedin.com/company/gogetnoticed/", "industry": "Marketing Services", "location": null}, {"name": "T.E.A.C.H., Transforming Education through AI Connections and Humanity", "link": "https://www.linkedin.com/company/transformeducationai/", "industry": "IT Services and IT Consulting", "location": null}, {"name": "Techbytes Africa", "link": "https://www.linkedin.com/company/techbytesafrica/", "industry": "Technology, Information and Media", "location": null}, {"name": "Diary of a Muslim Entrepreneur", "link": "https://www.linkedin.com/company/diary-of-a-muslim-entrepreneur/", "industry": "Media Production", "location": null}, {"name": "Writenow Agency (PTY) LTD", "link": "https://www.linkedin.com/company/writenowagency/", "industry": "Business Consulting and Services", "location": null}, {"name": "Eliga Consultancy Services Limited", "link": "https://www.linkedin.com/company/eliga-consultancy-services-limited/", "industry": "Business Consulting and Services", "location": null}, {"name": "Hypecode", "link": "https://www.linkedin.com/company/hypecode-technology/", "industry": "Technology, Information and Internet", "location": null}, {"name": "Software Brio", "link": "https://www.linkedin.com/company/software-brio/", "industry": "Software Development", "location": null}, {"name": "EffiBuild", "link": "https://www.linkedin.com/company/effibuild/", "industry": "Construction", "location": null}, {"name": "Being Finance Guy", "link": "https://www.linkedin.com/company/beingfinanceguy/", "industry": "Business Consulting and Services", "location": null}, {"name": "Digital REV", "link": "https://www.linkedin.com/company/digitalrevair/", "industry": "Technology, Information and Internet", "location": null}, {"name": "Zukunftbureau Glarus - vo Glarner f\u00fcr Glarner", "link": "https://www.linkedin.com/company/zukunftbureau-glarus/", "industry": "Business Consulting and Services", "location": null}, {"name": "Taolaad Media Network", "link": "https://www.linkedin.com/company/taolaad-media-network-tmn/", "industry": "Media Production", "location": null}, {"name": "American Standard International School, Gulshan", "link": "https://www.linkedin.com/company/asisbd-gulshan/", "industry": "Primary and Secondary Education", "location": null}, {"name": "Bloggrand", "link": "https://www.linkedin.com/company/bloggrand/", "industry": "Marketing Services", "location": null}, {"name": "Tribe Spark Media", "link": "https://www.linkedin.com/company/tribe-spark-media/", "industry": "Marketing Services", "location": null}, {"name": "Spohr Group", "link": "https://www.linkedin.com/company/spohr-group/", "industry": "Operations Consulting", "location": null}], "affiliated_companies": [], "updates": [{"article_link": "https://www.linkedin.com/posts/adif_completada-la-excavaci%C3%B3n-del-t%C3%BAnel-ugcPost-7171526279618408448-YIU8", "image": null, "posted_on": {"day": 20, "month": 3, "year": 2024}, "text": "\ud83d\udea7\u00a0\ud83d\udc77\u200d\u2640\ufe0f \u00a1Completada la excavaci\u00f3n del t\u00fanel de Gaintxurizketa entre\n Astigarraga e Irun!\n\n\ud83c\udfd7\ufe0f Una innovadora m\u00e1quina TES (Tunneling Enlargement System) combina, por primera vez en Espa\u00f1a, la ampliaci\u00f3n de la secci\u00f3n de un t\u00fanel en v\u00eda \u00fanica con el mantenimiento de la circulaci\u00f3n de trenes.\n\n\u00a0\ud83d\ude86\u00a0Avanzamos en el tercer carril entre Astigarraga e Ir\u00fan (52,9 M\u20ac de inversi\u00f3n), que conectar\u00e1 con la LAV Vitoria/Gasteiz-Bilbao-Donostia/San Sebastian-frontera francesa, para tr\u00e1ficos de alta velocidad y convencional.\n\u00a0\nM\u00e1s detalles\u00a0\ud83d\udc49\ud83c\udffb\u00a0\ud83d\udd17\u00a0https://lc.cx/pJCglC", "total_likes": 1030}], "follower_count": 13, "acquisitions": null, "exit_data": null, "extra": null, "funding_data": [], "categories": null, "customer_list": null}
