{"linkedin_internal_id": "67874084", "description": "Sabanc\u0131 \u00dcniversitesi \u00f6\u011frencileri taraf\u0131ndan kurulmu\u015f olup y\u00fcr\u00fct\u00fclen tiyatro ve sahne sanatlar\u0131 kul\u00fcb\u00fcd\u00fcr. Her sene yeni eklenen arkada\u015flar\u0131m\u0131zla daha da b\u00fcy\u00fcyen ve geli\u015fen bir aileyiz.", "website": null, "industry": "Performing Arts", "company_size": [11, 50], "company_size_on_linkedin": 11, "hq": {"country": "TR", "city": "\u0130stanbul", "postal_code": null, "line_1": null, "is_hq": true, "state": null}, "company_type": "EDUCATIONAL", "founded_year": null, "specialities": [""], "locations": [{"country": "TR", "city": "\u0130stanbul", "postal_code": null, "line_1": null, "is_hq": true, "state": null}], "name": "Sabanc\u0131 \u00dcniversitesi Oyuncular\u0131", "tagline": "S\u0131cak, samimi, i\u00e7ten, evet.", "universal_name_id": "sabanc%C4%B1-%C3%BCniversitesi-oyuncular%C4%B1", "profile_pic_url": "https://s3.us-west-000.backblazeb2.com/proxycurl/company/sabanc%25C4%25B1-%25C3%25BCniversitesi-oyuncular%25C4%25B1/profile?X-Amz-Algorithm=AWS4-HMAC-SHA256&X-Amz-Credential=0004d7f56a0400b0000000001%2F20241126%2Fus-west-000%2Fs3%2Faws4_request&X-Amz-Date=20241126T050846Z&X-Amz-Expires=3600&X-Amz-SignedHeaders=host&X-Amz-Signature=27c74643e1042faf4eae508c3594a22f6e8a954325927f6cd555543f0e8c5bad", "background_cover_image_url": "https://s3.us-west-000.backblazeb2.com/proxycurl/company/sabanc%25C4%25B1-%25C3%25BCniversitesi-oyuncular%25C4%25B1/cover?X-Amz-Algorithm=AWS4-HMAC-SHA256&X-Amz-Credential=0004d7f56a0400b0000000001%2F20241126%2Fus-west-000%2Fs3%2Faws4_request&X-Amz-Date=20241126T050846Z&X-Amz-Expires=3600&X-Amz-SignedHeaders=host&X-Amz-Signature=25b27363c7fd462f26fc5fe58900e59250bf3415562b4216923ca3c979b8cf27", "search_id": "67874084", "similar_companies": [{"name": "Sabanc\u0131 University Student Clubs", "link": "https://www.linkedin.com/company/sabanc%C4%B1-%C3%BCniversitesi-%C3%B6%C4%9Frenci-kul%C3%BCpleri", "industry": "Education", "location": null}, {"name": "Sabanc\u0131 \u00dcniversitesi Ekonomi ve \u0130\u015fletme Kul\u00fcb\u00fc", "link": "https://tr.linkedin.com/company/sabanc%C4%B1-%C3%BCniversitesi-ekonomi-ve-i%CC%87%C5%9Fletme-kul%C3%BCb%C3%BC", "industry": "Think Tanks", "location": null}, {"name": "TEMSA", "link": "https://tr.linkedin.com/company/temsaofficial", "industry": "Motor Vehicle Manufacturing", "location": null}, {"name": "Oyuncular Sendikas\u0131", "link": "https://tr.linkedin.com/company/oyuncular-sendikas%C4%B1", "industry": "Political Organizations", "location": null}, {"name": "Sabanc\u0131 University Sport Activities", "link": "https://www.linkedin.com/company/sabanc%C4%B1-%C3%BCniversitesi-spor-etkinlikleri", "industry": "Education", "location": null}, {"name": "K. Mc Kenzie & Associates", "link": "https://tt.linkedin.com/company/kmkassoc", "industry": "Business Consulting and Services", "location": null}, {"name": "VitaminBox", "link": "https://tr.linkedin.com/company/vitamin-box", "industry": "Retail Health and Personal Care Products", "location": "\u0130stanbul, Be\u015fikta\u015f"}, {"name": "Beykent \u00dcniversitesi AR-GE ve \u0130novasyon Kul\u00fcb\u00fc", "link": "https://www.linkedin.com/company/beykent-%C3%BCniversitesi-ar-ge-ve-i%CC%87novasyon-kul%C3%BCb%C3%BC", "industry": "Non-profit Organization Management", "location": null}, {"name": "Tiyatro.co", "link": "https://tr.linkedin.com/company/tiyatroco", "industry": "Performing Arts", "location": "\u00c7ankaya, Ankara"}, {"name": "SURover", "link": "https://tr.linkedin.com/company/sabancirover", "industry": "Defense and Space Manufacturing", "location": null}], "affiliated_companies": [], "updates": [], "follower_count": 116, "acquisitions": null, "exit_data": null, "extra": null, "funding_data": [], "categories": null, "customer_list": null}
