{"linkedin_internal_id": "3139", "description": "Welcome to Scotiabank. We serve thousands of customers, families, and communities across the globe, helping them achieve success through advice, products, and services. Follow for news, insights, thought leadership and more.\n\nOur disclaimer: bit.ly/socialdisclaim", "website": "http://www.scotiabank.com", "industry": "Banking", "company_size": [10001, null], "company_size_on_linkedin": 92452, "hq": {"country": "CA", "city": "Toronto", "postal_code": "M5H", "line_1": "40 King St W", "is_hq": true, "state": "Ontario"}, "company_type": "PUBLIC_COMPANY", "founded_year": null, "specialities": ["Banking", "Wealth Management", "Investment Banking", "Technology"], "locations": [{"country": "CA", "city": "Toronto", "postal_code": "M5H", "line_1": "40 King St W", "is_hq": true, "state": "Ontario"}, {"country": "MX", "city": "Miguel Hidalgo", "postal_code": "11700", "line_1": "Bosque de Ciruelos 120", "is_hq": true, "state": "CDMX"}, {"country": "PE", "city": "San Isidro", "postal_code": "15047", "line_1": "Calle Dionisio Derteano 102", "is_hq": true, "state": "Lima"}], "name": "Scotiabank", "tagline": null, "universal_name_id": "scotiabank", "profile_pic_url": "https://s3.us-west-000.backblazeb2.com/proxycurl/company/scotiabank/profile?X-Amz-Algorithm=AWS4-HMAC-SHA256&X-Amz-Credential=0004d7f56a0400b0000000001%2F20241126%2Fus-west-000%2Fs3%2Faws4_request&X-Amz-Date=20241126T054149Z&X-Amz-Expires=3600&X-Amz-SignedHeaders=host&X-Amz-Signature=52d674685271336c9319386d8b2fb962816606f1ff646eb4c56545f278bbf48b", "background_cover_image_url": "https://s3.us-west-000.backblazeb2.com/proxycurl/company/scotiabank/cover?X-Amz-Algorithm=AWS4-HMAC-SHA256&X-Amz-Credential=0004d7f56a0400b0000000001%2F20241126%2Fus-west-000%2Fs3%2Faws4_request&X-Amz-Date=20241126T054149Z&X-Amz-Expires=3600&X-Amz-SignedHeaders=host&X-Amz-Signature=45786dd35ca8118587563e4ecc513f54cb298ecc3e63fa16fc813cc50e4106b5", "search_id": "3139", "similar_companies": [{"name": "RBC", "link": "https://www.linkedin.com/company/rbc/", "industry": "Banking", "location": null}, {"name": "TD", "link": "https://www.linkedin.com/company/td/", "industry": "Banking", "location": null}, {"name": "CIBC", "link": "https://www.linkedin.com/company/cibc/", "industry": "Banking", "location": null}, {"name": "BMO", "link": "https://www.linkedin.com/company/bank-of-montreal/", "industry": "Financial Services", "location": null}, {"name": "Interbank", "link": "https://www.linkedin.com/company/interbank/", "industry": "Banking", "location": null}, {"name": "Banco de Cr\u00e9dito BCP", "link": "https://www.linkedin.com/company/banco-de-credito-bcp/", "industry": "Banking", "location": null}, {"name": "BBVA en Per\u00fa", "link": "https://www.linkedin.com/company/bbva-peru/", "industry": "Banking", "location": null}, {"name": "Deloitte", "link": "https://www.linkedin.com/company/deloitte/", "industry": "Business Consulting and Services", "location": null}, {"name": "Scotiabank - Global Banking and Markets", "link": "https://www.linkedin.com/company/scotiabank-gbm/", "industry": "Banking", "location": null}, {"name": "BAC", "link": "https://www.linkedin.com/company/baccredomatic/", "industry": "Banking", "location": null}, {"name": "Citi", "link": "https://www.linkedin.com/company/citi/", "industry": "Financial Services", "location": null}, {"name": "Banco BHD", "link": "https://www.linkedin.com/company/bancobhd/", "industry": "Financial Services", "location": null}, {"name": "Amazon", "link": "https://www.linkedin.com/company/amazon/", "industry": "Software Development", "location": null}, {"name": "BanBif", "link": "https://www.linkedin.com/company/banbif/", "industry": "Banking", "location": null}, {"name": "BBVA", "link": "https://www.linkedin.com/company/bbva/", "industry": "Banking", "location": null}, {"name": "EY", "link": "https://www.linkedin.com/company/ernstandyoung/", "industry": "IT Services and IT Consulting", "location": null}, {"name": "HSBC", "link": "https://www.linkedin.com/company/hsbc/", "industry": "Financial Services", "location": null}, {"name": "Alicorp", "link": "https://www.linkedin.com/company/alicorpoficial/", "industry": "Food and Beverage Manufacturing", "location": null}, {"name": "Asociaci\u00f3n Popular de Ahorros y Pr\u00e9stamos", "link": "https://www.linkedin.com/company/asociaci-n-popular-de-ahorros-y-pr-stamos/", "industry": "Financial Services", "location": null}, {"name": "Scotia GBS Dominican Republic", "link": "https://www.linkedin.com/company/gbs-republicadominicana/", "industry": "Financial Services", "location": null}], "affiliated_companies": [{"name": "Cencosud Scotiabank", "link": "https://www.linkedin.com/company/cencosud-scotiabank/", "industry": "Banking", "location": null}, {"name": "Roynat Capital", "link": "https://www.linkedin.com/company/roynat-capital/", "industry": "Financial Services", "location": null}, {"name": "Scotia McLeod", "link": "https://www.linkedin.com/company/scotia-mcleod/", "industry": "Investment Management", "location": null}, {"name": "Scotia Wealth Management", "link": "https://www.linkedin.com/company/scotia-wealth-management/", "industry": "Financial Services", "location": null}, {"name": "Jarislowsky, Fraser Limited", "link": "https://www.linkedin.com/company/jarislowsky-fraser-limited/", "industry": "Financial Services", "location": null}, {"name": "Caja Cencosud Scotiabank", "link": "https://www.linkedin.com/company/caja-cencosud-scotiabank/", "industry": "Banking", "location": null}, {"name": "Colpatria Multibanca del Grupo Scotiabank", "link": "https://www.linkedin.com/company/colpatria/", "industry": "Financial Services", "location": null}, {"name": "Dynamic Funds", "link": "https://www.linkedin.com/company/dynamic-funds/", "industry": "Financial Services", "location": null}, {"name": "Scotiabank - Global Banking and Markets", "link": "https://www.linkedin.com/company/scotiabank-gbm/", "industry": "Banking", "location": null}, {"name": "Tangerine", "link": "https://www.linkedin.com/company/tangerine-bank/", "industry": "Banking", "location": null}, {"name": "ScotiaGBS Colombia del grupo Scotiabank", "link": "https://www.linkedin.com/company/corp-ssss/", "industry": "Financial Services", "location": null}, {"name": "Scotiabank Uruguay", "link": "https://www.linkedin.com/company/scotiabank-uruguay/", "industry": "Banking", "location": null}, {"name": "Scotiabank Colpatria", "link": "https://www.linkedin.com/company/scotiabankcolpatria/", "industry": "Banking", "location": null}, {"name": "MD Financial Management | Gestion financi\u00e8re MD", "link": "https://www.linkedin.com/company/mdfinancialmanagement-gestionfinancieremd/", "industry": "Financial Services", "location": null}], "updates": [{"article_link": "https://www.linkedin.com/posts/scotiabank_scotia-global-asset-management-is-pleased-activity-7260363754612142080-gKAE", "image": "https://media.licdn.com/dms/image/v2/D5610AQESGBLkk8VHQg/image-shrink_1280/image-shrink_1280/0/1731005599525?e=1732687200&v=beta&t=XSFDxDaR7mlCwHw4tHWirseRgip_7VdPAwnHkdGhDdU", "posted_on": {"day": 13, "month": 11, "year": 2024}, "text": "Scotia Global Asset Management is pleased to announce it has been recognized with 10 individual 2024 LSEG Lipper awards across 7 categories. These awards are granted to investment solutions \u201cthat have excelled in delivering consistently strong risk-adjusted performance relative to their peers. Learn more: http://ms.spr.ly/6049WwR5T", "total_likes": 96}, {"article_link": "https://www.linkedin.com/posts/scotiabank_gestion-mondiale-dactifs-scotia-est-fi%C3%A8re-activity-7260364394759413764-aTR-", "image": "https://media.licdn.com/dms/image/v2/D5610AQHIm4i-rkHVlw/image-shrink_1280/image-shrink_1280/0/1731005751981?e=1732687200&v=beta&t=_n8OZFbm0ZG0BtAcW2bls2-mCqapFUghCjNmaZWxUpo", "posted_on": {"day": 13, "month": 11, "year": 2024}, "text": "Gestion mondiale d\u2019actifs Scotia est fi\u00e8re d\u2019annoncer que dix de ses fonds ont \u00e9t\u00e9 r\u00e9compens\u00e9s dans sept cat\u00e9gories lors de la remise des prix LSEG Lipper Fund Awards 2024. Ces prix couronnent les solutions de placement qui se distinguent de leurs pairs par l\u2019excellence et la constance de leurs rendements ajust\u00e9s au risque. En savoir plus : http://ms.spr.ly/6043WwRlh", "total_likes": 32}, {"article_link": "https://www.linkedin.com/posts/scotiabank_remembrance-day-activity-7261754643926458368-xQF8", "image": null, "posted_on": {"day": 13, "month": 11, "year": 2024}, "text": "On November 11, we pause and remember the brave men and women who served and continue to serve their country. \n\nLest we forget.", "total_likes": 316}, {"article_link": "https://www.linkedin.com/posts/scotiabank_les-recherches-d%C3%A9montrent-que-les-canadiens-activity-7254516860400918528-u8hn", "image": "https://media.licdn.com/dms/image/v2/D4D10AQH3zXHKmgGPHg/image-shrink_1280/image-shrink_1280/0/1729611601326?e=1732687200&v=beta&t=k10m16IpyOntA9lxPG3kYsruGg4c4S_0XpY8ZGRTgKE", "posted_on": {"day": 23, "month": 10, "year": 2024}, "text": "Les recherches d\u00e9montrent que les Canadiens faisant affaire avec un conseiller depuis quatre \u00e0 six ans ont accumul\u00e9 1,8 fois plus d\u2019actifs que les autres. \u00c0 long terme, les avantages des conseils financiers s\u2019av\u00e8rent encore plus \u00e9loquents. En savoir plus : http://ms.spr.ly/6048WEoRp", "total_likes": 15}, {"article_link": "https://www.linkedin.com/posts/scotiabank_research-shows-that-canadians-working-with-activity-7254515996143575041-ezji", "image": "https://media.licdn.com/dms/image/v2/D4D10AQHaeEpXrQSfbg/image-shrink_1280/image-shrink_1280/0/1729611385388?e=1732687200&v=beta&t=QOu1W43zDxkTFQBMSnzMwLoSNMk_gCW3pb_Ruj5ItXU", "posted_on": {"day": 23, "month": 10, "year": 2024}, "text": "Research shows that Canadians working with an advisor for 4-to-6 years accumulate 1.8X more assets than non-advised investors. Over the longer term, the positive impact of financial advice is even greater. Learn more: http://ms.spr.ly/6046WEWAK", "total_likes": 38}, {"article_link": "https://www.linkedin.com/posts/scotiabank_estamosdelladopride-pride2024-activity-7209968694091788289-5x8I", "image": "https://media.licdn.com/dms/image/v2/D4E22AQHNQJvvCF5CcA/feedshare-shrink_2048_1536/feedshare-shrink_2048_1536/0/1718990488852?e=1735171200&v=beta&t=b2pRQv-macrpzgrDqkMLSPSuIVxJFgRrpc9r4BIFOnM", "posted_on": {"day": 20, "month": 7, "year": 2024}, "text": "Por segundo a\u00f1o Scotiabank M\u00e9xico fue invitado por la Bolsa Mexicana de Valores a participar en el timbrazo por la diversidad y visibilidad de la comunidad LGBTIAQ+ \ud83c\udff3\ufe0f\u200d\ud83c\udf08\ud83c\udff3\ufe0f\u200d\u26a7\ufe0f\n\nEste timbrazo se lleva a cabo desde el 2023, a\u00f1o en el que tambi\u00e9n fuimos invitados a participar. El evento refuerza nuestro compromiso como aliados, fomentando un entorno donde todas las personas se sientan valorados, respetados y libres.\n#EstamosDelLadoPride #Pride2024", "total_likes": 221}], "follower_count": 1256836, "acquisitions": null, "exit_data": null, "extra": null, "funding_data": [], "categories": null, "customer_list": null}
