{"linkedin_internal_id": "2271", "description": "At Starbucks, we like to say that we are not in the coffee business serving people, but in the people business serving coffee. Here, our employees - who we call partners \u2013 are the heart of the Starbucks experience, and being a partner means aspiring to become part of something bigger: inspiring positive change in the world and growing in your career and in your community. \u200b\n\nIt\u2019s an opportunity to be your personal best. \u200b Starbucks is an equal opportunity employer of all qualified individuals, including minorities, veterans and individuals with disabilities.\u200b\u200b\n\nIn everything we do, we are dedicated to Our Mission: With every cup, with every conversation, with every community \u2013 we nurture the limitless possibilities of human connection.\n\nJoin us. Inspire with every cup. Explore opportunities, benefits and more at Starbucks.com/careers ", "website": "http://www.starbucks.com/careers", "industry": "Retail", "company_size": [10001, null], "company_size_on_linkedin": 150907, "hq": {"country": "US", "city": "Seattle", "postal_code": "98134", "line_1": "2401 Utah Ave S", "is_hq": true, "state": "WA"}, "company_type": "PUBLIC_COMPANY", "founded_year": null, "specialities": ["Coffee", "Food", "Juice", "Tea", "Benefits", "Technology", "Retail", "Design"], "locations": [{"country": "US", "city": "Seattle", "postal_code": "98134", "line_1": "2401 Utah Ave S", "is_hq": true, "state": "WA"}, {"country": "CA", "city": "Toronto", "postal_code": "M2N 6L7", "line_1": "5140 Yonge Street", "is_hq": true, "state": "Ontario"}, {"country": "US", "city": "Hallandale Beach", "postal_code": "33009", "line_1": "1805 E Hallandale Beach Blvd", "is_hq": true, "state": "FL"}, {"country": "GB", "city": "London", "postal_code": "W4 5YE", "line_1": "566 Chiswick High Road", "is_hq": true, "state": "England"}], "name": "Starbucks", "tagline": null, "universal_name_id": "starbucks", "profile_pic_url": "https://s3.us-west-000.backblazeb2.com/proxycurl/company/starbucks/profile?X-Amz-Algorithm=AWS4-HMAC-SHA256&X-Amz-Credential=0004d7f56a0400b0000000001%2F20241126%2Fus-west-000%2Fs3%2Faws4_request&X-Amz-Date=20241126T055930Z&X-Amz-Expires=3600&X-Amz-SignedHeaders=host&X-Amz-Signature=195cd59d1501975554f8211959bb449727e14522cfa68758162f71f036bc08e7", "background_cover_image_url": "https://s3.us-west-000.backblazeb2.com/proxycurl/company/starbucks/cover?X-Amz-Algorithm=AWS4-HMAC-SHA256&X-Amz-Credential=0004d7f56a0400b0000000001%2F20241126%2Fus-west-000%2Fs3%2Faws4_request&X-Amz-Date=20241126T055930Z&X-Amz-Expires=3600&X-Amz-SignedHeaders=host&X-Amz-Signature=38b880c5bfc05831505afbf1e594d6283c782a9a8edf7588f5443ec0e190e356", "search_id": "2271", "similar_companies": [{"name": "McDonald's", "link": "https://www.linkedin.com/company/mcdonald%27s-corporation/", "industry": "Restaurants", "location": null}, {"name": "Burger King", "link": "https://www.linkedin.com/company/burger-king/", "industry": "Restaurants", "location": null}, {"name": "Target", "link": "https://www.linkedin.com/company/target/", "industry": "Retail", "location": null}, {"name": "Amazon", "link": "https://www.linkedin.com/company/amazon/", "industry": "Software Development", "location": null}, {"name": "Starbucks India", "link": "https://www.linkedin.com/company/starbucks-india/", "industry": "Retail", "location": null}, {"name": "Nike", "link": "https://www.linkedin.com/company/nike/", "industry": "Retail", "location": null}, {"name": "Google", "link": "https://www.linkedin.com/company/google/", "industry": "Software Development", "location": null}, {"name": "Nestl\u00e9", "link": "https://www.linkedin.com/company/nestle-s-a-/", "industry": "Food and Beverage Services", "location": null}, {"name": "Netflix", "link": "https://www.linkedin.com/company/netflix/", "industry": "Entertainment Providers", "location": null}, {"name": "Walmart", "link": "https://www.linkedin.com/company/walmart/", "industry": "Retail", "location": null}, {"name": "Microsoft", "link": "https://www.linkedin.com/company/microsoft/", "industry": "Software Development", "location": null}, {"name": "Starbucks Coffee Argentina", "link": "https://www.linkedin.com/company/starbucks-coffee-argentina/", "industry": "Food & Beverages", "location": null}, {"name": "Chipotle Mexican Grill", "link": "https://www.linkedin.com/company/chipotle-mexican-grill/", "industry": "Restaurants", "location": null}, {"name": "Domino's", "link": "https://www.linkedin.com/company/domino%27s-pizza/", "industry": "Restaurants", "location": null}, {"name": "Apple", "link": "https://www.linkedin.com/company/apple/", "industry": "Computers and Electronics Manufacturing", "location": null}, {"name": "Costco Wholesale", "link": "https://www.linkedin.com/company/costco-wholesale/", "industry": "Retail", "location": null}, {"name": "PepsiCo", "link": "https://www.linkedin.com/company/pepsico/", "industry": "Food and Beverage Services", "location": null}, {"name": "Costa Coffee", "link": "https://www.linkedin.com/company/costa-coffee/", "industry": "Retail", "location": null}, {"name": "lululemon", "link": "https://www.linkedin.com/company/lululemon/", "industry": "Retail", "location": null}, {"name": "Dunkin'\u200b", "link": "https://www.linkedin.com/company/dunkin%27%E2%80%8B/", "industry": "Food and Beverage Services", "location": null}], "affiliated_companies": [{"name": "Starbucks India", "link": "https://www.linkedin.com/company/starbucks-india/", "industry": "Retail", "location": null}, {"name": "Starbucks Singapore", "link": "https://www.linkedin.com/company/starbucks-singapore/", "industry": "Food & Beverages", "location": null}, {"name": "PT. Sari Coffee Indonesia (Starbucks Indonesia)", "link": "https://www.linkedin.com/company/pt--sari-coffee-indonesia/", "industry": "Food and Beverage Services", "location": null}, {"name": "Starbucks Alumni Community", "link": "https://www.linkedin.com/showcase/starbucks-alumni-community/", "industry": "Civic and Social Organizations", "location": null}, {"name": "Starbucks Manufacturing EMEA B.V.", "link": "https://www.linkedin.com/company/starbuck-amsterdam-roasting-plant/", "industry": "Food and Beverage Manufacturing", "location": null}, {"name": "Starbucks Coffee Argentina", "link": "https://www.linkedin.com/company/starbucks-coffee-argentina/", "industry": "Food & Beverages", "location": null}, {"name": "Starbucks Philippines", "link": "https://www.linkedin.com/company/rustan-coffee-corporation-starbucks-coffee-philippines/", "industry": "Food and Beverage Services", "location": null}, {"name": "Starbucks Australia", "link": "https://www.linkedin.com/company/starbucks-australia/", "industry": "Food and Beverage Services", "location": null}, {"name": "Starbucks Vietnam", "link": "https://www.linkedin.com/company/starbucks-vietnam/", "industry": "Retail", "location": null}, {"name": "Starbucks Korea", "link": "https://www.linkedin.com/company/starbucks-korea/", "industry": "Food and Beverage Services", "location": null}, {"name": "Starbucks EMEA", "link": "https://www.linkedin.com/company/starbucks-emea/", "industry": "Retail", "location": null}, {"name": "Starbucks Coffee Hong Kong", "link": "https://www.linkedin.com/company/starbucks-coffee-hong-kong/", "industry": "Retail", "location": null}, {"name": "Teavana", "link": "https://www.linkedin.com/company/teavana/", "industry": "Retail", "location": null}, {"name": "Starbucks Cambodia/Laos", "link": "https://www.linkedin.com/company/starbuckscambodia/", "industry": "Food and Beverage Retail", "location": null}, {"name": "Starbucks Mexico", "link": "https://www.linkedin.com/company/starbucks-coffee-mexico/", "industry": "Consumer Services", "location": null}, {"name": "Starbucks Coffee Chile", "link": "https://www.linkedin.com/company/starbucks-coffe-chile/", "industry": "Restaurants", "location": null}, {"name": "Starbucks Asia Pacific", "link": "https://www.linkedin.com/company/starbucks-asia-pacific/", "industry": "Retail", "location": null}, {"name": "Starbucks China", "link": "https://www.linkedin.com/company/starbucks-china/", "industry": "Retail", "location": null}, {"name": "Starbucks Coffee Malaysia", "link": "https://www.linkedin.com/company/starbucksmalaysia/", "industry": "Retail", "location": null}, {"name": "Hacienda Alsacia Starbucks Coffee Farm", "link": "https://www.linkedin.com/company/hacienda-alsacia/", "industry": "Farming", "location": null}], "updates": [{"article_link": "https://www.linkedin.com/posts/starbucks_since-2016-starbucks-has-donated-more-than-activity-7264684692384169984-pMyS", "image": "https://media.licdn.com/dms/image/v2/D5622AQGmf08l9hYjEw/feedshare-shrink_2048_1536/feedshare-shrink_2048_1536/0/1732035801287?e=1735171200&v=beta&t=ADMWlWd13a8dMmfUeAl0cZEXm8tMR4ZJDLWd1rzz1eA", "posted_on": {"day": 19, "month": 11, "year": 2024}, "text": "Since 2016, Starbucks has donated more than 63 million meals through the employee-created Starbucks FoodShare program by making sure unsold food in our stores is donated and delivered to regional food banks and local food pantries.\u00a0\n\u00a0\nAs part of our FoodShare model, we work alongside local nonprofits to ensure our donated food reaches communities most in need. Through these partnerships, Starbucks provides additional FoodShare Capacity Building Grants to local hunger relief organizations to support food distribution efforts.\u00a0This year, we have invested an additional $4M in grants to nearly 300 food rescue organizations across the nation.\u00a0\n\u00a0\nLearn more here: https://lnkd.in/gPQzFGpf", "total_likes": 117}, {"article_link": "https://www.linkedin.com/posts/starbucks_tobeapartner-activity-7263302862393225216-bD0H", "image": "https://media.licdn.com/dms/image/v2/D5622AQEQhHASMIWrgw/feedshare-shrink_2048_1536/feedshare-shrink_2048_1536/0/1731706346611?e=1735171200&v=beta&t=-_RKJ9Z1myWUWTuR9RLYGTEz2m5Jy7SgA-F6KaGslP0", "posted_on": {"day": 16, "month": 11, "year": 2024}, "text": "We're celebrating a successful Reusable Red Cup\u00a0Giveaway Day, a significant milestone in our journey to getting back to Starbucks. We\u2019re proud that, at participating Starbucks coffeehouses across the U.S. and Canada, our customers were able to\u00a0gather, enjoy a taste of festive cheer handcrafted by our skilled baristas, and receive a dazzling limited edition reusable red cup made with 95% recycled materials \u2014\u00a0perfect for the season. \n\nSpecial thanks to our partners (employees) for delivering high quality, community coffeehouse experiences to our customers. We\u2019re excited to continue nurturing the limitless possibilities of human connection and celebrating coffee, which is at the heart of everything we do. \u2764\n\n#ToBeAPartner", "total_likes": 574}, {"article_link": "https://www.linkedin.com/posts/starbucks_lacbaristachampionship-tobeapartner-activity-7263219439775461376-QE4a", "image": "https://media.licdn.com/dms/image/v2/D5622AQGw_1SC7whFfQ/feedshare-shrink_2048_1536/feedshare-shrink_2048_1536/0/1731686456994?e=1735171200&v=beta&t=2mCAjqwSTSps48PeaZtP3yGaYqpXwd8jUA30SL8jqQk", "posted_on": {"day": 15, "month": 11, "year": 2024}, "text": "This week, amidst the lush coffee fields of Hacienda Alsacia Starbucks Coffee Farm, we crowned Luis from Puerto Rico as our 2024 Starbucks Latin America & Caribbean Barista Champion. This ninth edition of our LAC Barista Championship is a tribute to our baristas\u2019 coffee passion and craft, celebrating the unique traditions and spirit they bring from across the region. \u2615\ud83d\udc9a\ud83c\udfc6\ud83c\udf0e \n\nCheers to coffee and the heartbeat of Starbucks\u2014our partners! Learn more here:\nhttps://lnkd.in/gj9CeMke\n\n#LACBaristaChampionship #ToBeAPartner", "total_likes": 587}, {"article_link": "https://www.linkedin.com/posts/starbucks_making-spirits-bright-in-our-communities-activity-7262481273485471745-Sa5o", "image": "https://media.licdn.com/dms/image/v2/D5622AQGZABQy7zBLfg/feedshare-shrink_2048_1536/feedshare-shrink_2048_1536/0/1731510465566?e=1735171200&v=beta&t=iS7ooNQKDyQoWxwQQwXy4E5h5iqwcN0vPo8Rc1wnSgM", "posted_on": {"day": 13, "month": 11, "year": 2024}, "text": "Making spirits bright in our communities all year long. \u2728\n\nWe believe we\u2019re merrier together. Explore open roles here: https://lnkd.in/gMFVFvys", "total_likes": 610}, {"article_link": "https://www.linkedin.com/posts/starbucks_eggnog-has-entered-the-chat-introducing-activity-7262142201026011140-GqWZ", "image": "https://media.licdn.com/dms/image/v2/D5622AQENFNg_dNtYtg/feedshare-shrink_2048_1536/feedshare-shrink_2048_1536/0/1731429623474?e=1735171200&v=beta&t=7sKeitNQghtYxnCxHo0djSLhZ3GN5AMLB2RV1CL-O2o", "posted_on": {"day": 12, "month": 11, "year": 2024}, "text": "Eggnog has entered the chat.\u2728 Introducing the new Starbucks Reserve Iced Caramel Brul\u00e9e Eggnog Latte, Eggnog Espresso Martini, Fog Nog Tea Latte, and Coffee Eggnog Cookie. Enjoy returning holiday favorites like the Peppermint Mocha Latte, Peppermint Mocha Espresso Martini, and more\u2014only at U.S. Starbucks Reserve locations in Seattle, Chicago, and New York City.\n\nLearn more here: https://lnkd.in/gnDdCCTr", "total_likes": 1022}, {"article_link": "https://www.linkedin.com/posts/starbucks_at-starbucks-we-believe-veterans-and-military-activity-7261766738319454208-coh0", "image": "https://media.licdn.com/dms/image/v2/D5622AQGp3D48UWcIxQ/feedshare-shrink_2048_1536/feedshare-shrink_2048_1536/0/1731340106397?e=1735171200&v=beta&t=YRKHU5qGJTI1B4-gqzxQTLE5OEaovrJa9NNHgRzaoos", "posted_on": {"day": 12, "month": 11, "year": 2024}, "text": "At Starbucks, we believe Veterans and military spouses make our company better and our communities stronger. Partners (employees) who are Veterans can extend the Starbucks College Achievement Plan (SCAP) benefit to a qualifying family member of their choice such as their spouse, domestic partner or child.\u00a0\ud83d\udc9a\ud83c\udf93 \n\n\"The SCAP +1 benefit means so much to us - it\u2019s going to help further my husband's career and aspirations, and open up doors for him and our family. He\u2019s majoring in business and will graduate next year!\u201d - Patricia D., store manager, two-year partner and 21-year Navy veteran.\u00a0 \n\nEligible U.S. partners can earn a first-time bachelor\u2019s degree with 100% upfront tuition coverage through Arizona State University's top-ranked online degree programs. Choose from 150+ diverse undergraduate degree programs online and have our support every step of the way. Learn more here: https://lnkd.in/gQJ3waaY", "total_likes": 490}], "follower_count": 2822198, "acquisitions": null, "exit_data": null, "extra": null, "funding_data": [], "categories": null, "customer_list": null}
