{"linkedin_internal_id": "13749670", "description": "We develop, produce and sells highest quality seeds. We engage in plant breeding research offering innovative products of several field & vegetable crops for better productivity and adaptability with pest and disease resistance. We focus our research on versatile germplasm for developing new hybrid seeds.", "website": "http://www.suncrop.in", "industry": "Farming", "company_size": [51, 200], "company_size_on_linkedin": 11, "hq": {"country": "IN", "city": "Hyderabad", "postal_code": "500055", "line_1": "SHR Apex,Ganga Enclave, Petbasheerabad, Quthbullapur (M) G-3", "is_hq": true, "state": "Telangana"}, "company_type": "PRIVATELY_HELD", "founded_year": 2009, "specialities": [""], "locations": [{"country": "IN", "city": "Hyderabad", "postal_code": "500055", "line_1": "SHR Apex,Ganga Enclave, Petbasheerabad, Quthbullapur (M) G-3", "is_hq": true, "state": "Telangana"}], "name": "Sun Crop Sciences Private Limited", "tagline": null, "universal_name_id": "sun-crop-sciences-private-limited", "profile_pic_url": "https://s3.us-west-000.backblazeb2.com/proxycurl/company/sun-crop-sciences-private-limited/profile?X-Amz-Algorithm=AWS4-HMAC-SHA256&X-Amz-Credential=0004d7f56a0400b0000000001%2F20241126%2Fus-west-000%2Fs3%2Faws4_request&X-Amz-Date=20241126T055828Z&X-Amz-Expires=3600&X-Amz-SignedHeaders=host&X-Amz-Signature=fd919bf097d7b3dc681c58394299631e5608f0c0a2f098206a799784ffa87d49", "background_cover_image_url": "https://s3.us-west-000.backblazeb2.com/proxycurl/company/sun-crop-sciences-private-limited/cover?X-Amz-Algorithm=AWS4-HMAC-SHA256&X-Amz-Credential=0004d7f56a0400b0000000001%2F20241126%2Fus-west-000%2Fs3%2Faws4_request&X-Amz-Date=20241126T055829Z&X-Amz-Expires=3600&X-Amz-SignedHeaders=host&X-Amz-Signature=a5e2b76cc4e976bf296d8335e5475c55120881fc37ba5ddb1dcca31bb72263d2", "search_id": "13749670", "similar_companies": [{"name": "New Sun Crop Science", "link": "https://cn.linkedin.com/company/newsunbio", "industry": "Agricultural Chemical Manufacturing", "location": "Chengdu, Sichuan"}, {"name": "Rainbow Agro", "link": "https://cn.linkedin.com/company/rainbowagro", "industry": "Farming", "location": "Jinan, Shandong"}, {"name": "Nacro Biotech", "link": "https://in.linkedin.com/company/nacro-biotech", "industry": "Biotechnology Research", "location": "Hyderabad, Telangana, India"}, {"name": "Sino-Agri", "link": "https://sg.linkedin.com/company/sino-agri", "industry": "Agriculture, Construction, Mining Machinery Manufacturing", "location": "Singapore, Singapore"}, {"name": "Shriram Bioseed Genetics (A Division of DCM Shriram Ltd)", "link": "https://in.linkedin.com/company/shriram-bioseed-genetics-a-division-of-dcm-shriram-ltd", "industry": "Farming", "location": "Hyderabad, Telangana"}, {"name": "HEXAGON AGRO", "link": "https://es.linkedin.com/company/hexagon-agro-s-l", "industry": "Farming", "location": null}, {"name": "Inventive Seeds Pvt. Ltd.", "link": "https://in.linkedin.com/company/ispseeds", "industry": "Farming", "location": "Bengaluru North, Karnataka"}, {"name": "GlobalShala", "link": "https://in.linkedin.com/company/globalshala", "industry": "Education Administration Programs", "location": null}, {"name": "ACSEN Agriscience", "link": "https://in.linkedin.com/company/acsenagriscience", "industry": "Biotechnology Research", "location": "Coimbatore, Tamil Nadu"}, {"name": "JU Agri Sciences Pvt. Ltd.", "link": "https://in.linkedin.com/company/ju-agri-sciences-pvt-ltd", "industry": "Agricultural Chemical Manufacturing", "location": "Noida, Gautam Buddha Nagar, Uttar Pradesh"}], "affiliated_companies": [], "updates": [], "follower_count": 243, "acquisitions": null, "exit_data": null, "extra": null, "funding_data": [], "categories": null, "customer_list": null}
