{"linkedin_internal_id": "11703701", "description": "Sabanc\u0131 University Nanotechnology Research and Application Center\n\nPlease use following email address for your applications.\n\nsunum@sabanciuniv.edu", "website": "http://sunum.sabanciuniv.edu/", "industry": "Research Services", "company_size": [51, 200], "company_size_on_linkedin": 147, "hq": {"country": "TR", "city": "Orta", "postal_code": "34956", "line_1": "Sabanci \u00dcniversitesi", "is_hq": true, "state": "\u0130stanbul"}, "company_type": "GOVERNMENT_AGENCY", "founded_year": null, "specialities": ["NANOTECHNOLOGY", "ENERGY", "LIFE SCIENCE", "BIOTECHNOLOGY", "FUEL CELL TECHNOLOGIES", "DIAGNOSIS & TREATMENT", "NOVEL NANOMATERIAL DESIGN", "SENSORS & DETECTORS", "WATER TREATMENT", "ARTIFICIAL TISSUE & ORGANS", "3D & ADDITIVE MANUFACTURING", "DEVICE SYSTEMS & TECHNOLOGY", "COMPUTATIONAL MODELLING", "MICRO & NANO FABRICATION", "TISSUE & ORGAN ENGINEERING", "ENERGY STORAGE", "DECARBONIZATION", "ELECTRO & OPTICAL DEVICE"], "locations": [{"country": "TR", "city": "Orta", "postal_code": "34956", "line_1": "Sabanci \u00dcniversitesi", "is_hq": true, "state": "\u0130stanbul"}], "name": "Sabanc\u0131 University Nanotechnology Research & Application Center", "tagline": "@sunumsabanci", "universal_name_id": "sunumsabanci", "profile_pic_url": "https://s3.us-west-000.backblazeb2.com/proxycurl/company/sunumsabanci/profile?X-Amz-Algorithm=AWS4-HMAC-SHA256&X-Amz-Credential=0004d7f56a0400b0000000001%2F20241126%2Fus-west-000%2Fs3%2Faws4_request&X-Amz-Date=20241126T050843Z&X-Amz-Expires=3600&X-Amz-SignedHeaders=host&X-Amz-Signature=48e3ca89e54f1a33479f4997d89260ad2914c29c7dc3983e2c9fccc69cc3e61a", "background_cover_image_url": "https://s3.us-west-000.backblazeb2.com/proxycurl/company/sunumsabanci/cover?X-Amz-Algorithm=AWS4-HMAC-SHA256&X-Amz-Credential=0004d7f56a0400b0000000001%2F20241126%2Fus-west-000%2Fs3%2Faws4_request&X-Amz-Date=20241126T050843Z&X-Amz-Expires=3600&X-Amz-SignedHeaders=host&X-Amz-Signature=1027966978124eb0d03918cf8e8a9603ea9768f6e66570457d217e25056d7d1f", "search_id": "11703701", "similar_companies": [{"name": "UNAM Institute of Materials Science and Nanotechnology", "link": "https://www.linkedin.com/company/bilkentunam/", "industry": "Nanotechnology Research", "location": null}, {"name": "Sabanc\u0131 University IMC - Integrated Manufacturing Technologies Research and Application Center", "link": "https://www.linkedin.com/company/su-imc/", "industry": "Research", "location": null}, {"name": "NANOTAM - Bilkent University Nanotechnology Research Center", "link": "https://www.linkedin.com/company/nanotam/", "industry": "Research", "location": null}, {"name": "IZMIR BIOMEDICINE AND GENOME CENTER (IBG)", "link": "https://www.linkedin.com/company/izmir-biomedicine-and-genome-center-ibg/", "industry": "Research Services", "location": null}, {"name": "NBUAM - Center for Nanotechnology & Biomaterials  Research", "link": "https://www.linkedin.com/company/nbuam-center-for-nanotechnology-biomaterials-research/", "industry": "Biotechnology Research", "location": null}, {"name": "KUTTAM", "link": "https://www.linkedin.com/company/kuttam/", "industry": "Medical Device", "location": null}, {"name": "T\u00dcB\u0130TAK MARMARA ARA\u015eTIRMA MERKEZ\u0130", "link": "https://www.linkedin.com/company/tubitak-marmara-arastirma-merkezi/", "industry": "Research", "location": null}, {"name": "Genoks Genetik Hastal\u0131klar De\u011ferlendirme Merkezi", "link": "https://www.linkedin.com/company/genoks-genetic-center/", "industry": "Medical Practices", "location": null}, {"name": "T\u00dcB\u0130TAK", "link": "https://www.linkedin.com/company/tubitak/", "industry": "Research Services", "location": null}, {"name": "Genetiks Genetik Hastal\u0131klar De\u011ferlendirme Merkezi", "link": "https://www.linkedin.com/company/genetiksglobal/", "industry": "Biotechnology", "location": null}, {"name": "INTERGEN Genetics and Rare Diseases Diagnosis Research & Application Center", "link": "https://www.linkedin.com/company/intergengenetic/", "industry": "Medical Practices", "location": null}, {"name": "Abdi Ibrahim Pharmaceuticals", "link": "https://www.linkedin.com/company/abdi-ibrahim-pharmaceuticals/", "industry": "Pharmaceutical Manufacturing", "location": null}, {"name": "Vision Biotechnology ", "link": "https://www.linkedin.com/company/visionbiotechnolgy/", "industry": "Biotechnology Research", "location": null}, {"name": "Aselsan", "link": "https://www.linkedin.com/company/aselsan/", "industry": "Defense and Space Manufacturing", "location": null}, {"name": "Gensenta \u0130la\u00e7", "link": "https://www.linkedin.com/company/gensentailac/", "industry": "Pharmaceutical Manufacturing", "location": null}, {"name": "AB MikroNano", "link": "https://www.linkedin.com/company/ab-mikronano/", "industry": "Nanotechnology Research", "location": null}, {"name": "Gen Plaza Biyoteknoloji Merkezi", "link": "https://www.linkedin.com/company/genplazabiyoteknolojimerkezi/", "industry": "Biotechnology Research", "location": null}, {"name": "MBG T\u00fcrkiye (Molek\u00fcler Biyoloji ve Genetik T\u00fcrkiye)", "link": "https://www.linkedin.com/company/mbgturkiye/", "industry": "Non-profit Organization Management", "location": null}, {"name": "ODT\u00dc MEMS Merkezi", "link": "https://www.linkedin.com/company/odtu-mems-merkezi/", "industry": "Research Services", "location": null}, {"name": "Gen Era Diagnostics", "link": "https://www.linkedin.com/company/generadiagnostik/", "industry": "Medical Equipment Manufacturing", "location": null}], "affiliated_companies": [], "updates": [{"article_link": "https://www.linkedin.com/posts/sunumsabanci_sunumda-lise-%C3%B6%C4%9Frencileri-i%C3%A7in-nanoteknoloji-activity-7262455807718346752-BQqm", "image": "https://media.licdn.com/dms/image/v2/D4D22AQHNa9GiQODXcw/feedshare-shrink_2048_1536/feedshare-shrink_2048_1536/0/1731504392496?e=1734566400&v=beta&t=MWHH5mdzwmn6aDGzJOfV2UH5LZzrk9bckndH_ChRw6M", "posted_on": {"day": 14, "month": 11, "year": 2024}, "text": "SUNUM'da Lise \u00d6\u011frencileri i\u00e7in Nanoteknoloji K\u0131\u015f Okulu Ba\u015fl\u0131yor!\n\nSUNUM 20 -31 Ocak 2025 tarihlerinde lise \u00f6\u011frencileri i\u00e7in Nanoteknoloji K\u0131\u015f Okulu d\u00fczenliyor. \u00c7evrimi\u00e7i yap\u0131lacak olan dersler birer haftal\u0131k, iki farkl\u0131 programdan olu\u015fuyor.\n\nDersler, nanoteknoloji alan\u0131nda ulusal ve uluslararas\u0131 \u00f6nc\u00fc \u00e7al\u0131\u015fmalar y\u00fcr\u00fcten SUNUM ara\u015ft\u0131rmac\u0131lar\u0131 ve teknik uzmanlar\u0131 taraf\u0131ndan verilecek. SUNUM Nanoteknoloji K\u0131\u015f Okulu'na kat\u0131lacak lise \u00f6\u011frencileri nanoteknolojinin g\u00fcndelik hayattaki \u015fa\u015f\u0131rt\u0131c\u0131 izlerinden fizyolojik ve zihinsel sa\u011fl\u0131\u011f\u0131 izlemek i\u00e7in kullan\u0131labilecek ak\u0131ll\u0131 d\u00f6vmeler ve cihazlara uzanan bir\u00e7ok farkl\u0131 konuda bilgi sahibi olacak.\n\n20-24 Ocak 2025 tarihleri aras\u0131nda ger\u00e7ekle\u015fecek ilk program Nanoteknolojiye Giri\u015f konular\u0131n\u0131, 27-31 Ocak 2025 tarihleri aras\u0131nda ger\u00e7ekle\u015fecek ikinci program ise \u0130leri Nanoteknoloji Uygulamalar\u0131n\u0131 i\u00e7erecek.\n\nSon ba\u015fvuru tarihi:\n\n15 Ocak 2025\n\nAyr\u0131nt\u0131l\u0131 bilgi i\u00e7in:\n\nhttps://lnkd.in/dzYaFBiU\n\n***\n\nNanotechnology Winter School for High School Students\u00a0begins at SUNUM!\n\nSUNUM organizes its Nanotechnology Winter School for high school students between January 20 - 31, 2025. The online courses consist of two different programs, each lasting for one week.\n\nThe courses will be delivered by SUNUM researchers and technical experts who conduct leading national and international studies in the field of nanotechnology. High school students who will attend SUNUM Nanotechnology Winter School will learn about many different subjects, from the surprising traces of nanotechnology in everyday life to smart tattoos and devices for health monitoring.\n\nThe first program, which will take place from January 20 to January 24, will include Introduction to Nanotechnology subjects, and the second program, which will take place between January 27 and January 31, will include Advanced Nanotechnology Applications.\n\nSUNUM Nanotechnology Winter School dates:\n\nJanuary 20 - 31, 2025\n\nFor detailed information:\n\nhttps://lnkd.in/daKzvJ6u", "total_likes": 23}, {"article_link": "https://www.linkedin.com/posts/sunumsabanci_yay%C4%B1n-haberi-sunum-ara%C5%9Ft%C4%B1rmac%C4%B1lar%C4%B1ndan-dr-activity-7261795246458425345-Hb2m", "image": "https://media.licdn.com/dms/image/v2/D4D22AQHMhDE4z3_Mhw/feedshare-shrink_2048_1536/feedshare-shrink_2048_1536/0/1731346903094?e=1734566400&v=beta&t=KT21aXZ2uCaFHKs_7W_s3ddRKCaJLH_c5YOLfFWCCVs", "posted_on": {"day": 12, "month": 11, "year": 2024}, "text": "Yay\u0131n Haberi\n\nSUNUM ara\u015ft\u0131rmac\u0131lar\u0131ndan Dr. Syed Farhan Hasany, DR. TANVEER ALAM  ve Dr. Koray B. D\u00d6NMEZ'in \u2018\u2019Advancement in High Energy Density Materials for Energy Storage Systems\u2019\u2019 ba\u015ftap b\u00f6l\u00fcm\u00fc, \u2018\u2019Materials for Boosting Energy Storage. Volume 3: Advances in Sustainable Energy Technologies\u2019\u2019 ba\u015fl\u0131kl\u0131 ACS Symposium Series e-kitab\u0131nda yay\u0131nland\u0131.\n\nBu \u00e7al\u0131\u015fma, enerji depolama sistemlerinin geli\u015fimini ve daha verimli, s\u00fcrd\u00fcr\u00fclebilir \u00e7\u00f6z\u00fcmler i\u00e7in dikkat edilmesi gereken noktalar\u0131 a\u00e7\u0131klamaktad\u0131r.\n\nBa\u015far\u0131lar\u0131ndan dolay\u0131 ara\u015ft\u0131rmac\u0131lar\u0131 kutlar\u0131z.\n\n\u00c7al\u0131\u015fmaya https://lnkd.in/dam5bkud adresinden ula\u015f\u0131labilir.\n\n\n--\n\nPublication News\n\nSUNUM researchers Dr. Syed Farhan Hasany, Dr. Tanveer Alam and Dr. Koray Bahad\u0131r D\u00f6nmez\u2019s book chapter \u201c\u2019Advancement in High Energy Density Materials for Energy Storage Systems\u201d was published in the ACS Symposium Series e-book titled \u2018\u2019Materials for Boosting Energy Storage. Volume 3: Advances in Sustainable Energy Technologies\u2019\u2019.\n\nThis study outlines the development of energy storage systems and highlights the key considerations for creating more efficient and sustainable energy storage solutions.\n\nWe congratulate the researchers for their achievements.\n\nThe study is available online from https://lnkd.in/dam5bkud", "total_likes": 19}, {"article_link": "https://www.linkedin.com/posts/sunumsabanci_kanser-tedavisinde-teranostik-yakla%C5%9F%C4%B1mlar-activity-7261712132914774016-kwu1", "image": "https://media.licdn.com/dms/image/v2/D4D22AQGcR-W1EXX8GQ/feedshare-shrink_2048_1536/feedshare-shrink_2048_1536/0/1731327086744?e=1734566400&v=beta&t=ZmZmiKDgarpS-nuCuoTK2988vc0Z8L1e0SIISOl4Kkg", "posted_on": {"day": 12, "month": 11, "year": 2024}, "text": "Kanser Tedavisinde Teranostik Yakla\u015f\u0131mlar \n\n13 Kas\u0131m 2024 \u00c7ar\u015famba g\u00fcn\u00fc 11.00-12.00 saatleri aras\u0131nda Zoom'da ger\u00e7ekle\u015ftirilecek Nano Open Webinar\u0131'n\u0131n konu\u011fu, Ko\u00e7 \u00dcniversitesi Akademik \u0130\u015flerden Sorumlu Rekt\u00f6r Yard\u0131mc\u0131s\u0131 ve Fen Fak\u00fcltesi Dekan\u0131 Prof. Dr. Havva Funda Yagci Acar  olacak.\n\nSUNUM'un doktora sonras\u0131 ara\u015ft\u0131rmac\u0131lara y\u00f6nelik bir hareketlilik burs program\u0131 olan NANOBIO4CAN Projesi s\u00fcperviz\u00f6rlerinden biri olan Prof. Dr. Funda Ya\u011fc\u0131 Acar, kanser tedavisinde teranostik yakla\u015f\u0131mlar hakk\u0131nda konu\u015facak.\n\n13 Kas\u0131m 2024, saat 11.00'de Zoom'da ger\u00e7ekle\u015fecek Nano Open Webinar\u0131'na kay\u0131t i\u00e7in https://lnkd.in/e3ZmMGU\nWebinar dili \u0130ngilizcedir.\n\n*** \n\nTheranostic Approaches to Cancer Treatment \n\nProf. Funda Ya\u011fc\u0131 Acar, Vice President for Academic Affairs and Dean of the College of Science at Ko\u00e7 University, will be the guest at the Nano Open Webinar on Wednesday, November 13, 2024 between 11.00-12.00 at Zoom.\n\nProf. Funda Ya\u011fc\u0131 Acar, one of the supervisors of the NANOBIO4CAN Project, a mobility fellowship program of SUNUM for postdoctoral researchers, will talk about theranostic approaches to cancer treatment.\n\nTo register for the Nano Open Webinar, which will be held on Zoom on November 13, 2024, at 11:00: https://lnkd.in/e3ZmMGU\nWebinar will be held in English.", "total_likes": 35}, {"article_link": "https://www.linkedin.com/posts/sunumsabanci_10kasaftm-atataesrk-activity-7261259085554085888-64FN", "image": "https://media.licdn.com/dms/image/v2/D4D22AQHdsz0uqJnkMA/feedshare-shrink_2048_1536/feedshare-shrink_2048_1536/0/1731219072495?e=1734566400&v=beta&t=0wmrvGImRZsdB3oP-uTLHimi24vbYrpPUumMGAtnQfE", "posted_on": {"day": 10, "month": 11, "year": 2024}, "text": "Cumhuriyetimizin kurucusu, bilim ve e\u011fitimin \u0131\u015f\u0131\u011f\u0131nda \u00fclkemizi gelece\u011fe ta\u015f\u0131yan B\u00fcy\u00fck \u00d6nder Gazi Mustafa Kemal Atat\u00fcrk\u2019\u00fc aram\u0131zdan ayr\u0131l\u0131\u015f\u0131n\u0131n 86. y\u0131l\u0131nda sayg\u0131, \u00f6zlem ve minnetle an\u0131yoruz.\n\nOnun a\u00e7t\u0131\u011f\u0131 yolda, ilke ve devrimleri do\u011frultusunda \u00e7al\u0131\u015fmaya devam ediyoruz.\n\n#10Kas\u0131m #Atat\u00fcrk", "total_likes": 39}, {"article_link": "https://www.linkedin.com/posts/sunumsabanci_sosyal-medyada-bize-kat%C4%B1l%C4%B1n-httpslnkdin-activity-7259908327365636097-m5rC", "image": "https://media.licdn.com/dms/image/v2/D4D22AQGTB4mdWhX6xw/feedshare-shrink_2048_1536/feedshare-shrink_2048_1536/0/1730897026512?e=1734566400&v=beta&t=X4eMBolTKo2clRLT-Zi4P5HLivG_8Gp1-LfYkcV_7gI", "posted_on": {"day": 8, "month": 11, "year": 2024}, "text": "Sosyal medyada bize kat\u0131l\u0131n\n\nhttps://lnkd.in/d_ntP9xY \nhttps://x.com/sunumsabanci\nhttps://lnkd.in/dW6wR7ZM \nhttps://lnkd.in/dd-MV2h8  \nhttps://lnkd.in/dh46aYqi \n\n***\n\nConnect with us on social media\n\nhttps://lnkd.in/d_ntP9xY \nhttps://x.com/sunumsabanci\nhttps://lnkd.in/dW6wR7ZM \nhttps://lnkd.in/dd-MV2h8  \nhttps://lnkd.in/dh46aYqi", "total_likes": 10}, {"article_link": "https://www.linkedin.com/posts/sunumsabanci_publication-nanotechnology-activity-7259532770417262592-HUYn", "image": "https://media.licdn.com/dms/image/v2/D4D22AQH4MUOnxR-icA/feedshare-shrink_2048_1536/feedshare-shrink_2048_1536/0/1730807486754?e=1734566400&v=beta&t=A8stfSwvRX5yynLNsYWZwdmlsJ2rV9ogOihLJf7qGyk", "posted_on": {"day": 8, "month": 11, "year": 2024}, "text": "Yay\u0131n Haberi\n\nSUNUM ara\u015ft\u0131rmac\u0131lar\u0131ndan Do\u00e7. Dr. Meral Y\u00fcce ve SUNUM yar\u0131 zamanl\u0131 ara\u015ft\u0131rmac\u0131lar\u0131ndan Dr. Hasan Kurt'un, \u201cPlazmonik grup IVB ge\u00e7i\u015f metal nitr\u00fcrleri: Biyoalg\u0131lama, fotovoltaik ve fotokatalizde \u00fcretim y\u00f6ntemleri ve uygulamalar\u0131\u201d ba\u015fl\u0131kl\u0131 \u00e7al\u0131\u015fmas\u0131, Advances in Colloid and Interface Science Dergisinde yay\u0131nland\u0131.\n\nTitanyum nitr\u00fcr (TiN), zirkonyum nitr\u00fcr (ZrN) ve hafniyum nitr\u00fcr (HfN) gibi grup IVB ge\u00e7i\u015f metal nitr\u00fcrlerine (TMN'ler) ve alt\u0131n ve g\u00fcm\u00fc\u015f gibi asil metallere alternatif plazmonik malzemelere odaklanan makalenin di\u011fer yazarlar\u0131 Dr. Ali Osman \u00c7etinkaya (SUNUM), Dr. Atacan T\u00fct\u00fcnc\u00fco\u011flu, Dr. Beyza Nur G\u00fcnayd\u0131n (SUNUM), Dr. Cemre Irmak Kayalan, Do\u00e7. Dr. Mustafa Kemal Bayaz\u0131t (SUNUM), Dr. Milad Torabfam\u2019d\u0131r.\n\nBa\u015far\u0131lar\u0131ndan dolay\u0131 ara\u015ft\u0131rmac\u0131lar\u0131 kutlar\u0131z.\n\n--\n\nPublication News\n\nSUNUM researcher Assoc. Prof. Meral Y. and one of SUNUM part-time researchers, Dr. Hasan Kurt's study titled \u201cPlasmonic group IVB transition metal nitrides: Fabrication methods and applications in biosensing, photovoltaics and photocatalysis\u201d was published in Advances in Colloid and Interface Science.\n\nThis review paper focuses on group IVB transition metal nitrides (TMNs) such as titanium nitride (TiN), zirconium nitride (ZrN), and hafnium nitride (HfN) and as alternative plasmonic materials to noble metals like gold and silver. The other authors of the paper are Ali Osman \u00c7etinkaya, PhD (SUNUM), Atacan T\u00fct\u00fcnc\u00fco\u011flu, Beyza Nur G\u00fcnayd\u0131n, PhD (SUNUM), Cemre Irmak Kayalan, PhD, Assoc. Prof. Mustafa Kemal B. (SUNUM), Milad Torabfam, PhD.\n\nWe congratulate the researchers for their achievements.\n\n#publication #nanotechnology", "total_likes": 57}], "follower_count": 12599, "acquisitions": null, "exit_data": null, "extra": null, "funding_data": [], "categories": null, "customer_list": null}
