{"linkedin_internal_id": "7790137", "description": "A bunch of tech geeks who believed in free rein, who got together as a team with a burning ambition to change the face of web design and development. Tailwebs is led by supremely able team members with wide-ranging experience in multiple areas that build stellar products. \n\nWe build products from the ground up. We work with you in refining your concept, business model, design, development, and launch. We do all of this, so you can focus on growing your business.\n\nWe are in the business of building game-changing products, we create unmatched digital experiences. We are Tailwebs!\n", "website": "http://www.tailwebs.com", "industry": "IT Services and IT Consulting", "company_size": [11, 50], "company_size_on_linkedin": 22, "hq": {"country": "IN", "city": "Bengaluru", "postal_code": "560071", "line_1": "208, Amarjyoti Layout, Domlur", "is_hq": true, "state": "Karnataka"}, "company_type": "PRIVATELY_HELD", "founded_year": 2015, "specialities": ["Web Design & Development", "Mobile Applications", "Technology partners", "Consulting", "Software Development "], "locations": [{"country": "IN", "city": "Bengaluru", "postal_code": "560071", "line_1": "208, Amarjyoti Layout, Domlur", "is_hq": true, "state": "Karnataka"}], "name": "Tailwebs Technology", "tagline": "We create unmatched digital experiences. We are Tailwebs!", "universal_name_id": "tailwebs-technology", "profile_pic_url": "https://s3.us-west-000.backblazeb2.com/proxycurl/company/tailwebs-technology/profile?X-Amz-Algorithm=AWS4-HMAC-SHA256&X-Amz-Credential=0004d7f56a0400b0000000001%2F20241126%2Fus-west-000%2Fs3%2Faws4_request&X-Amz-Date=20241126T055936Z&X-Amz-Expires=3600&X-Amz-SignedHeaders=host&X-Amz-Signature=078040db128e609643fbda91a1d4031c01986b521efe715ed0fa06b49790e8ce", "background_cover_image_url": "https://s3.us-west-000.backblazeb2.com/proxycurl/company/tailwebs-technology/cover?X-Amz-Algorithm=AWS4-HMAC-SHA256&X-Amz-Credential=0004d7f56a0400b0000000001%2F20241126%2Fus-west-000%2Fs3%2Faws4_request&X-Amz-Date=20241126T055936Z&X-Amz-Expires=3600&X-Amz-SignedHeaders=host&X-Amz-Signature=e666b23cf627affed65ed81f1fb8ae81c035aae37baf6562fd9e25cf175a97a4", "search_id": "7790137", "similar_companies": [{"name": "Drools", "link": "https://www.linkedin.com/company/droolsindia/", "industry": "Food and Beverage Manufacturing", "location": null}, {"name": "Tarnea Technology Solutions Ltd.", "link": "https://www.linkedin.com/company/tarnea-technology-solutions/", "industry": "IT Services and IT Consulting", "location": null}, {"name": "Palpx | Technology & Design", "link": "https://www.linkedin.com/company/palpx/", "industry": "Information Technology & Services", "location": null}, {"name": "Recro", "link": "https://www.linkedin.com/company/recro-io/", "industry": "Software Development", "location": null}, {"name": "Starlly Solutions Pvt Ltd.", "link": "https://www.linkedin.com/company/starlly-solutions-pvt.-ltd./", "industry": "Software Development", "location": null}, {"name": "InstaExam | Online Exam Software", "link": "https://www.linkedin.com/company/instaexam/", "industry": "Education Administration Programs", "location": null}, {"name": "Convertcart", "link": "https://www.linkedin.com/company/convertcart/", "industry": "Technology, Information and Internet", "location": null}, {"name": "Amaze Inc ", "link": "https://www.linkedin.com/company/amazeinc/", "industry": "IT Services and IT Consulting", "location": null}, {"name": "Lenskart.com", "link": "https://www.linkedin.com/company/lenskart-com/", "industry": "Technology, Information and Internet", "location": null}, {"name": "WAC", "link": "https://www.linkedin.com/company/wearewac/", "industry": "Technology, Information and Media", "location": null}, {"name": "Cognizant", "link": "https://www.linkedin.com/company/cognizant/", "industry": "IT Services and IT Consulting", "location": null}, {"name": "Gloify", "link": "https://www.linkedin.com/company/gloify/", "industry": "IT Services and IT Consulting", "location": null}, {"name": "Gleantap", "link": "https://www.linkedin.com/company/gleantap/", "industry": "Technology, Information and Internet", "location": null}, {"name": "PHP POETS IT Solutions Pvt. Ltd.", "link": "https://www.linkedin.com/company/phppoets/", "industry": "IT Services and IT Consulting", "location": null}, {"name": "KLoc Technologies", "link": "https://www.linkedin.com/company/kloc-technologies/", "industry": "IT Services and IT Consulting", "location": null}, {"name": "Antino", "link": "https://www.linkedin.com/company/antino-labs/", "industry": "IT Services and IT Consulting", "location": null}, {"name": "Ze Learning Labb", "link": "https://www.linkedin.com/company/learning-labb/", "industry": "Education", "location": null}, {"name": "Zoho", "link": "https://www.linkedin.com/company/zoho/", "industry": "Software Development", "location": null}, {"name": "TIGI HR", "link": "https://www.linkedin.com/company/tigihr/", "industry": "Technology, Information and Internet", "location": null}, {"name": "GoodWorkLabs", "link": "https://www.linkedin.com/company/goodworklabs-services-private-limited/", "industry": "Information Technology & Services", "location": null}], "affiliated_companies": [], "updates": [{"article_link": "https://www.linkedin.com/posts/tailwebs-technology_happy-birthday-shailesh-wishing-you-a-year-activity-7261724966700634112-43Yu", "image": "https://media.licdn.com/dms/image/v2/D5622AQELD2pQpr4MGw/feedshare-shrink_2048_1536/feedshare-shrink_2048_1536/0/1731330146825?e=1735171200&v=beta&t=m47tweU51_ko2nz7Mvdm5uTLwzIhSNMnzkAVFGDlgpA", "posted_on": {"day": 13, "month": 11, "year": 2024}, "text": "Happy Birthday, Shailesh! Wishing you a year filled with innovative app ideas and successful builds.\n\nMangroliya Shailesh", "total_likes": 1}, {"article_link": "https://www.linkedin.com/posts/tailwebs-technology_happy-birthday-chandmal-wishing-you-a-year-activity-7261725327624679424-wAo8", "image": "https://media.licdn.com/dms/image/v2/D5622AQG1-3rcQkixyw/feedshare-shrink_2048_1536/feedshare-shrink_2048_1536/0/1731330232843?e=1735171200&v=beta&t=ylLJee3l18UJ8KYYUSc9omJ8irThTZWLCOpGN4d4wjM", "posted_on": {"day": 13, "month": 11, "year": 2024}, "text": "Happy Birthday, Chandmal! Wishing you a year filled with bug-free code, endless coffee, and lots of fun!\n\nCM Dhakar", "total_likes": 2}, {"article_link": "https://www.linkedin.com/posts/tailwebs-technology_tailwebstechnology-workanniversary-teamtailwebs-activity-7259079817302585344-s8dL", "image": "https://media.licdn.com/dms/image/v2/D5622AQHctkwP3FRrQw/feedshare-shrink_2048_1536/feedshare-shrink_2048_1536/0/1730699494186?e=1735171200&v=beta&t=8o-sHDZjy-QSuKLFJIDIS2xHjybk5_MsF2X_6KUyS04", "posted_on": {"day": 6, "month": 11, "year": 2024}, "text": "Here's to two fantastic years at Tailwebs Technology! Your sharp eye for detail and innovative testing strategies have consistently impressed us. \nWe're lucky to have you on our team. \nCheers to many more! \ud83e\udd42 \n\nNithin kumar\n\n#TailwebsTechnology #WorkAnniversary #TeamTailwebs", "total_likes": 4}, {"article_link": "https://www.linkedin.com/posts/tailwebs-technology_happybirthdaythiru-codeandconquer-thalapathyvibes-activity-7255459895682990080-woO-", "image": "https://media.licdn.com/dms/image/v2/D5622AQG_PY00u0nAiQ/feedshare-shrink_2048_1536/feedshare-shrink_2048_1536/0/1729836437711?e=1735171200&v=beta&t=V41WXa3fL7rxGl0fOpOJh1iIGqstksK6z1TZ26fAs74", "posted_on": {"day": 30, "month": 10, "year": 2024}, "text": "Happy Birthday, Thiru! \ud83c\udf89 \n\nMay your code be as flawless as a Vijay Thalapathy action scene and your day as smooth as a Rohit Sharma century! \nKeep smashing those front-end challenges like Sharma smashes boundaries, and bring that Thalapathy energy to everything you do! Here\u2019s to another year of brilliance and epic coding! \ud83d\udd25\ud83d\udcbb \n\nThirunavukarasu M\n\n#HappyBirthdayThiru #CodeAndConquer #ThalapathyVibes #BoundaryBreaker", "total_likes": 1}, {"article_link": "https://www.linkedin.com/posts/tailwebs-technology_happybirthdaynithin-biryaniandbeyond-qualitytotaste-activity-7256522614314020864-GLjH", "image": "https://media.licdn.com/dms/image/v2/D5622AQEOKpqx52BFVQ/feedshare-shrink_2048_1536/feedshare-shrink_2048_1536/0/1729840191799?e=1735171200&v=beta&t=CBcZ7weMjS9unW-f0wYmq_zMlL3IlyCJNUhZccoc30M", "posted_on": {"day": 30, "month": 10, "year": 2024}, "text": "Happy Birthday, Nithin! \ud83c\udf89 \n\nMay your day be as flawless as the perfect plate of chicken biryani and as legendary as Hyderabad itself! \ud83c\udf57\ud83c\udf5b We know your quality checks are top-notch, but today, we\u2019re all about taste checks! \ud83e\uddd0 \n\nHere\u2019s to a birthday filled with spicy biryani, loads of fun, and a year that passes the ultimate Hyderabadi standards! \ud83c\udf36\ufe0f \n\nNithin kumar\n\n#HappyBirthdayNithin #BiryaniAndBeyond #QualityToTaste #HyderabadiVibes", "total_likes": 5}, {"article_link": "https://www.linkedin.com/posts/tailwebs-technology_highperformance-tech-team-activity-7219559014416711680-AgbW", "image": null, "posted_on": {"day": 20, "month": 7, "year": 2024}, "text": "Building a High-Performing Tech Team: Traits, Structures, and Strategies\n\nUnlock the secrets to assembling a top-tier tech team. Explore the essential traits, effective structures, and proven strategies to elevate your team's performance and drive innovation. Join us on the path to creating a tech powerhouse.\n\n#highperformance #tech #team", "total_likes": 4}], "follower_count": 3000, "acquisitions": null, "exit_data": null, "extra": null, "funding_data": [], "categories": null, "customer_list": null}
