{"linkedin_internal_id": "4236", "description": "The New York Times is powered by the idea that independent, deeply reported journalism fuels a healthy and engaged society. \n\nOur reporters, columnists, editors, engineers, designers, data analysts, developers and marketers breathe life into the most important topics of our time and tell stories that might otherwise go untold.\n\nWhether bringing new truths to light with our reporting, building innovative products that deliver a best-in-class digital experience, or analyzing data to understand how we can best serve our readers, our people power the world\u2019s top destination for journalism.\n\nWorking at The Times means envisioning and developing the future of journalism. Bring your passion, perspective and experience and join us as we seek the truth and help people understand the world. \n\nCheck out our career opportunities (nytco.com/careers) and follow our page to connect with Times employees, journalists and readers.", "website": "http://www.nytco.com/careers", "industry": "Newspaper Publishing", "company_size": [1001, 5000], "company_size_on_linkedin": 9272, "hq": {"country": "US", "city": "New York", "postal_code": "10018", "line_1": "620 Eighth Avenue", "is_hq": true, "state": "NY"}, "company_type": "PUBLIC_COMPANY", "founded_year": 1851, "specialities": [], "locations": [{"country": "US", "city": "New York", "postal_code": "10018", "line_1": "620 Eighth Avenue", "is_hq": true, "state": "NY"}], "name": "The New York Times", "tagline": null, "universal_name_id": "the-new-york-times", "profile_pic_url": "https://s3.us-west-000.backblazeb2.com/proxycurl/company/the-new-york-times/profile?X-Amz-Algorithm=AWS4-HMAC-SHA256&X-Amz-Credential=0004d7f56a0400b0000000001%2F20241126%2Fus-west-000%2Fs3%2Faws4_request&X-Amz-Date=20241126T050802Z&X-Amz-Expires=3600&X-Amz-SignedHeaders=host&X-Amz-Signature=13f620ad1d18c7b823bc98b413fc94ee49d8475175308b56ebc51771c2f8d716", "background_cover_image_url": "https://s3.us-west-000.backblazeb2.com/proxycurl/company/the-new-york-times/cover?X-Amz-Algorithm=AWS4-HMAC-SHA256&X-Amz-Credential=0004d7f56a0400b0000000001%2F20241126%2Fus-west-000%2Fs3%2Faws4_request&X-Amz-Date=20241126T050802Z&X-Amz-Expires=3600&X-Amz-SignedHeaders=host&X-Amz-Signature=83ab292dfdaacbae7e599c9ef52413a92dee803774bb68be099ee966a3283773", "search_id": "4236", "similar_companies": [{"name": "The Wall Street Journal", "link": "https://www.linkedin.com/company/the-wall-street-journal/", "industry": "Newspaper Publishing", "location": null}, {"name": "Forbes", "link": "https://www.linkedin.com/company/forbes-magazine/", "industry": "Book and Periodical Publishing", "location": null}, {"name": "The Economist", "link": "https://www.linkedin.com/company/the-economist/", "industry": "Newspaper Publishing", "location": null}, {"name": "The Washington Post", "link": "https://www.linkedin.com/company/washingtonpost/", "industry": "Newspaper Publishing", "location": null}, {"name": "BBC News", "link": "https://www.linkedin.com/company/bbc-news/", "industry": "Broadcast Media Production and Distribution", "location": null}, {"name": "CNN", "link": "https://www.linkedin.com/company/cnn/", "industry": "Broadcast Media Production and Distribution", "location": null}, {"name": "Financial Times", "link": "https://www.linkedin.com/company/financial-times/", "industry": "Newspaper Publishing", "location": null}, {"name": "The New Yorker", "link": "https://www.linkedin.com/company/the-new-yorker/", "industry": "Book and Periodical Publishing", "location": null}, {"name": "NPR", "link": "https://www.linkedin.com/company/npr/", "industry": "Broadcast Media Production and Distribution", "location": null}, {"name": "TIME", "link": "https://www.linkedin.com/company/time/", "industry": "Book and Periodical Publishing", "location": null}, {"name": "Netflix", "link": "https://www.linkedin.com/company/netflix/", "industry": "Entertainment Providers", "location": null}, {"name": "The Guardian", "link": "https://www.linkedin.com/company/theguardian/", "industry": "Book and Periodical Publishing", "location": null}, {"name": "Google", "link": "https://www.linkedin.com/company/google/", "industry": "Software Development", "location": null}, {"name": "Spotify", "link": "https://www.linkedin.com/company/spotify/", "industry": "Musicians", "location": null}, {"name": "Harvard Business Review", "link": "https://www.linkedin.com/company/harvard-business-review/", "industry": "Book and Periodical Publishing", "location": null}, {"name": "Bloomberg", "link": "https://www.linkedin.com/company/bloomberg/", "industry": "Financial Services", "location": null}, {"name": "The Atlantic", "link": "https://www.linkedin.com/company/the-atlantic/", "industry": "Book and Periodical Publishing", "location": null}, {"name": "Cond\u00e9 Nast", "link": "https://www.linkedin.com/company/conde-nast/", "industry": "Media Production", "location": null}, {"name": "TED Conferences", "link": "https://www.linkedin.com/company/ted-conferences/", "industry": "Media Production", "location": null}, {"name": "BBC", "link": "https://www.linkedin.com/company/bbc/", "industry": "Broadcast Media Production and Distribution", "location": null}], "affiliated_companies": [{"name": "The Times Center", "link": "https://www.linkedin.com/showcase/thetimescenter/", "industry": "Events Services", "location": null}, {"name": "NYT Wirecutter", "link": "https://www.linkedin.com/company/nyt-wirecutter/", "industry": "Book and Periodical Publishing", "location": null}, {"name": "The New York Times - Corporate Gifting", "link": "https://www.linkedin.com/showcase/nyt-corpgift/", "industry": "Book and Periodical Publishing", "location": null}, {"name": "NYT Open", "link": "https://www.linkedin.com/company/nyt-open/", "industry": "Newspaper Publishing", "location": null}, {"name": "New York Times Advertising", "link": "https://www.linkedin.com/showcase/nyt-advertising/", "industry": "Technology, Information and Internet", "location": null}], "updates": [{"article_link": "https://www.linkedin.com/posts/the-new-york-times_microsoft-outage-takes-outlook-and-teams-activity-7266911050891943946-p3va", "image": null, "posted_on": {"day": 25, "month": 11, "year": 2024}, "text": "Microsoft\u2019s customers were unable to gain access to Outlook and Teams on Monday. It was due to a \u201crecent change\u201d to its software that had affected a number of its servers.", "total_likes": 24}, {"article_link": "https://www.linkedin.com/posts/the-new-york-times_us-says-google-is-an-ad-tech-monopolist-activity-7266914818765340672-NCWy", "image": null, "posted_on": {"day": 25, "month": 11, "year": 2024}, "text": "Lawyers for the U.S. on Monday said that Google had created a monopoly with its services to place ads online, closing out an antitrust trial over the company\u2019s dominance in advertising technology that could add to the Silicon Valley giant\u2019s mounting woes. https://nyti.ms/493rv3T", "total_likes": 24}, {"article_link": "https://www.linkedin.com/posts/the-new-york-times_washington-curtails-intels-chip-grant-after-activity-7266819378510282753-BKaD", "image": null, "posted_on": {"day": 25, "month": 11, "year": 2024}, "text": "The Biden administration plans to reduce\u00a0Intel\u2019s preliminary $8.5 billion federal CHIPS grant. The move follows the California-based company\u2019s investment delays and\u00a0broader business struggles. The government\u2019s decision to reduce the grant comes after Intel\u2019s move to delay some of its planned investments in chip facilities in Ohio. The chip maker has been under pressure to reduce costs after posting its\u00a0biggest quarterly loss in the company\u2019s 56-year history.", "total_likes": 29}, {"article_link": "https://www.linkedin.com/posts/the-new-york-times_elon-musk-asked-x-users-to-submit-x-rays-activity-7264751832248332288-yJuM", "image": "https://media.licdn.com/dms/image/v2/D4E10AQGVOcqdFSJ97Q/image-shrink_1280/image-shrink_1280/0/1732051808658?e=1733194800&v=beta&t=t5P8ZFnUjKm08AC1ZSvRaaRLfZJROMPeeUnsTMg0_-M", "posted_on": {"day": 20, "month": 11, "year": 2024}, "text": "Elon Musk asked X users to submit X-rays, MRIs, CT scans and other medical images to Grok, the platform\u2019s A.I. chatbot, with the hope that if enough users feed the tool with their scans, it will eventually get good at interpreting them accurately. Read more: https://nyti.ms/4fWl5Wo", "total_likes": 96}, {"article_link": "https://www.linkedin.com/posts/the-new-york-times_bluesky-is-turning-into-a-strong-x-alternative-activity-7265787824006643712-vpJO", "image": null, "posted_on": {"day": 23, "month": 11, "year": 2024}, "text": "\u201cBluesky\u2019s post-election growth spurt persuaded me to give it a second look. It\u2019s much better now. And while I still don\u2019t think Bluesky \u2014 or any social media app \u2014 will ever fully replace the old Twitter, I get what the excitement is about,\u201d our tech columnist Kevin Roose writes.", "total_likes": 47}, {"article_link": "https://www.linkedin.com/posts/the-new-york-times_us-inflation-grew-slightly-on-an-annual-activity-7262585066042650624-exa3", "image": "https://media.licdn.com/dms/image/v2/D4D10AQFpQrnj0mZ-mA/image-shrink_1280/image-shrink_1280/0/1731535211459?e=1733194800&v=beta&t=H56vdOGwRb7ootTUJarrJ45ewj0u9oXB6N6zGwF-yL4", "posted_on": {"day": 19, "month": 11, "year": 2024}, "text": "U.S. inflation grew slightly on an annual basis in October, the latest evidence that while cost increases were coming under control, it's not fully back to normal. https://nyti.ms/40KOizq", "total_likes": 45}], "follower_count": 6819001, "acquisitions": null, "exit_data": null, "extra": null, "funding_data": [], "categories": null, "customer_list": null}
