{"linkedin_internal_id": "13625083", "description": "Our Vision Statement\nA world of enabled and connected little minds, building future.\n\nOur Mission Statement\nTo inspire students, help them innovate and let them integrate to build the next generation humankind.\n\nInspire: To inspire, motivate and encourage students to learn, create and help build a better society.\nInnovate: To teach new ways of thinking, to innovate and solve the problems on their own.\nIntegrate: To let the students integrate, and help each other, learn from each other and do well together.", "website": "https://thesparksfoundationsingapore.org", "industry": "Education Administration Programs", "company_size": [51, 200], "company_size_on_linkedin": 2549, "hq": {"country": "SG", "city": "Singapore", "postal_code": "119613", "line_1": "The Hanger", "is_hq": true, "state": "Singapore"}, "company_type": "NON_PROFIT", "founded_year": 2016, "specialities": [], "locations": [{"country": "SG", "city": "Singapore", "postal_code": "119613", "line_1": "The Hanger", "is_hq": true, "state": "Singapore"}], "name": "The Sparks Foundation", "tagline": "Inspire, Innovate, & Integrate", "universal_name_id": "the-sparks-foundation", "profile_pic_url": "https://media.licdn.com/dms/image/v2/C560BAQFgHU3sTF4LfQ/company-logo_400_400/company-logo_400_400/0/1631365213896?e=1740614400&v=beta&t=Ef-1xBoichFPVyXxvqwl0j9d2jkzVobLRGCFFc9U9bA", "background_cover_image_url": "https://media.licdn.com/dms/image/v2/C561BAQHxYasGZi66GQ/company-background_200/company-background_200/0/1584347164661?e=1733205600&v=beta&t=nNoE2nrLx1VVsVJoQ8y0Cfw3kZzrDw0w8K-yb5J9g3c", "search_id": "13625083", "similar_companies": [{"name": "Oasis Infobyte", "link": "https://www.linkedin.com/company/oasis-infobyte/", "industry": "Software Development", "location": null}, {"name": "LetsGrowMore", "link": "https://www.linkedin.com/company/letsgrowmore/", "industry": "E-Learning Providers", "location": null}, {"name": "CodeClause", "link": "https://www.linkedin.com/company/codeclause/", "industry": "IT Services and IT Consulting", "location": null}, {"name": "Bharat Intern", "link": "https://www.linkedin.com/company/bharat-intern/", "industry": "Education", "location": null}, {"name": "CodSoft", "link": "https://www.linkedin.com/company/codsoft/", "industry": "IT Services and IT Consulting", "location": null}, {"name": "CodeAlpha ", "link": "https://www.linkedin.com/company/codealpha/", "industry": "Software Development", "location": null}, {"name": "Prodigy InfoTech", "link": "https://www.linkedin.com/company/prodigy-infotech/", "industry": "Software Development", "location": null}, {"name": "SYNC INTERN'S", "link": "https://www.linkedin.com/company/syncinterns/", "industry": "IT Services and IT Consulting", "location": null}, {"name": "InternPe", "link": "https://www.linkedin.com/company/internpe/", "industry": "IT Services and IT Consulting", "location": null}, {"name": "OctaNet Services Pvt Ltd.", "link": "https://www.linkedin.com/company/octanetservices/", "industry": "IT Services and IT Consulting", "location": null}, {"name": "InternGrow\u2122", "link": "https://www.linkedin.com/company/interngrow/", "industry": "Education Management", "location": null}, {"name": "Cognifyz Technologies", "link": "https://www.linkedin.com/company/cognifyz-techonologies/", "industry": "IT System Data Services", "location": null}, {"name": "Technocolabs Softwares", "link": "https://www.linkedin.com/company/technocolabs/", "industry": "IT Services and IT Consulting", "location": null}, {"name": "TechnoHacks EduTech Official", "link": "https://www.linkedin.com/company/technohacks-edutech/", "industry": "IT Services and IT Consulting", "location": null}, {"name": "MeriSKILL", "link": "https://www.linkedin.com/company/meriskill/", "industry": "E-Learning Providers", "location": null}, {"name": "Internshala", "link": "https://www.linkedin.com/company/internshala/", "industry": "Education Administration Programs", "location": null}, {"name": "iNeuron.ai", "link": "https://www.linkedin.com/company/ineuron-ai/", "industry": "E-Learning Providers", "location": null}, {"name": "TXON", "link": "https://www.linkedin.com/company/etxon/", "industry": "Software Development", "location": null}, {"name": "GeeksforGeeks", "link": "https://www.linkedin.com/company/geeksforgeeks/", "industry": "Education", "location": null}, {"name": "Tata Consultancy Services", "link": "https://www.linkedin.com/company/tata-consultancy-services/", "industry": "IT Services and IT Consulting", "location": null}], "affiliated_companies": [{"name": "The Sparks Foundation Singapore", "link": "https://www.linkedin.com/showcase/the-sparks-foundation-singapore/", "industry": null, "location": null}], "updates": [{"article_link": "https://www.linkedin.com/posts/the-sparks-foundation_announcement-september24-batch-on-activity-7236333789570813953-oDX1", "image": null, "posted_on": {"day": 26, "month": 9, "year": 2024}, "text": "*** Announcement - September'24 Batch On Hold ***\n\nWe understand that many of you have been eagerly awaiting the announcement of the next July batch at GRIP, and we sincerely apologize for the delay and any inconvenience caused.\n\nDue to unforeseen circumstances and ongoing preparations, the September batch has been temporarily placed on hold. We understand that this news may come as a disappointment, and we assure you that we are working diligently to address all necessary aspects before proceeding with the next batch.\n\nAt GRIP, our primary goal is to provide a high-quality learning experience that aligns with your expectations. We are committed to maintaining the standards and excellence that we are known for, which is why we have taken this decision to ensure that all necessary preparations and improvements are in place before the next batch commences.\n\nWe greatly appreciate your patience and understanding during this time.\nTo ensure that you receive the most up-to-date information, we kindly request you to stay tuned to this group for all important announcements. Our team will share regular updates regarding the progress and status of the upcoming batch, including the revised start date and any other pertinent details.\n\nThank you for your continued support and trust in GRIP. We look forward to welcoming you to the next batch soon.", "total_likes": 26}, {"article_link": "https://www.linkedin.com/posts/the-sparks-foundation_hiring-interns-internships-activity-7222484208785539072-2UyK", "image": null, "posted_on": {"day": 26, "month": 8, "year": 2024}, "text": "Dear aspirants,\n\nWe are #hiring #interns in several functions for the September'24 batch of our Graduate Rotational Internship Program (GRIP) - an opportunity to learn, network, and grow.\n\nFunctions #internships are available in:\n1. Campus Ambassador\n2. Content Development\n3. Data Science & Business Analytics\n4. Digital Marketing\n5. IoT & Computer Vision\n6. Mobile App Development\n7. Talent Acquisition\n8. Web Development & Designing\n\nLink to Apply:- https://lnkd.in/gWERrbt\n\nPlease go through the details in the above share link of the website and apply.\n\nThe deadline to apply: 24th August 2024(11:59 PM SGT)\nResult announcement: 30th August 2024\nInternship start date: 1st week of September 2024\n\n#virtual #internship #campusambassador #contentdevelopment #datascience #businessanalytics #digitalmarketing #internetofthings #computervision #imageprocessing #appdevelopment #talentacquisition #webdevelopment #placementcell #students #internship2023 #freshers #placementdrive #opportunitycell #internshipalert #hiringinterns #hiring #helpinghands #college #mlearning #opportunities2023 #applytoday #learningfromhome #workfromehome #remoteinternship #interestedcandidates #internshipopportunities #growmore #learnmore #network", "total_likes": 64}, {"article_link": "https://www.linkedin.com/posts/the-sparks-foundation_hiring-interns-internships-activity-7211291171560505344-Spy7", "image": null, "posted_on": {"day": 26, "month": 6, "year": 2024}, "text": "Dear aspirants,\n\nWe are #hiring #interns in several functions for the August'24 batch of our Graduate Rotational Internship Program (GRIP) - an opportunity to learn, network, and grow.\n\nFunctions #internships are available in:\n1. Campus Ambassador\n2. Content Development\n3. Data Science & Business Analytics\n4. Digital Marketing\n5. IoT & Computer Vision\n6. Mobile App Development\n7. Talent Acquisition\n8. Web Development & Designing\n\nLink to Apply:- https://lnkd.in/gWERrbt\n\nPlease go through the details in the above share link of the website and apply.\n\nThe deadline to apply: 24th July 2024(11:59 PM SGT)\nResult announcement: 30th July 2024\nInternship start date: 1st week of August 2024\n\n#virtual #internship #campusambassador #contentdevelopment #datascience #businessanalytics #digitalmarketing #internetofthings #computervision #imageprocessing #appdevelopmen #talentacquisition #webdevelopment #placementcell #students #internship2023 #freshers #placementdrive #opportunitycell #internshipalert #hiringinterns #hiring #helpinghands #college #mlearning #opportunities2024 #applytoday #learningfromhome #workfromehome #remoteinternship #interestedcandidates #internshipopportunities #growmore #learnmore #network", "total_likes": 131}, {"article_link": "https://www.linkedin.com/posts/the-sparks-foundation_hiring-interns-internships-activity-7201126953293156352-PHhZ", "image": null, "posted_on": {"day": 26, "month": 6, "year": 2024}, "text": "Dear aspirants,\n\nWe are #hiring #interns in several functions for the July'24 batch of our Graduate Rotational Internship Program (GRIP) - an opportunity to learn, network, and grow.\n\nFunctions #internships are available in:\n1. Campus Ambassador\n2. Content Development\n3. Data Science & Business Analytics\n4. Digital Marketing\n5. IoT & Computer Vision\n6. Mobile App Development\n7. Talent Acquisition\n8. Web Development & Designing\n\nLink to Apply:- https://lnkd.in/gWERrbt\n\n\nPlease go through the details in the above share link of the website and apply.\n\nThe deadline to apply: 24th June 2024(11:59 PM SGT)\nResult announcement: 30th June 2024\nInternship start date: 1st week of July 2024\n\n#virtual #internship #campusambassador #contentdevelopment #datascience #businessanalytics #digitalmarketing #internetofthings #computervision #imageprocessing #appdevelopment #talentacquisition #webdevelopment #placementcell #students #internship2023 #freshers #placementdrive #opportunitycell #internshipalert #hiringinterns #hiring #helpinghands #college #mlearning #opportunities2023 #applytoday #learningfromhome #workfromehome #remoteinternship #interestedcandidates #internshipopportunities #growmore #learnmore #network", "total_likes": 122}, {"article_link": "https://www.linkedin.com/posts/the-sparks-foundation_hiring-interns-internships-activity-7189174656765976576-RvsD", "image": null, "posted_on": {"day": 26, "month": 4, "year": 2024}, "text": "Dear aspirants,\n\nWe are\u00a0#hiring\u00a0#interns\u00a0in several functions for the June'24 batch of our Graduate Rotational Internship Program (GRIP) - an opportunity to learn, network, and grow.\n\nFunctions\u00a0#internships\u00a0are available in:\n1. Campus Ambassador\n2. Content Development\n3. Data Science & Business Analytics\n4. Digital Marketing\n5. IoT & Computer Vision\n6. Mobile App Development\n7. Talent Acquisition\n8. Web Development & Designing\n\nLink to Apply:-\u00a0https://lnkd.in/gWERrbt\n\nPlease go through the details in the above share link of the website and apply.\n\nThe deadline to apply: 24th May 2024(11:59 PM SGT)\nResult announcement: 30th May 2024\nInternship start date: 1st week of June 2024\n\n#virtual\u00a0#internship\u00a0#campusambassador\u00a0#contentdevelopment\u00a0#datascience\u00a0#businessanalytics\u00a0#digitalmarketing\u00a0#internetofthings\u00a0#computervision\u00a0#imageprocessing\u00a0#appdevelopment\u00a0#talentacquisition\u00a0#webdevelopment\u00a0#placementcell\u00a0#students\u00a0#internship2023\u00a0#freshers\u00a0#placementdrive\u00a0#opportunitycell\u00a0#internshipalert\u00a0#hiringinterns\u00a0#hiring\u00a0#helpinghands\u00a0#college\u00a0#mlearning\u00a0#opportunities2023\u00a0#applytoday\u00a0#learningfromhome\u00a0#workfromehome\u00a0#remoteinternship\u00a0#interestedcandidates\u00a0#internshipopportunities\u00a0#growmore\u00a0#learnmore\u00a0#network", "total_likes": 137}, {"article_link": "https://www.linkedin.com/posts/the-sparks-foundation_hiring-interns-internships-activity-7178296047432060928-n9Vy", "image": null, "posted_on": {"day": 26, "month": 4, "year": 2024}, "text": "Dear aspirants,\n\nWe are\u00a0#hiring\u00a0#interns\u00a0in several functions for the May'24 batch of our Graduate Rotational Internship Program (GRIP) - an opportunity to learn, network, and grow.\n\nFunctions\u00a0#internships\u00a0are available in:\n1. Campus Ambassador\n2. Content Development\n3. Data Science & Business Analytics\n4. Digital Marketing\n5. IoT & Computer Vision\n6. Mobile App Development\n7. Talent Acquisition\n8. Web Development & Designing\n\nLink to Apply:-\u00a0https://lnkd.in/gWERrbt\n\nPlease go through the details in the above share link of the website and apply.\n\nThe deadline to apply: 24th April 2024(11:59 PM SGT)\nResult announcement: 30th April 2024\nInternship start date: 1st week of May 2024\n\n#virtual\u00a0#internship\u00a0#campusambassador\u00a0#contentdevelopment\u00a0#datascience\u00a0#businessanalytics\u00a0#digitalmarketing\u00a0#internetofthings\u00a0#computervision\u00a0#imageprocessing\u00a0#appdevelopment\u00a0#talentacquisition\u00a0#webdevelopment\u00a0#placementcell\u00a0#students\u00a0#internship2023\u00a0#freshers\u00a0#placementdrive\u00a0#opportunitycell\u00a0#internshipalert\u00a0#hiringinterns\u00a0#hiring\u00a0#helpinghands\u00a0#college\u00a0#mlearning\u00a0#opportunities2023\u00a0#applytoday\u00a0#learningfromhome\u00a0#workfromehome\u00a0#remoteinternship\u00a0#interestedcandidates\u00a0#internshipopportunities\u00a0#growmore\u00a0#learnmore\u00a0#network", "total_likes": 84}], "follower_count": 216543, "acquisitions": null, "exit_data": null, "extra": null, "funding_data": [], "categories": null, "customer_list": null}
