{"linkedin_internal_id": "5301945", "description": "The Business Council is an association of the Chief Executive Officers of the world's most important business enterprises. Membership is personal, not corporate, and by invitation. Since its founding more than 75 years ago, The Business Council membership has consisted of a group of current and some former chief executive officers from a broad range of companies, all of which are primarily Fortune 500 companies. All major industries are represented among the members of The Business Council. Since its formation, The Business Council has been called upon by the President of the United States, the Administration and Congress for counsel and advice.", "website": "http://www.thebusinesscouncil.org", "industry": "Non-profit Organizations", "company_size": [2, 10], "company_size_on_linkedin": 10, "hq": {"country": "US", "city": "Washington", "postal_code": "20006", "line_1": "1901 Pennsylvania Ave NW", "is_hq": true, "state": "District of Columbia"}, "company_type": "NON_PROFIT", "founded_year": 1933, "specialities": [], "locations": [{"country": "US", "city": "Washington", "postal_code": "20006", "line_1": "1901 Pennsylvania Ave NW", "is_hq": true, "state": "District of Columbia"}], "name": "The Business Council U.S.", "tagline": "The world\u2019s top CEOs, across all industry sectors, convening to connect, share, learn and innovate.", "universal_name_id": "the-business-council-us", "profile_pic_url": "https://s3.us-west-000.backblazeb2.com/proxycurl/company/the-business-council-us/profile?X-Amz-Algorithm=AWS4-HMAC-SHA256&X-Amz-Credential=0004d7f56a0400b0000000001%2F20241126%2Fus-west-000%2Fs3%2Faws4_request&X-Amz-Date=20241126T055930Z&X-Amz-Expires=3600&X-Amz-SignedHeaders=host&X-Amz-Signature=ea63a7d73a7d4575642b095fd8e96b949e46d4d95e2a90698144aacdcdb9dd57", "background_cover_image_url": "https://s3.us-west-000.backblazeb2.com/proxycurl/company/the-business-council-us/cover?X-Amz-Algorithm=AWS4-HMAC-SHA256&X-Amz-Credential=0004d7f56a0400b0000000001%2F20241126%2Fus-west-000%2Fs3%2Faws4_request&X-Amz-Date=20241126T055930Z&X-Amz-Expires=3600&X-Amz-SignedHeaders=host&X-Amz-Signature=decf6e642b03e453dc7fc9bf1cc713922d2c30cc18a92ff8885ef53f2e07152d", "search_id": "5301945", "similar_companies": [{"name": "Fred Hutch", "link": "https://www.linkedin.com/company/fredhutch/", "industry": "Hospitals and Health Care", "location": null}, {"name": "Starbucks", "link": "https://www.linkedin.com/company/starbucks/", "industry": "Retail", "location": null}, {"name": "Microsoft", "link": "https://www.linkedin.com/company/microsoft/", "industry": "Software Development", "location": null}, {"name": "ServiceNow", "link": "https://www.linkedin.com/company/servicenow/", "industry": "Software Development", "location": null}, {"name": "Business Roundtable", "link": "https://www.linkedin.com/company/business-roundtable/", "industry": "Government Relations Services", "location": null}, {"name": "Breakthrough Energy ", "link": "https://www.linkedin.com/company/breakthrough-energy/", "industry": "Strategic Management Services", "location": null}, {"name": "Bill & Melinda Gates Foundation", "link": "https://www.linkedin.com/company/bill-&-melinda-gates-foundation/", "industry": "Non-profit Organizations", "location": null}, {"name": "Bain & Company", "link": "https://www.linkedin.com/company/bain-and-company/", "industry": "Business Consulting and Services", "location": null}, {"name": "Nike", "link": "https://www.linkedin.com/company/nike/", "industry": "Retail", "location": null}, {"name": "Google", "link": "https://www.linkedin.com/company/google/", "industry": "Software Development", "location": null}, {"name": "eBay", "link": "https://www.linkedin.com/company/ebay/", "industry": "Technology, Information and Internet", "location": null}, {"name": "Amazon", "link": "https://www.linkedin.com/company/amazon/", "industry": "Software Development", "location": null}, {"name": "PayPal", "link": "https://www.linkedin.com/company/paypal/", "industry": "Software Development", "location": null}, {"name": "Catalyst Inc.", "link": "https://www.linkedin.com/company/catalystinc/", "industry": "Non-profit Organizations", "location": null}, {"name": "Chevron", "link": "https://www.linkedin.com/company/chevron/", "industry": "Oil and Gas", "location": null}, {"name": "Deloitte", "link": "https://www.linkedin.com/company/deloitte/", "industry": "Business Consulting and Services", "location": null}, {"name": "Seattle Children's", "link": "https://www.linkedin.com/company/seattle-childrens/", "industry": "Hospitals and Health Care", "location": null}, {"name": "Netflix", "link": "https://www.linkedin.com/company/netflix/", "industry": "Entertainment Providers", "location": null}, {"name": "World Economic Forum", "link": "https://www.linkedin.com/company/world-economic-forum/", "industry": "Non-profit Organizations", "location": null}, {"name": "OpenAI", "link": "https://www.linkedin.com/company/openai/", "industry": "Research Services", "location": null}], "affiliated_companies": [], "updates": [{"article_link": "https://www.linkedin.com/posts/the-business-council-us_congratulations-to-target-ceo-brian-cornell-activity-7257440882570792960-zimW", "image": null, "posted_on": {"day": 30, "month": 10, "year": 2024}, "text": "Congratulations to Target CEO Brian Cornell, who will be the next chair of The Business Council U.S. He succeeds Gail K. Boudreaux, CEO of Elevance Health.\n\n\u201cThe Business Council provides an excellent forum for CEOs to exchange ideas and experiences, while working together on solutions to the most complex challenges facing our teams and organizations,\u201d Cornell said. \u201cI thank Gail for her leadership and look forward to helping guide the Council\u2019s next chapter, at a time when this venue and its mission are more vital than ever.\"\n\n\u201cBrian\u2019s forward-thinking leadership has earned him recognition as one of the most influential executives in retail, making him the ideal choice to lead The Business Council,\u201d Boudreaux said.", "total_likes": 3}, {"article_link": "https://www.linkedin.com/posts/the-business-council-us_ceo-confidence-retreated-slightly-in-q4-2024-activity-7257496514095206401-kpkZ", "image": null, "posted_on": {"day": 30, "month": 10, "year": 2024}, "text": "CEO confidence fell for the second consecutive quarter, according to the latest The Conference Board survey in collaboration with The Business Council U.S.. While CEOs remain mildly optimistic overall, they are increasingly concerned about geopolitical, legal and regulatory uncertainty, among other worries.\n\n\u201cThe majority of CEOs still plan to hire or retain workers in the year ahead, but the proportion anticipating a net reduction in payrolls drifted higher, to 26% in Q4,\u201d said Roger W. Ferguson, Jr., Vice Chairman of The Business Council and Chair Emeritus of The Conference Board. \u201cFewer CEOs reported difficulty finding qualified workers, suggesting that the labor market has continued to come into better balance.\n\nhttps://lnkd.in/eN3N3bjX #economy #ceos #geopolitics", "total_likes": 1}, {"article_link": "https://www.linkedin.com/posts/the-business-council-us_finance-womenceos-financialservices-activity-7247628991602257921-h8t2", "image": null, "posted_on": {"day": 10, "month": 10, "year": 2024}, "text": "Congratulations to our members who made American Banker\u2019s \u201cMost Powerful Women in Finance\u201d list for 2024. \n\nRanking in the publication\u2019s top 15 are Thasunda Brown Duckett of TIAA, Adena Friedman of Nasdaq and Penny Pennington of Edward Jones.\n\n#finance #womenceos #financialservices", "total_likes": 1}, {"article_link": "https://www.linkedin.com/posts/the-business-council-us_congratulations-to-our-members-whose-companies-activity-7241531207430152193-ILcl", "image": null, "posted_on": {"day": 30, "month": 9, "year": 2024}, "text": "Congratulations to our members whose companies rank among the world\u2019s top 10 best companies, as chosen by TIME and Statista!\n\n- Accenture (2nd), led by Julie Sweet\n- Microsoft (3rd), led by Satya Nadella\n- Amazon (5th), led by Andy Jassy\n- American Express (7th), led by Steve Squeri\n- Siemens (9th), led by Roland Busch\u00a0\n- JPMorganChase (10th), led by Jamie Dimon", "total_likes": 0}, {"article_link": "https://www.linkedin.com/posts/the-business-council-us_europe-and-the-polycrisis-by-thomas-buberl-activity-7255224061130076162-MUrF", "image": null, "posted_on": {"day": 25, "month": 10, "year": 2024}, "text": "Europe is in the midst of a polycrisis, but the continent is well-equipped to deal with this challenge, provided that it envisions the future while addressing key issues related to finance, defense, and social welfare, argues AXA CEO Thomas Buberl. \n\n\u201cStart with vision,\u201d he writes. \u201cEurope needs an explicit strategy for tackling the polycrisis that synchronizes time horizons to improve short-term crisis management (essential to break self-reinforcing crisis mechanisms) and establish shared long-term objectives (essential to maintain momentum).\u201d\n\nhttps://lnkd.in/emR7BjyH #europe #geopolitics #polycrisis", "total_likes": 0}, {"article_link": "https://www.linkedin.com/posts/the-business-council-us_allstate-ceo-tom-wilson-the-insurance-industry-activity-7251962563691704322-KLpw", "image": null, "posted_on": {"day": 17, "month": 10, "year": 2024}, "text": "Allstate CEO Tom Wilson shares how his employees prepare ahead of natural disasters like Helene and Milton. \n\n\u201cWe obviously staff up the call centers, but we're more proactive than that,\u201d he says. \u201cIf we haven't heard from a customer a couple days after a storm, we will go to their house. we send emails, we do advertising and say, \u2018If you're an Allstate customer, call us.\u2019\u201d\n\nDespite the devastation caused by those recent hurricanes, \u201cthe insurance industry itself is not in bad shape,\u201d he says, although he says high-risk states like Florida and California need to make changes.\n\nhttps://lnkd.in/eidamnXA #homeinsurance #insurance #disasterresponse", "total_likes": 0}], "follower_count": 2543, "acquisitions": null, "exit_data": null, "extra": null, "funding_data": [], "categories": null, "customer_list": null}
