{"linkedin_internal_id": "5290", "description": "Founded in 1881 as the world\u2019s first collegiate business school, the Wharton School of the University of Pennsylvania remains guided by Joseph Wharton\u2019s original vision: using analytical expertise to produce well-rounded leaders to drive societal progress. As we continue our quest for positive global impact, the Wharton Way serves as our philosophical North Star with three areas of focus \u2013 elevating our research impact, innovating through our pedagogy, and collaborating across disciplines and divides.\n\nWith a standing faculty of 241 renowned professors, Wharton has 5,000+ students across four degree programs: undergraduate, MBA, executive MBA, and doctoral. Each year 13,000+ professionals from around the world advance their careers through Wharton Executive Education\u2019s individual, company-customized, and online programs \u2013 with 200,000+ others earning certificates from Wharton Online since 2015. More than 104,000 Wharton alumni form a powerful global network of leaders who transform business every day. ", "website": "http://www.wharton.upenn.edu/", "industry": "Higher Education", "company_size": [501, 1000], "company_size_on_linkedin": 7336, "hq": {"country": "US", "city": "Philadelphia", "postal_code": "19104", "line_1": "The Wharton School", "is_hq": true, "state": "PA"}, "company_type": "EDUCATIONAL", "founded_year": null, "specialities": ["Accounting", "Business Economics & Public Policy", "Finance", "Health Care Management", "Legal Studies & Business Ethics", "Management", "Marketing", "Operations & Information Management", "Real Estate", "Statistics"], "locations": [{"country": "US", "city": "Philadelphia", "postal_code": "19104", "line_1": "The Wharton School", "is_hq": true, "state": "PA"}, {"country": "US", "city": "San Francisco", "postal_code": "94105", "line_1": "Wharton | San Francisco", "is_hq": true, "state": "CA"}], "name": "The Wharton School", "tagline": null, "universal_name_id": "the-wharton-school", "profile_pic_url": "https://s3.us-west-000.backblazeb2.com/proxycurl/company/the-wharton-school/profile?X-Amz-Algorithm=AWS4-HMAC-SHA256&X-Amz-Credential=0004d7f56a0400b0000000001%2F20241126%2Fus-west-000%2Fs3%2Faws4_request&X-Amz-Date=20241126T050803Z&X-Amz-Expires=3600&X-Amz-SignedHeaders=host&X-Amz-Signature=8d003b7ee63dbf8a7e4f3ddab32a1cfe6353400247d457081835ad7ede86330e", "background_cover_image_url": "https://s3.us-west-000.backblazeb2.com/proxycurl/company/the-wharton-school/cover?X-Amz-Algorithm=AWS4-HMAC-SHA256&X-Amz-Credential=0004d7f56a0400b0000000001%2F20241126%2Fus-west-000%2Fs3%2Faws4_request&X-Amz-Date=20241126T050803Z&X-Amz-Expires=3600&X-Amz-SignedHeaders=host&X-Amz-Signature=f3c4d5f7ff16f8f23f8db175ace02a3239cd723a718f883a914de020ea16a460", "search_id": "5290", "similar_companies": [{"name": "Wharton AI & Analytics Initiative", "link": "https://www.linkedin.com/company/whartonaiai/", "industry": "Higher Education", "location": null}, {"name": "eCourcers", "link": "https://www.linkedin.com/company/ecourcers/", "industry": "E-learning", "location": null}, {"name": "Consulting Club - London Business School", "link": "https://www.linkedin.com/company/lbs-cclub/", "industry": "Business Consulting and Services", "location": null}, {"name": "Knowledge at Wharton", "link": "https://www.linkedin.com/company/knowledge-wharton/", "industry": "Business Content", "location": null}, {"name": "Stanford Online", "link": "https://www.linkedin.com/company/stanford-online/", "industry": "Higher Education", "location": null}, {"name": "Wharton Interactive", "link": "https://www.linkedin.com/company/wharton-interactive/", "industry": "E-Learning Providers", "location": null}, {"name": "Harvard Griffin GSAS Consulting Club", "link": "https://www.linkedin.com/company/harvardgsasconsultingclub/", "industry": "Business Consulting and Services", "location": null}, {"name": "Stanford GSB Executive Education", "link": "https://www.linkedin.com/company/stanford-graduate-school-of-business-executive-education/", "industry": "Higher Education", "location": null}, {"name": "Free Online Courses With Certificates", "link": "https://www.linkedin.com/company/freeonlinecourseswithcertificates/", "industry": "E-Learning Providers", "location": null}, {"name": "Harvard Business Review", "link": "https://www.linkedin.com/company/harvard-business-review/", "industry": "Book and Periodical Publishing", "location": null}, {"name": "MIT OpenCourseWare", "link": "https://www.linkedin.com/company/mit-opencourseware/", "industry": "E-learning", "location": null}, {"name": "Blackstone", "link": "https://www.linkedin.com/company/blackstonegroup/", "industry": "Financial Services", "location": null}, {"name": "University of Oxford, Department of Physics", "link": "https://www.linkedin.com/company/university-of-oxford-department-of-physics/", "industry": "Higher Education", "location": null}, {"name": "Excel Daily Hack", "link": "https://www.linkedin.com/company/excel-daily-hack/", "industry": "E-Learning Providers", "location": null}, {"name": "BlackRock", "link": "https://www.linkedin.com/company/blackrock/", "industry": "Financial Services", "location": null}, {"name": "Goldman Sachs", "link": "https://www.linkedin.com/company/goldman-sachs/", "industry": "Financial Services", "location": null}, {"name": "Boston Consulting Group (BCG)", "link": "https://www.linkedin.com/company/boston-consulting-group/", "industry": "Business Consulting and Services", "location": null}, {"name": "Generative AI", "link": "https://www.linkedin.com/company/genai-works/", "industry": "Technology, Information and Internet", "location": null}, {"name": "McKinsey & Company", "link": "https://www.linkedin.com/company/mckinsey/", "industry": "Business Consulting and Services", "location": null}, {"name": "Wharton Online", "link": "https://www.linkedin.com/school/wharton-online/", "industry": "E-learning", "location": null}], "affiliated_companies": [{"name": "Wharton Executive Education", "link": "https://www.linkedin.com/school/wharton-executive-education/", "industry": "Education Administration Programs", "location": null}, {"name": "Wharton AI & Analytics Initiative", "link": "https://www.linkedin.com/company/whartonaiai/", "industry": "Higher Education", "location": null}, {"name": "Wharton Online", "link": "https://www.linkedin.com/school/wharton-online/", "industry": "E-learning", "location": null}, {"name": "Finance at Wharton", "link": "https://www.linkedin.com/showcase/whartonfinance/", "industry": "Higher Education", "location": null}, {"name": "Wharton Interactive", "link": "https://www.linkedin.com/company/wharton-interactive/", "industry": "E-Learning Providers", "location": null}, {"name": "The ESG Initiative at the Wharton School", "link": "https://www.linkedin.com/showcase/wharton-esg/", "industry": "Research Services", "location": null}, {"name": "Knowledge at Wharton", "link": "https://www.linkedin.com/company/knowledge-wharton/", "industry": "Business Content", "location": null}, {"name": "Wharton Coalition for Equity and Opportunity (CEO)", "link": "https://www.linkedin.com/showcase/wharton-ceo/", "industry": "Higher Education", "location": null}, {"name": "Wharton Global Youth Program", "link": "https://www.linkedin.com/school/wharton-global-youth/", "industry": "E-Learning Providers", "location": null}], "updates": [{"article_link": "https://www.linkedin.com/posts/the-wharton-school_the-fall-finale-of-our-new-policies-that-activity-7248046537224728576-ltNF", "image": null, "posted_on": {"day": 26, "month": 10, "year": 2024}, "text": "The fall finale of our new Policies That Work series will focus on how changing policies and market conditions are reshaping the dream of American homeownership.\n\nReal Estate Profs. Susan Wachter, Joe Gyourko, and Maisy Wong will help you discover how shifts in mortgage rates, housing affordability, and market trends are impacting access to homeownership, and how policymakers and industry leaders are working to address these issues to create a more sustainable future for housing.\n\nLearn more about this fall\u2019s three-part series, which explores key policies shaping America: whr.tn/policiesthatwork", "total_likes": 27}, {"article_link": "https://www.linkedin.com/posts/the-wharton-school_whartonproud-activity-7266829259229257729-fEK_", "image": "https://media.licdn.com/dms/image/v2/D4E10AQG1t9cN8G6V-g/image-shrink_1280/image-shrink_1280/0/1732547106355?e=1733194800&v=beta&t=kImaWuu1DlhEUJW35ZFg3qL6hVkEC54nxCB_9Twoazc", "posted_on": {"day": 25, "month": 11, "year": 2024}, "text": "\ud83d\udc4f Prof. Ethan Mollick has been named Poets&Quants' MBA Professor of the Year: https://whr.tn/4g0MZ3D\n\nProf. Mollick is the Co-Director of Wharton AI & Analytics Initiative's Generative AI Labs and studies the effects of AI on work, entrepreneurship, and education. #WhartonProud", "total_likes": 1194}, {"article_link": "https://www.linkedin.com/posts/the-wharton-school_whartonmba-activity-7265046419865059330-k860", "image": "https://media.licdn.com/dms/image/v2/D4E10AQGnoCXP8sDTpA/image-shrink_1280/image-shrink_1280/0/1732122040686?e=1733194800&v=beta&t=Nkz3YNmrNuvCopzlwQpYjgahutLFOvG3fV8P207q9RM", "posted_on": {"day": 21, "month": 11, "year": 2024}, "text": "From coworkers to classmates to fianc\u00e9s. \ud83d\udc99\u2764\ufe0f That\u2019s the story of #WhartonMBA students Adi Gupta and Rishika Kumar (both WG\u201925), who recently got engaged in Paris, France.\n\nAdi and Rishika\u2019s relationship began like all great love stories do \u2013 on a Zoom meeting for work. While working for Bain & Company in India, the pair crossed paths while planning a company party and started a long-distance relationship between Delhi and Bangalore shortly thereafter.\n\nThey both aspired to attend business school, so they decided to apply to Wharton together. After getting in, they moved from India to Philadelphia, embarking on their MBA journey with a built-in best friend. Now in their second year, they\u2019ve built a close-knit community through their classes, cohort, clubs, and as Student Life Fellows. \n\n\u201cComing to Wharton was the first time I moved out of home, so having Adi with me made it so much easier,\u201d says Rishika. \u201cMoving internationally can be daunting, but having Adi turned it into an easy transition. Anyone either of us would meet soon became part of our growing circle of friends. Another reason I'm so glad we got engaged here is that we were able to share it with our Wharton family.\u201d\n\nAfter graduating in the spring, the couple plans to move to San Francisco to begin the next chapter of their lives, both personally and professionally.", "total_likes": 11036}, {"article_link": "https://www.linkedin.com/posts/the-wharton-school_champions-for-financial-legacy-activity-7266174072181383168-A65G", "image": null, "posted_on": {"day": 24, "month": 11, "year": 2024}, "text": "The Wharton Coalition for Equity and Opportunity (CEO) has partnered with the Shawn Carter Foundation, with support from Toyota North America, to launch Champions for Financial Legacy, a comprehensive financial education initiative designed to empower students at Historically Black Colleges and Universities and surrounding communities: https://whr.tn/3ZjwhH7\n\nChampions for Financial Legacy is designed to close the racial wealth gap by equipping students with critical financial knowledge and skills for economic success and social mobility. The program, modeled after Bridges to Wealth and Prof. Keith Weigelt\u2019s curriculum, launches in Spring 2025 at Lincoln University, Norfolk State University, and Virginia State University.\n\n\u201cThis partnership will help us remain committed to closing the wealth gap through an evidence-based approach,\u201d says #WhartonCEO Managing Director Fareeda Griffith, Ph.D.\n\nLearn more on Champions for Financial Legacy\u2019s website: https://whr.tn/3ZjwhXD", "total_likes": 40}, {"article_link": "https://www.linkedin.com/posts/the-wharton-school_nationalentrepreneursday-whartongrad-activity-7264715585299648514-3ScJ", "image": "https://media.licdn.com/dms/image/v2/D4E10AQGUFb2uOhK40A/image-shrink_1280/image-shrink_1280/0/1732043163752?e=1733194800&v=beta&t=KEw5pSiS60rJKDJ3hNWF8B5a2wVxUj1Qkxic5l1IpKY", "posted_on": {"day": 20, "month": 11, "year": 2024}, "text": "Happy #NationalEntrepreneursDay to all of our #WhartonGrad founders!\n\nFrom a tech-forward real estate insurance company to sustainable skincare and clothing brands to a startup aimed at helping employers provide seamless parental leave experiences, Wharton Magazine's Watchlist highlights 14 new and notable ventures from Wharton alumni and students: https://whr.tn/3UTwjCT\n\nFeatured: Serena Advani(C\u201917, W\u201917, WG\u201922), Itai Ben-Zaken (WG\u201908), Patrick J Byrne MD FACS MBA (WG\u201915), Vaibhavi Gangwar (VG) (WG\u201920), Jeff Keswin (ENG\u201990, W\u201990),Yuchun Ku (WG\u201902), Piotr Lazarek (ENG\u201925, W\u201925), Hannah M. Le (W\u201920), Sing L. (WG\u201922), Irene Liu (WG\u201922), Fiona Simmonds (WG\u201905), Caroline Strzalka (C\u201900, WG\u201905), Tara Maeve Townsend (W\u201904), Bryan Verona (W\u201994), Allison Whalen (WG\u201914), and Maria Y. (WG\u201910).", "total_likes": 138}, {"article_link": "https://www.linkedin.com/posts/wharton-online_whartononline-aiforeducators-edtech-activity-7265363346722377729-dbFb", "image": "https://media.licdn.com/dms/image/v2/D4E22AQF3huNNZSe7bw/feedshare-shrink_2048_1536/feedshare-shrink_2048_1536/0/1732197612465?e=1735776000&v=beta&t=6M_b03VssOd9-dNZgij-uiANS36-j6jTvDV2YqM5gQ0", "posted_on": {"day": 22, "month": 11, "year": 2024}, "text": "Wharton Online is excited to launch AI in Education: Leveraging ChatGPT for Teaching in collaboration with OpenAI.\n\nThis brand-new course on Coursera, created with insights from OpenAI, is designed to empower educators in both higher ed and high school to integrate cutting-edge AI into their teaching practices.\n\nLed by renowned AI expert Prof. Ethan Mollick and Dr. Lilach M., a highly regarded specialist in pedagogy, participants will:\n\n- Master the fundamentals of GenAI and practical applications, including tools like ChatGPT.\n\n- Understand the benefits and challenges of AI in educational contexts, with a focus on ethics and privacy.\n\n- Explore how AI can enhance teaching methods and support educators in their daily roles.\n\n- Learn techniques for effective AI prompting, building GPTs, and evaluating AI outputs.\n\n- Design and test engaging AI assignments for students.\n\nWhether you're just starting to experiment with AI or looking to elevate your teaching approach, this course provides a powerful toolkit to bring AI into the classroom.\n\nLearn more and enroll here: https://bit.ly/3OgJ9Yt\n\n#WhartonOnline #AIforEducators #EdTech #OpenAI", "total_likes": 175}], "follower_count": 627660, "acquisitions": null, "exit_data": null, "extra": null, "funding_data": [], "categories": null, "customer_list": null}
