{"linkedin_internal_id": "10002306", "description": "We are a 'digital hotel company'. To borrow and extend Steve Jobs' words - we work with the mind of an engineer and the heart of a hotelier. This is best evident in our two business units - \"Treebo Club\" and \"Hotel Superhero\". \n\nTreebo Hotels is India's most loved hotel chain in the premium-budget segment. We have used technology to drive quality control at scale in the economy segment of hotel industry, which was so far unorganised and fragmented. We offer travellers a safe, clean, comfortable accommodation at affordable prices. We are rated 7.8/10 by customers, miles ahead of other players. We have 600+ hotels across 100+ cities under our brand. \n\nHotel Superhero is our brand-new, super-exciting, pure-play technology business. Over the years, we realised that the tech solutions we had built for our own use at Treebo were truly cutting edge and unparalleled in the industry. So we decided to externalise and monetise them as a SaaS business. As part of Hotel Superhero we offer an integrated, intuitive, and extremely powerful hotel management software which takes care of all technology needs of hotels. We offer central reservation system, property management system, revenue manager, channel manager, and a lot more as part of an all-in-one solution. \n\nOur target clients are anyone and everyone running a hospitality business - whether these are boutique hotels, vacation rentals, mid-sized chains, hostels, or large global chains. We have global ambitions with this business and have already developed clients outside India for this business.\n\nHotel Superhero is the business we are actively hiring tech talent for. We are a small team with big ambitions. Joining the Hotel Superhero team could be a great opportunity to get step-up opportunities to build meaty, challenging products. \n\nWe pride ourselves for building a company with a fantastic culture and highly accomplished base of current and past employees. Check out our other pages here to know more.", "website": "https://www.treebo.com", "industry": "Hospitality", "company_size": [501, 1000], "company_size_on_linkedin": 1029, "hq": {"country": null, "city": null, "postal_code": null, "line_1": null, "is_hq": true, "state": null}, "company_type": "PRIVATELY_HELD", "founded_year": 2015, "specialities": ["Technology", "Innovation", "Hospitality", "Travel Tech", "Brand", "Budget Hotels", "Hospitality Tech", "Distribution", "Marketing", "SaaS", "Cloud Tech"], "locations": [{"country": null, "city": null, "postal_code": null, "line_1": null, "is_hq": true, "state": null}, {"country": "IN", "city": "Bangalore", "postal_code": null, "line_1": "Jayanagar", "is_hq": false, "state": "Karnataka"}], "name": "Treebo Hospitality Ventures", "tagline": "Using technology to transform one of the largest and most popular sectors - travel & hospitality. Join us on the joyride", "universal_name_id": "treebohotels", "profile_pic_url": "https://s3.us-west-000.backblazeb2.com/proxycurl/company/treebohotels/profile?X-Amz-Algorithm=AWS4-HMAC-SHA256&X-Amz-Credential=0004d7f56a0400b0000000001%2F20241126%2Fus-west-000%2Fs3%2Faws4_request&X-Amz-Date=20241126T050811Z&X-Amz-Expires=3600&X-Amz-SignedHeaders=host&X-Amz-Signature=cd891b07a55c170d496a8782e5e213363d09e7819793f1dd6c16b7d6953f0528", "background_cover_image_url": "https://s3.us-west-000.backblazeb2.com/proxycurl/company/treebohotels/cover?X-Amz-Algorithm=AWS4-HMAC-SHA256&X-Amz-Credential=0004d7f56a0400b0000000001%2F20241126%2Fus-west-000%2Fs3%2Faws4_request&X-Amz-Date=20241126T050811Z&X-Amz-Expires=3600&X-Amz-SignedHeaders=host&X-Amz-Signature=71ee43650fc83bc2248fe760bc3739b5d80ea85e90275c11962d43530ccf5f8a", "search_id": "10002306", "similar_companies": [{"name": "FabHotels", "link": "https://in.linkedin.com/company/fabhotels-com", "industry": "Hospitality", "location": "Gurgaon, Haryana"}, {"name": "OYO", "link": "https://in.linkedin.com/company/oyo-rooms", "industry": "Technology, Information and Internet", "location": "Gurugram, Haryana, India"}, {"name": "MakeMyTrip", "link": "https://in.linkedin.com/company/makemytrip.com", "industry": "Technology, Information and Internet", "location": "Gurgaon, Harayana"}, {"name": "Zostel", "link": "https://in.linkedin.com/company/zostel", "industry": "Hospitality", "location": "Gurugram, Haryana"}, {"name": "Stanza Living", "link": "https://in.linkedin.com/company/stanzaliving", "industry": "Hospitality", "location": "Delhi, Delhi"}, {"name": "Zomato", "link": "https://in.linkedin.com/company/zomato", "industry": "Technology, Information and Internet", "location": "Gurugram, Haryana"}, {"name": "Zolo", "link": "https://in.linkedin.com/company/zolostays", "industry": "Hospitality", "location": "Bengaluru, Karnataka"}, {"name": "Swiggy", "link": "https://in.linkedin.com/company/swiggy-in", "industry": "Technology, Information and Internet", "location": "Bengaluru, Karnataka"}, {"name": "The Hosteller", "link": "https://in.linkedin.com/company/the-hosteller-hospitality", "industry": "Hospitality", "location": "Mumbai, Maharashtra"}, {"name": "Bloom", "link": "https://in.linkedin.com/company/bloomhotelgroup", "industry": "Hospitality", "location": "New Delhi , Delhi"}], "affiliated_companies": [], "updates": [{"article_link": null, "image": "https://media.licdn.com/dms/image/v2/D4D22AQGzdr5awVyOgQ/feedshare-shrink_2048_1536/feedshare-shrink_2048_1536/0/1719394317542?e=2147483647&v=beta&t=UsjOo6YXJ3vyuOSliyOFDf2enfiVsubT8elPn4lvnjw", "posted_on": {"day": 22, "month": 7, "year": 2024}, "text": "We're delighted to hear that you enjoyed your stay with us! \ud83d\ude0a\n\nEnsuring our guests' comfort and satisfaction is our top priority. Your kind words about our attention to cleanliness mean a lot to us. \ud83c\udf1f\n\nWe hope to see you again soon for another enjoyable stay!\ud83d\udecf\ufe0f\ud83d\udcbc\n\n#TreeboHotels #Testimonials", "total_likes": 15}, {"article_link": null, "image": "https://media.licdn.com/dms/image/v2/D4D22AQFlxBtsBidxzw/feedshare-shrink_2048_1536/feedshare-shrink_2048_1536/0/1719295894189?e=2147483647&v=beta&t=iMJ3r2BTCLsOwav8HSrqxA8VUZRKR675LlbCu7ybHYU", "posted_on": {"day": 22, "month": 6, "year": 2024}, "text": "Joining us in the Central B2B team is Subhash Anukula who brings 2+ years of rich experience and a love for travelling. \ud83d\udc9a \n\nWe're excited to see his creativity and enthusiasm in action. \ud83c\udf89 \n\nHere's to new beginnings and a great stint at Treebo. We wish you all the very best! \u2728 \n\n#Treebo #NewJoinees", "total_likes": 12}, {"article_link": null, "image": "https://media.licdn.com/dms/image/v2/D4D22AQFBAevcKGF5Tw/feedshare-shrink_2048_1536/feedshare-shrink_2048_1536/0/1719296124369?e=2147483647&v=beta&t=k9j4LvSicZAtkKxZ7aAuw7r9yj_xVL7NaoQj-3zga0I", "posted_on": {"day": 22, "month": 6, "year": 2024}, "text": "Joining us in the Business Development team is Shashi Kant Bhardwaj who brings 8 years of rich experience and a love for cricket. \ud83d\udc9a \n\nWe're excited to see his creativity and enthusiasm in action. \ud83c\udf89 \n\nHere's to new beginnings and a great stint at Treebo. We wish you all the very best! \u2728 \n\n#Treebo #NewJoinees", "total_likes": 20}, {"article_link": null, "image": "https://media.licdn.com/dms/image/v2/D4D22AQHxmNaZI3rSAA/feedshare-shrink_2048_1536/feedshare-shrink_2048_1536/0/1719296009645?e=2147483647&v=beta&t=kNO5ZTiwRVixXVrZqfEcx4lWgZCGPCVTXigPTTj6DHU", "posted_on": {"day": 22, "month": 6, "year": 2024}, "text": "Joining us in the Assisted Sales team is Shreyansh Shukla who brings 3+ years of rich experience and a love for reading. \ud83d\udc9a \n\nWe're excited to see his creativity and enthusiasm in action. \ud83c\udf89 \n\nHere's to new beginnings and a great stint at Treebo. We wish you all the very best! \u2728 \n\n#Treebo #NewJoinees", "total_likes": 43}, {"article_link": null, "image": "https://media.licdn.com/dms/image/v2/D4D22AQE3eJQ66K7gNg/feedshare-shrink_2048_1536/feedshare-shrink_2048_1536/0/1719296245349?e=2147483647&v=beta&t=gsNXuIo7rSsFleIm3dqFszGlxaelxwIGeSirNpSz_9g", "posted_on": {"day": 22, "month": 6, "year": 2024}, "text": "Joining us in the Central B2B team is Inti Manikanta Paparao who brings 1+ years of rich experience and a love for cricket. \ud83d\udc9a \n\nWe're excited to see his creativity and enthusiasm in action. \ud83c\udf89 \n\nHere's to new beginnings and a great stint at Treebo. We wish you all the very best! \u2728 \n\n#Treebo #NewJoinees", "total_likes": 11}, {"article_link": null, "image": "https://media.licdn.com/dms/image/v2/D4D22AQGmWbDxCtDZ4A/feedshare-shrink_2048_1536/feedshare-shrink_2048_1536/0/1719295790708?e=2147483647&v=beta&t=rR4RmCCaCY2Uc3GRBjVDjbnvkYjC6PqxT9zyEz5Smzs", "posted_on": {"day": 22, "month": 6, "year": 2024}, "text": "Joining us in the B2B Sales is Sujith Kumar Surendran who brings 13 years of rich experience and a love for cricket. \ud83d\udc9a \n\nWe're excited to see his creativity and enthusiasm in action. \ud83c\udf89 \n\nHere's to new beginnings and a great stint at Treebo. We wish you all the very best! \u2728 \n\n#Treebo #NewJoinees", "total_likes": 15}, {"article_link": null, "image": "https://media.licdn.com/dms/image/v2/D4D22AQEY5mIoH4QIKw/feedshare-shrink_2048_1536/feedshare-shrink_2048_1536/0/1718688817551?e=2147483647&v=beta&t=3Qy_loTH_QB6ywO5z3ErQYAltFoORgmH8b4X3atuyXw", "posted_on": {"day": 22, "month": 6, "year": 2024}, "text": "We are extremely glad to read your amazing review. \ud83c\udf89\n\n It's delightful to know that you found the variety and quality of our restaurant's dishes impressive and the menu's mix of local and international options has met your standards. Your positive feedback encourages us to keep delivering exceptional stay and dining experiences. \ud83d\ude4c\u2728\n\nWe hope to welcome you back soon! \ud83d\ude07\n\n#Testimonial #TreeboHotels", "total_likes": 6}, {"article_link": null, "image": "https://media.licdn.com/dms/image/v2/D4D22AQFraoRgA0e3bQ/feedshare-shrink_2048_1536/feedshare-shrink_2048_1536/0/1718527009629?e=2147483647&v=beta&t=h3rrG-HJOhuEttOZasC3pTxeiqZ1yS5PpU8UtO3qRso", "posted_on": {"day": 22, "month": 6, "year": 2024}, "text": "\ud83c\udf1f Introducing our campus recruit, Mihir Gadhvi, fresh from the halls of IIT Mandi! \ud83c\udf93\ud83c\udf1f \ud83c\udfe8\u2728\n\nApart from his interest in business, he also spends his time writing or reading.\ud83c\udf3f\n\nWelcome aboard, Mihir! We wish you the best and lots of growth ahead. \ud83d\ude80\n\n #CampusHires #NewJoiness #NewBeginnings #TeamTreebo \ud83d\udece\ufe0f\ud83c\udf1f", "total_likes": 142}, {"article_link": null, "image": "https://media.licdn.com/dms/image/v2/D4D22AQEj-DY3nDY57g/feedshare-shrink_2048_1536/feedshare-shrink_2048_1536/0/1718427601799?e=2147483647&v=beta&t=mzlNXDvXTe56peoOC0L--UfJ2lEX0Bsw3vZ855bA1To", "posted_on": {"day": 22, "month": 6, "year": 2024}, "text": "A hearty welcome to Sikandar Shaikh to the Treebo Hotels team! \ud83c\udf1f \n\nHe has joined us as a Cluster Growth Head in the Business Development team where we hope he thrives.\ud83c\udfe8 \n\nWith an interest in mountaineering, he brings interesting insights to his team.\u2728\n\nLet\u2019s wish him all the luck and hope he has a wonderful time at Treebo Hotels.\n\n#NewJoinee #TreeboHotels", "total_likes": 28}, {"article_link": null, "image": "https://media.licdn.com/dms/image/v2/D4D22AQEA75oz_o4VVw/feedshare-shrink_800/feedshare-shrink_800/0/1718339695809?e=2147483647&v=beta&t=9d_mosA3ZFDnrNKRsG3OLy8arqm2NImg3Wqyi7VBFG8", "posted_on": {"day": 22, "month": 6, "year": 2024}, "text": "With great excitement, we welcome Parth Lal, who has joined Treebo Hotels as Chief of Staff. \u2728 \n\nIn this pivotal role, he'll collaborate closely with our Co-founder and CEO, Sidharth Gupta and the leadership team on vital projects. \ud83d\ude80 \n\nA recent MBA graduate from Indian School of Business, he will ensure a quick and efficient execution of some of the most vital initiatives of the company. However, beyond the boardroom, he's also an avid theatre enthusiast and a skilled mixologist. \ud83c\udf78 \n\nHere's to wishing him a whole lot of success and fulfilment in his role at Treebo Hotels! \ud83d\ude4c \n\n#ChiefofStaff #TreeboHotels", "total_likes": 236}], "follower_count": 172391, "acquisitions": null, "exit_data": null, "extra": null, "funding_data": [], "categories": null, "customer_list": null}
