{"linkedin_internal_id": "3881", "description": "One of the world\u2019s great intellectual destinations, the University of Chicago empowers scholars and students to ask tough questions, cross disciplinary boundaries, and challenge conventional thinking to enrich human life around the globe. http://www.uchicago.edu/about/", "website": "https://www.uchicago.edu/", "industry": "Higher Education", "company_size": [10001, null], "company_size_on_linkedin": 0, "hq": {"country": "US", "city": "Chicago", "postal_code": "60637", "line_1": "5801 South Ellis Avenue", "is_hq": true, "state": "IL"}, "company_type": "EDUCATIONAL", "founded_year": null, "specialities": [""], "locations": [{"country": "US", "city": "Chicago", "postal_code": "60637", "line_1": "5801 South Ellis Avenue", "is_hq": true, "state": "IL"}], "name": "University of Chicago", "tagline": null, "universal_name_id": "uchicago", "profile_pic_url": "https://s3.us-west-000.backblazeb2.com/proxycurl/company/uchicago/profile?X-Amz-Algorithm=AWS4-HMAC-SHA256&X-Amz-Credential=0004d7f56a0400b0000000001%2F20241126%2Fus-west-000%2Fs3%2Faws4_request&X-Amz-Date=20241126T054233Z&X-Amz-Expires=3600&X-Amz-SignedHeaders=host&X-Amz-Signature=07bd43139251561498e6212d7f5a646186183435cc7042a115407b79a449efec", "background_cover_image_url": "https://s3.us-west-000.backblazeb2.com/proxycurl/company/uchicago/cover?X-Amz-Algorithm=AWS4-HMAC-SHA256&X-Amz-Credential=0004d7f56a0400b0000000001%2F20241126%2Fus-west-000%2Fs3%2Faws4_request&X-Amz-Date=20241126T054233Z&X-Amz-Expires=3600&X-Amz-SignedHeaders=host&X-Amz-Signature=fb8491752e10f01c24e5a154ce57a9822461571ed464957f442d536020d3feba", "search_id": "3881", "similar_companies": [{"name": "University of Chicago Department of Computer Science", "link": "https://www.linkedin.com/company/uchicagocs", "industry": "Higher Education", "location": "Chicago, Illinois"}, {"name": "UChicago Medicine", "link": "https://www.linkedin.com/company/university-of-chicago-medicine", "industry": "Hospitals and Health Care", "location": "Chicago, IL"}, {"name": "Biological Sciences Division at the University of Chicago", "link": "https://www.linkedin.com/company/biological-sciences-division-at-the-university-of-chicago", "industry": "Higher Education", "location": "Chicago, Illinois"}, {"name": "University of Chicago Career Advancement", "link": "https://www.linkedin.com/company/career-advancement-the-university-of-chicago", "industry": "Higher Education", "location": "Chicago, IL"}, {"name": "University of Oxford, Department of Physics", "link": "https://uk.linkedin.com/company/university-of-oxford-department-of-physics", "industry": "Higher Education", "location": "Oxford, Oxfordshire"}, {"name": "University of Chicago Medicine Comprehensive Cancer Center", "link": "https://www.linkedin.com/company/university-of-chicago-medicine-comprehensive-cancer-center", "industry": "Non-profit Organizations", "location": "Chicago, IL"}, {"name": "Work From Home/ Fresher & Experience Jobs", "link": "https://in.linkedin.com/company/work-from-home-jobs-for-all", "industry": "Human Resources Services", "location": null}, {"name": "Melbourne Centre for the Study of Higher Education", "link": "https://au.linkedin.com/company/melbourne-cshe", "industry": "Higher Education", "location": "University of Melbourne, VIC"}, {"name": "The Nobel Prize", "link": "https://se.linkedin.com/company/nobelprize", "industry": "Non-profit Organizations", "location": null}, {"name": "UChicago Data Science Institute", "link": "https://www.linkedin.com/company/dsi-uchicago", "industry": "Research Services", "location": "Chicago, IL"}], "affiliated_companies": [{"name": "Harris School of Public Policy at the University of Chicago", "link": "https://www.linkedin.com/school/harrispolicy/", "industry": "Higher Education", "location": "Chicago, il"}, {"name": "Polsky Center at the University of Chicago", "link": "https://www.linkedin.com/company/polsky-center", "industry": "Higher Education", "location": "Chicago, Illinois"}, {"name": "University of Chicago Career Advancement", "link": "https://www.linkedin.com/company/career-advancement-the-university-of-chicago", "industry": "Higher Education", "location": "Chicago, IL"}, {"name": "The University of Chicago Graham School", "link": "https://www.linkedin.com/school/university-of-chicago-graham-school/", "industry": "Higher Education", "location": "Chicago, Illinois"}, {"name": "University of Chicago Crown Family School of Social Work, Policy, and Practice", "link": "https://www.linkedin.com/school/university-of-chicago-crown-family-school/", "industry": "Higher Education", "location": "Chicago, Illinois"}, {"name": "Biological Sciences Division at the University of Chicago", "link": "https://www.linkedin.com/company/biological-sciences-division-at-the-university-of-chicago", "industry": "Higher Education", "location": "Chicago, Illinois"}, {"name": "Smart Museum of Art, The University of Chicago", "link": "https://www.linkedin.com/company/smart-museum-of-art", "industry": "Museums, Historical Sites, and Zoos", "location": "Chicago, Illinois"}, {"name": "University of Chicago Department of Computer Science", "link": "https://www.linkedin.com/company/uchicagocs", "industry": "Higher Education", "location": "Chicago, Illinois"}, {"name": "UChicago Institute for Climate and Sustainable Growth", "link": "https://www.linkedin.com/showcase/uchicago-climate/", "industry": "Higher Education", "location": null}, {"name": "Alumni Relations & Development (ARD)", "link": "https://www.linkedin.com/showcase/alumni-relations-&-development-ard-/", "industry": "Higher Education", "location": "Chicago, Illinois"}, {"name": "Big Brains Podcast", "link": "https://www.linkedin.com/showcase/big-brains-podcast/", "industry": "Online Audio and Video Media", "location": "Chicago, IL"}, {"name": "UChicago IT Services", "link": "https://www.linkedin.com/showcase/its-uchicago/", "industry": "IT System Operations and Maintenance", "location": "Chicago, IL"}, {"name": "Arts + Public Life", "link": "https://www.linkedin.com/showcase/arts-public-life/", "industry": "Retail Art Supplies", "location": null}, {"name": "University of Chicago Forum for Free Inquiry and Expression", "link": "https://www.linkedin.com/showcase/university-of-chicago-forum-for-free-inquiry-and-expression/", "industry": "Higher Education", "location": "Chicago, Illinois"}, {"name": "Place Lab Chicago", "link": "https://www.linkedin.com/showcase/place-lab-chicago/", "industry": "Think Tanks", "location": null}], "updates": [{"article_link": null, "image": "https://media.licdn.com/dms/image/v2/D5610AQGSB9bwJb0cxA/image-shrink_800/image-shrink_800/0/1731000588552?e=2147483647&v=beta&t=YE_jb_Uj99b0yK4pZ5jdYki1Z-EQdvA_GbJsse6H1x0", "posted_on": {"day": 7, "month": 11, "year": 2024}, "text": "\"It's really this beautiful marriage of material science, chemistry, physics and neurobiology.\"\n\nScientists from UChicago, Chicago State University, and University of Illinois Chicago are joining forces to adapt imaging technology to drastically speed up the capturing of brain images, unlocking new doors for neuroscience research. Learn more: http://ms.spr.ly/6043Ww3KV", "total_likes": 63}, {"article_link": null, "image": "https://media.licdn.com/dms/image/v2/D5610AQHzaftkH67_zA/image-shrink_800/image-shrink_800/0/1730929089714?e=2147483647&v=beta&t=C1GauK5ILQcj2kDpy1XNDh1KON40zxgwcMjid9qThyQ", "posted_on": {"day": 7, "month": 11, "year": 2024}, "text": "Rep. Andy Kim, AB\u201904, on Tuesday became the first Korean American elected to the U.S. Senate. Revisit this story from 2021, when the New Jersey Congressman spoke to UChicago students about how \u201cpublic service isn\u2019t just a job; it\u2019s a way of life.\u201d\n\nLearn more: http://ms.spr.ly/6048WZRpr", "total_likes": 820}, {"article_link": null, "image": "https://media.licdn.com/dms/image/v2/D5610AQGkT11UMCtGHg/image-shrink_1280/image-shrink_1280/0/1730917007926?e=2147483647&v=beta&t=FerhJSViTewV3wQQSu2Cy8UExSMczvH5kSW38fxwDO8", "posted_on": {"day": 7, "month": 11, "year": 2024}, "text": "Thank you to everyone who submitted photography to our fall photo contest! We'll be featuring the winning photos over the next few weeks.", "total_likes": 578}, {"article_link": "https://news.uchicago.edu/story/howard-aronson-advocate-study-slavic-and-non-slavic-languages-1936-2024", "image": null, "posted_on": {"day": 6, "month": 11, "year": 2024}, "text": "Remembering Prof. Emeritus Howard \"Howie\" Aronson, who was renowned for his expertise of the Georgian and Bulgarian languages. Colleagues remembered him as a \u201clinguist\u2019s linguist\" who was a transformative scholar and a beloved colleague.  http://ms.spr.ly/6045WkQ8X", "total_likes": 26}, {"article_link": null, "image": "https://media.licdn.com/dms/image/v2/D5610AQEp8untahzobw/videocover-high/videocover-high/0/1730833349526?e=2147483647&v=beta&t=G7x84Vge_810D79RsrBHA5uku9oqiT29LxyHNDT3Zq8", "posted_on": {"day": 6, "month": 11, "year": 2024}, "text": "\"Dark energy\" refers to whatever is causing the universe to expand faster over time. A term coined by UChicago astrophysicist Michael Turner more than a quarter-century ago, it remains one of the greatest mysteries of physics. \n\nLearn more in the UChicago Explainer Series: http://ms.spr.ly/6047WXsBX", "total_likes": 58}, {"article_link": null, "image": "https://media.licdn.com/dms/image/v2/D5610AQFnEsXnvljyXQ/ads-video-thumbnail_720_1280/ads-video-thumbnail_720_1280/0/1730824988219?e=2147483647&v=beta&t=vybiM0UBZXTjma0gpc11nGm8RZ0Qpr4cwrJR6zXQOjI", "posted_on": {"day": 5, "month": 11, "year": 2024}, "text": "How do some people age better than others? In her research, UChicago Prof. Emily Rogalski found there's no single secret, rather than many factors that help \"SuperAgers\" keep their memories sharp into their 80s. \n\nLearn more: http://ms.spr.ly/6041WXYwx", "total_likes": 71}, {"article_link": null, "image": "https://media.licdn.com/dms/image/v2/D5610AQHGQ6k9fQZ6tA/image-shrink_800/image-shrink_800/0/1730744414750?e=2147483647&v=beta&t=IyFcnY6YcFO68i31mi0iFstEuAyY8CNSRE4XA6X-4Xo", "posted_on": {"day": 5, "month": 11, "year": 2024}, "text": "\u201cCheck it out. The worst-case scenario is you realize you're not interested. The best case: It changes your life, like it did for me.\u201d\n\nThe Smart Museum of Art, The University of Chicago, is celebrating 50 years of rich history, academic engagement, innovative exhibitions, and instilling a lifelong love of art in visitors. Learn more about the museum's plans for its next chapter: http://ms.spr.ly/6042Wn3rQ", "total_likes": 77}, {"article_link": null, "image": "https://media.licdn.com/dms/image/v2/D5610AQH0_hK1cIenfQ/image-shrink_1280/image-shrink_1280/0/1730665803831?e=2147483647&v=beta&t=Sm3EMgWZFZjS7O1Wk9uTWlYCOPGONez7jjymS0CCQVY", "posted_on": {"day": 4, "month": 11, "year": 2024}, "text": "If you tune in to watch the Arizona Cardinals play the Chicago Bears today, their maroon uniform colors make look familiar. Here's their UChicago history. (Historic UChicago Maroons photo by Edward W. Martyn, 1899)", "total_likes": 154}, {"article_link": null, "image": "https://media.licdn.com/dms/image/v2/D5610AQFUrDQEjt7EgQ/image-shrink_800/image-shrink_800/0/1730642401251?e=2147483647&v=beta&t=BQE1IsqLoqxQzhd5FU8Igkpn5GpJNaLEgfwaOtxHuUg", "posted_on": {"day": 3, "month": 11, "year": 2024}, "text": "Got ghosts? UChicago alumni Lauren Riensche, AB\u201915, spoke to UChicago Magazine about her love of ghost tours\u2014including one she created in her hometown of Cedar Falls, Iowa. \n\nYour Sunday Read: http://ms.spr.ly/6045WrJYV", "total_likes": 38}, {"article_link": null, "image": "https://media.licdn.com/dms/image/v2/D5610AQHaIBtdpWxdmQ/videocover-high/videocover-high/0/1730559606376?e=2147483647&v=beta&t=feW8dh5DL5DZpMoI4YGGJhFiJfa-jj-YsLFxSmJgdWU", "posted_on": {"day": 2, "month": 11, "year": 2024}, "text": "Fly over the Midway Plaisance, which once housed the world's first Ferris wheel during the World\u2019s Columbian Exposition in 1893. \ud83c\udfa1", "total_likes": 350}], "follower_count": 312768, "acquisitions": null, "exit_data": null, "extra": null, "funding_data": [], "categories": null, "customer_list": null}
