{"linkedin_internal_id": "3757", "description": "Carolina\u2019s vibrant people and programs attest to the University\u2019s long-standing place among leaders in higher education since it was chartered in 1789 and opened its doors for students in 1795 as the nation\u2019s first public university. Situated in the beautiful college town of Chapel Hill, N.C., UNC has earned a reputation as one of the best universities in the world. Carolina prides itself on a strong, diverse student body, academic opportunities not found anywhere else, and a value unmatched by any public university in the nation.\n\nUNC-Chapel Hill's LinkedIn comments guidelines:\n\nThank you for liking the LinkedIn page of the University of North Carolina at Chapel Hill. This page highlights information about the people and programs at Carolina. Consistent with UNC-Chapel Hill\u2019s Policy on Prohibited Discrimination, Harassment and Related Misconduct, and the North Carolina Campus Free Speech Act, we encourage your comments and opinions as they relate to our posts.\n\nThis page is actively monitored for relevance. Carolina reserves the right to remove any comments that are not related to the particular post, make unsupported accusations, contain ad-hominem attacks, use obscene language or images, are blatant spam, contain advertisements, or contain inappropriate personal information or sensitive information. Repeated violation of these guidelines or behavior that substantially disrupts the maintenance of this page could result in a user being blocked from the page. Thanks for keeping the page enjoyable for everyone. Go Tar Heels!", "website": "http://unc.edu", "industry": "Higher Education", "company_size": [10001, null], "company_size_on_linkedin": 19412, "hq": {"country": "US", "city": "Chapel Hill", "postal_code": "27514", "line_1": "103 South Building", "is_hq": true, "state": "NC"}, "company_type": "EDUCATIONAL", "founded_year": null, "specialities": ["Education", "Research", "Public Service"], "locations": [{"country": "US", "city": "Chapel Hill", "postal_code": "27514", "line_1": "103 South Building", "is_hq": true, "state": "NC"}], "name": "University of North Carolina at Chapel Hill", "tagline": null, "universal_name_id": "university-of-north-carolina-at-chapel-hill", "profile_pic_url": "https://s3.us-west-000.backblazeb2.com/proxycurl/company/university-of-north-carolina-at-chapel-hill/profile?X-Amz-Algorithm=AWS4-HMAC-SHA256&X-Amz-Credential=0004d7f56a0400b0000000001%2F20241126%2Fus-west-000%2Fs3%2Faws4_request&X-Amz-Date=20241126T050805Z&X-Amz-Expires=3600&X-Amz-SignedHeaders=host&X-Amz-Signature=40d8aff1d1a321dd31bde5b868b2901dd74238e75d6cb13d49c8dffad991a126", "background_cover_image_url": "https://s3.us-west-000.backblazeb2.com/proxycurl/company/university-of-north-carolina-at-chapel-hill/cover?X-Amz-Algorithm=AWS4-HMAC-SHA256&X-Amz-Credential=0004d7f56a0400b0000000001%2F20241126%2Fus-west-000%2Fs3%2Faws4_request&X-Amz-Date=20241126T050805Z&X-Amz-Expires=3600&X-Amz-SignedHeaders=host&X-Amz-Signature=43bffb571efb03f6e7e93a2f476abc1b93531814a49e2cc97f72d6740656cd3b", "search_id": "3757", "similar_companies": [{"name": "UNC School of Data Science and Society", "link": "https://www.linkedin.com/company/uncsdss/", "industry": "Higher Education", "location": null}, {"name": "Duha International", "link": "https://www.linkedin.com/company/duhaglobal/", "industry": "Non-profit Organizations", "location": null}, {"name": "UNC Global Affairs", "link": "https://www.linkedin.com/company/unc-global-affairs/", "industry": "Higher Education", "location": null}, {"name": "Holiday Inn Harrisburg East", "link": "https://www.linkedin.com/company/holiday-inn-harrisburg-east/", "industry": "Hospitality", "location": null}, {"name": "Kamax International Corporate Limited", "link": "https://www.linkedin.com/company/kamax-international-corporate-limited/", "industry": "Oil and Gas", "location": null}, {"name": "SHYFT Creations", "link": "https://www.linkedin.com/company/shyft-creations/", "industry": "Retail Apparel and Fashion", "location": null}, {"name": "Patrick Henry Policy Institute", "link": "https://www.linkedin.com/company/patrick-henry-policy-institute/", "industry": "Government Relations Services", "location": null}, {"name": "Vand Technical Services Limited", "link": "https://www.linkedin.com/company/vand-technical-services-limited/", "industry": "Water Supply and Irrigation Systems", "location": null}, {"name": "Jewish Federation of Greater Harrisburg", "link": "https://www.linkedin.com/company/jewishfedhbg/", "industry": "Non-profit Organizations", "location": null}, {"name": "#HolkyzMarketingu", "link": "https://www.linkedin.com/school/holkyzmarketingu/", "industry": "Higher Education", "location": null}, {"name": "American Croatian Association of Professionals - Harrisburg, PA", "link": "https://www.linkedin.com/company/american-croatian-association-of-professionals-harrisburg-pa/", "industry": null, "location": null}, {"name": "Global Bookshelves International", "link": "https://www.linkedin.com/company/globalbookshelves/", "industry": "Book and Periodical Publishing", "location": null}, {"name": "Oregon IPM Center", "link": "https://www.linkedin.com/company/oregon-ipm-center/", "industry": "Environmental Services", "location": null}, {"name": "Eazy Customs", "link": "https://www.linkedin.com/company/eazycustoms/", "industry": "Software Development", "location": null}, {"name": "Google", "link": "https://www.linkedin.com/company/google/", "industry": "Software Development", "location": null}, {"name": "Amazon", "link": "https://www.linkedin.com/company/amazon/", "industry": "Software Development", "location": null}, {"name": "Backup Uganda", "link": "https://www.linkedin.com/company/backup-uganda/", "industry": "Non-profit Organization Management", "location": null}, {"name": "TPT Platform", "link": "https://www.linkedin.com/company/tpt-platform/", "industry": "Professional Training and Coaching", "location": null}, {"name": "UNC Research", "link": "https://www.linkedin.com/company/unc-research/", "industry": "Research Services", "location": null}, {"name": "bio2", "link": "https://www.linkedin.com/company/bio2pt/", "industry": "Veterinary Services", "location": null}], "affiliated_companies": [{"name": "University of North Carolina School of Law", "link": "https://www.linkedin.com/school/unc-law/", "industry": "Higher Education", "location": null}, {"name": "UNC Global Affairs", "link": "https://www.linkedin.com/company/unc-global-affairs/", "industry": "Higher Education", "location": null}, {"name": "University of North Carolina at Chapel Hill School of Medicine", "link": "https://www.linkedin.com/school/university-of-north-carolina-at-chapel-hill-school-of-medicine/", "industry": "Higher Education", "location": null}, {"name": "UNC Development", "link": "https://www.linkedin.com/company/unc-development/", "industry": "Philanthropic Fundraising Services", "location": null}, {"name": "UNC School of Data Science and Society", "link": "https://www.linkedin.com/company/uncsdss/", "industry": "Higher Education", "location": null}, {"name": "UNC Gillings School of Global Public Health", "link": "https://www.linkedin.com/school/uncpublichealth/", "industry": "Higher Education", "location": null}, {"name": "The Graduate School at the University of North Carolina at Chapel Hill", "link": "https://www.linkedin.com/school/unc-chapel-hill-graduate-school/", "industry": "Higher Education", "location": null}, {"name": "UNC-Chapel Hill Digital and Lifelong Learning", "link": "https://www.linkedin.com/company/unc-dll/", "industry": "Higher Education", "location": null}, {"name": "UNC School of Government", "link": "https://www.linkedin.com/school/uncsog/", "industry": "Government Administration", "location": null}, {"name": "UNC Kenan-Flagler Business School", "link": "https://www.linkedin.com/school/unc-kenan-flagler/", "industry": "Higher Education", "location": null}, {"name": "Institute for the Study of the Americas", "link": "https://www.linkedin.com/company/isa-unc-chapel-hill/", "industry": "Higher Education", "location": null}, {"name": "UNC Eshelman School of Pharmacy", "link": "https://www.linkedin.com/school/unc-eshelman-school-of-pharmacy/", "industry": "Higher Education", "location": null}], "updates": [{"article_link": "https://www.linkedin.com/posts/university-of-north-carolina-at-chapel-hill_unc-activity-7235108648652279808-ppMr", "image": null, "posted_on": {"day": 15, "month": 9, "year": 2024}, "text": "Did you catch our new TV spot during the game this evening?\n\nWhen Tar Heels arrive at #UNC, they meet a world of possibilities. Pursue musical passions. Conduct important research. Compete for championships. No matter your background or interests, you have the opportunity to make your mark at Carolina. \n\nWe\u2019re all part of the same Tar Heel team, and everyone has a role to play. How do you imagine your Heelprint? \u2b07\ufe0f", "total_likes": 488}, {"article_link": "https://www.linkedin.com/posts/university-of-north-carolina-at-chapel-hill_unc-activity-7262932326177800192-1ck2", "image": "https://media.licdn.com/dms/image/v2/D4D22AQEowrj0rRprHQ/feedshare-shrink_2048_1536/feedshare-shrink_2048_1536/0/1731597575374?e=1734566400&v=beta&t=EMXHxM9RY7HveeEhevECyf4MI3FrsC46lrp30M2YCK8", "posted_on": {"day": 14, "month": 11, "year": 2024}, "text": "On Nov. 8, Tar Heels eagerly gathered to celebrate the grand opening of Meantime at the Junction, the second location of the student-run coffee shop in partnership with Innovate Carolina.\n\nMeantime\u2019s second location expands its mission while remaining deeply rooted in Chapel Hill, showcasing its commitment to sustainability, social entrepreneurship and the #UNC community.\n\nLearn more about the new space https://unc.live/4fKFZHZ", "total_likes": 59}, {"article_link": "https://www.linkedin.com/posts/university-of-north-carolina-at-chapel-hill_unc-activity-7262887057117642752-DfCq", "image": "https://media.licdn.com/dms/image/v2/D4D22AQFa43jrTuV2UA/feedshare-shrink_2048_1536/feedshare-shrink_2048_1536/0/1731597328864?e=1734566400&v=beta&t=93LgZzJ9nJVsDeWjwSkVp6KMZStk-KFC5cIa63uFcaw", "posted_on": {"day": 14, "month": 11, "year": 2024}, "text": "Award-winning assistant professor Gary Kayye\ud83d\udc9c CTS found his passion for storytelling 47 years ago when he saw the first \"Star Wars\" movie. \n\nKayye has taught advertising at #UNC since 2009, inspiring students through MEJO 477: New Media Technologies\u2014a course blending creativity, technology. This year, he received a Chancellor's Award\u2014selected by students\u2014demonstrating the degree to which his teaching resonates.\n\nLearn more about Kayye's passionate force of storytelling https://unc.live/3AJ5Z7N", "total_likes": 51}, {"article_link": "https://www.linkedin.com/posts/university-of-north-carolina-at-chapel-hill_unc-activity-7262544736526163969-ONL2", "image": "https://media.licdn.com/dms/image/v2/D4E22AQGL8SeXG_WjmQ/feedshare-shrink_2048_1536/feedshare-shrink_2048_1536/0/1731525595202?e=1734566400&v=beta&t=hTSo1-w_L8PW1BVw8-n-ylB0D46pmr2cSLO3lWwYmSE", "posted_on": {"day": 14, "month": 11, "year": 2024}, "text": "Former CNN correspondent Leyla Santiago mentors students at UNC Hussman School of Journalism and Media, teaching courses that produce the \u201cCarolina Week\u201d newscast and two live shows, \"Rise and Shine\" and \"Carolina Ahora.\" \n\nIn her classes, #UNC students handle all aspects of broadcast production, with industry experts providing valuable feedback and guidance.\n\nLearn how Santiago helps Hussman students learn skills from professionals https://unc.live/40HHG4D", "total_likes": 90}, {"article_link": "https://www.linkedin.com/posts/university-of-north-carolina-at-chapel-hill_unc-activity-7262569921451061248-GtCA", "image": "https://media.licdn.com/dms/image/v2/D4E22AQHNPv4qKeC01Q/feedshare-shrink_2048_1536/feedshare-shrink_2048_1536/0/1731525489000?e=1734566400&v=beta&t=e-Dxo1nzwyMpCylDZxgmAgLqI1qGzeCqg6s29V4jMcc", "posted_on": {"day": 14, "month": 11, "year": 2024}, "text": "This semester, #UNC senior Jessica Bowling put her studies on pause, spending the month of October in the mountains with the Army National Guard to help with Hurricane Helene relief. \n\nHer work involved post-event canvassing and managing the influx of donations, and after returning to classes on Nov. 4, Bowling credited her Carolina professors for a smooth transition and stronger connections.\n\nLearn about Bowling\u2019s commitment to public service https://unc.live/3CoWVpb", "total_likes": 63}, {"article_link": "https://www.linkedin.com/posts/university-of-north-carolina-at-chapel-hill_unc-activity-7262480244018708481-w5CR", "image": "https://media.licdn.com/dms/image/v2/D4D22AQHRFS0834yVUQ/feedshare-shrink_2048_1536/feedshare-shrink_2048_1536/0/1731510219382?e=1734566400&v=beta&t=RR_t-kNQud4xFSR9BGFelAjfag0AVgRsNGpXutfTSjs", "posted_on": {"day": 14, "month": 11, "year": 2024}, "text": "How well do you know #UNC's campus? Can you guess where this photo was taken? \ud83d\udc0f \n\nLet us know down below \u2b07\ufe0f \n\nOption 1 - Tarrson Hall\nOption 2 - Houpt Building\nOption 3 - Koury Oral Health Sciences Building\nOption 4 - Thurston-Bowles Building", "total_likes": 16}], "follower_count": 377141, "acquisitions": null, "exit_data": null, "extra": null, "funding_data": [], "categories": null, "customer_list": null}
