{"linkedin_internal_id": "18108025", "description": "World System Builder is a community of financial professionals on a mission to deliver the best financial education and revolutionize the financial service industry through a reliable, build-able system.\n\nWe want to bring Wall Street to Main Street, and vice versa. We uphold the professionalism of a proper institution without the confusing and complex jargon. We also remember where we came from, keeping the authenticity and excitement of a grass-roots movement.\n\nWe are a community of people who care and have a heart to help.\n\nWe\u2019re building a new industry and ready to change the world.\n\n-World System Builder", "website": "http://worldsystembuilder.com", "industry": "Financial Services", "company_size": [5001, 10000], "company_size_on_linkedin": 876, "hq": {"country": "US", "city": "Alviso", "postal_code": "95002", "line_1": "2099 Gold Street", "is_hq": true, "state": "California "}, "company_type": "PRIVATELY_HELD", "founded_year": null, "specialities": ["Financial Literacy", "Financial Education"], "locations": [{"country": "US", "city": "Alviso", "postal_code": "95002", "line_1": "2099 Gold Street", "is_hq": true, "state": "California "}], "name": "WORLD SYSTEM BUILDER", "tagline": null, "universal_name_id": "worldsystembuilder", "profile_pic_url": "https://s3.us-west-000.backblazeb2.com/proxycurl/company/worldsystembuilder/profile?X-Amz-Algorithm=AWS4-HMAC-SHA256&X-Amz-Credential=0004d7f56a0400b0000000001%2F20241126%2Fus-west-000%2Fs3%2Faws4_request&X-Amz-Date=20241126T054141Z&X-Amz-Expires=3600&X-Amz-SignedHeaders=host&X-Amz-Signature=4a1104072f4b4b113f399dbcfa86f8cc1dafb8f6b3f345fa0240513bdbe2baed", "background_cover_image_url": "https://s3.us-west-000.backblazeb2.com/proxycurl/company/worldsystembuilder/cover?X-Amz-Algorithm=AWS4-HMAC-SHA256&X-Amz-Credential=0004d7f56a0400b0000000001%2F20241126%2Fus-west-000%2Fs3%2Faws4_request&X-Amz-Date=20241126T054141Z&X-Amz-Expires=3600&X-Amz-SignedHeaders=host&X-Amz-Signature=730bf22584b300dc42453030de0bc05b2bda27109b1928cd3ab6dad6acd1adfb", "search_id": "18108025", "similar_companies": [{"name": "World Financial Group (WFG)", "link": "https://www.linkedin.com/company/world-financial-group-wfg/", "industry": "Financial Services", "location": null}, {"name": "RSSA", "link": "https://www.linkedin.com/company/rssanews/", "industry": "Financial Services", "location": null}, {"name": "WORLD SYSTEM BUILDER", "link": "https://www.linkedin.com/company/world-system-builder/", "industry": "Financial Services", "location": null}, {"name": "Transamerica", "link": "https://www.linkedin.com/company/transamerica/", "industry": "Financial Services", "location": null}, {"name": "Aegon", "link": "https://www.linkedin.com/company/aegon/", "industry": "Financial Services", "location": null}, {"name": "Full Picture Research & Technologies Inc", "link": "https://www.linkedin.com/company/full-picture-research-technologies/", "industry": "Research Services", "location": null}, {"name": "WFG - World Financial Group - Bakersfield", "link": "https://www.linkedin.com/company/wfg-worldfinancialgroup-bakersfield/", "industry": "Financial Services", "location": null}, {"name": "Everest Funeral Concierge", "link": "https://www.linkedin.com/company/everestfuneralconcierge/", "industry": "Consumer Services", "location": null}, {"name": "Champlain Notary Public", "link": "https://www.linkedin.com/company/champlain-notary-public/", "industry": "Legal Services", "location": null}, {"name": "Vox Mobile", "link": "https://www.linkedin.com/company/vox-mobile/", "industry": "IT Services and IT Consulting", "location": null}, {"name": "Black Boys Code", "link": "https://www.linkedin.com/company/black-boys-code1/", "industry": "Education Management", "location": null}, {"name": "Saskatoon Open Door Society", "link": "https://www.linkedin.com/company/saskatoon-open-door-society/", "industry": "Non-profit Organizations", "location": null}, {"name": "Primerica", "link": "https://www.linkedin.com/company/primerica/", "industry": "Financial Services", "location": null}, {"name": "Lightning Step Technologies", "link": "https://www.linkedin.com/company/lightningstep/", "industry": "Mental Health Care", "location": null}, {"name": "National Financial Literacy Campaign", "link": "https://www.linkedin.com/company/nationalfinancialliteracycampaign/", "industry": "Financial Services", "location": null}, {"name": "Transamerica Financial Advisors, Inc.", "link": "https://www.linkedin.com/company/transamerica-financial-advisors-inc/", "industry": "Financial Services", "location": null}, {"name": "ShopperPlus", "link": "https://www.linkedin.com/company/shopperplus/", "industry": "Retail", "location": null}, {"name": "Insurance Council of BC", "link": "https://www.linkedin.com/company/insurance-council-of-bc/", "industry": "Insurance", "location": null}, {"name": "Garrington Capital", "link": "https://www.linkedin.com/company/garrington-capital/", "industry": "Financial Services", "location": null}, {"name": "BMO", "link": "https://www.linkedin.com/company/bank-of-montreal/", "industry": "Financial Services", "location": null}], "affiliated_companies": [], "updates": [{"article_link": "https://www.linkedin.com/posts/rhio-marc-fernandez-a239a985_a-job-is-a-good-start-to-earn-a-living-activity-7150428984256643073-OxqN", "image": null, "posted_on": {"day": 14, "month": 1, "year": 2024}, "text": "- A job is a good start to earn a living while pursuing a high value Skills. Eventually, these high value skills will help you transition from being an Employee to Self Employed running your Brand.\n- \n- When your product and services get some traction and raving customers, you need to create a Business System for more efficient processing by hiring the Brightest Minds from Schools and universities to help you grow your business.\n- \n- Reinvest in your business and expand to multiple locations to touch, serve and provide solutions to more people for a profit.  \n- \n- Life is an extraordinary journey filled with beautiful moments and unexpected challenges. Along this path, certain occasions are important, marking pivotal moments of growth, responsibility, and love. These occasions serve as reminders of the importance of protecting what matters most. Acquiring a life insurance policy is one powerful way to safeguard your loved ones' future.\n- \n- My pleasure to help you and your family, with passion, purpose, and a thousand ways to serve you better.\n- \n- However, becoming too comfortable in your job will become the killer of your Dreams.\n- \n- Start with a Part Time Job based on Commission.\n- \n- Your job pays your bills, your Part Time helps you save more for future endeavors.\n\n- You can be a Financial Services Professional to start with. \n- \n- My pleasure to help you and your family, with passion, purpose, and a thousand ways to serve you better.\n- Free Consultation just click the comment below", "total_likes": 6}], "follower_count": 3824, "acquisitions": null, "exit_data": null, "extra": null, "funding_data": [], "categories": null, "customer_list": null}
