{"linkedin_internal_id": "125743", "description": "Asset and Property Management Software by Yardi Systems\r\nFor more than 28 years, Yardi Systems has been solely committed to the design, development, and support of real estate investment management and property management software. \r\nRecognized as an industry leader, Yardi continues to develop and deliver software and services with the highest dedication to responsiveness, quality, innovation, and customer focus. \r\n\r\nOur full business solution operates on a centralized database, delivering integrated investment management, property management and accounting software that enables managers, owners and investors to execute business with efficiency and ease.", "website": "http://www.yardi.com", "industry": "Software Development", "company_size": [1001, 5000], "company_size_on_linkedin": 1514, "hq": {"country": "IN", "city": "Pune", "postal_code": "411016", "line_1": "Second Floor, Sigma House", "is_hq": true, "state": "Maharashtra"}, "company_type": "PRIVATELY_HELD", "founded_year": 2004, "specialities": ["Real Estate"], "locations": [{"country": "IN", "city": "Pune", "postal_code": "411016", "line_1": "Second Floor, Sigma House", "is_hq": true, "state": "Maharashtra"}, {"country": "US", "city": "San Diego", "postal_code": "92101", "line_1": "1 Park Blvd", "is_hq": true, "state": "CA"}], "name": "Yardi Software India Pvt Ltd", "tagline": null, "universal_name_id": "yardi-software-india-pvt-ltd", "profile_pic_url": "https://s3.us-west-000.backblazeb2.com/proxycurl/company/yardi-software-india-pvt-ltd/profile?X-Amz-Algorithm=AWS4-HMAC-SHA256&X-Amz-Credential=0004d7f56a0400b0000000001%2F20241126%2Fus-west-000%2Fs3%2Faws4_request&X-Amz-Date=20241126T055825Z&X-Amz-Expires=3600&X-Amz-SignedHeaders=host&X-Amz-Signature=117f6a942812c3fcb0cb83bc02f6f789a6bc5764cd3e05b95e92bb2a326b8cfc", "background_cover_image_url": null, "search_id": "125743", "similar_companies": [{"name": "Yardi", "link": "https://www.linkedin.com/company/yardi/", "industry": "Software Development", "location": null}, {"name": "Yardi Software India Private Limited, Pune", "link": "https://www.linkedin.com/company/yardi-software-india-private-limited-pune/", "industry": "Information Technology & Services", "location": null}, {"name": "Persistent Systems", "link": "https://www.linkedin.com/company/persistent-systems/", "industry": "IT Services and IT Consulting", "location": null}, {"name": "NICE", "link": "https://www.linkedin.com/company/nice-systems/", "industry": "Software Development", "location": null}, {"name": "Amdocs", "link": "https://www.linkedin.com/company/amdocs/", "industry": "Software Development", "location": null}, {"name": "Training and Placement Cell, GECA Chh. Sambhajinagar", "link": "https://www.linkedin.com/company/training-and-placement-cell-gec-aurangabad/", "industry": "Higher Education", "location": null}, {"name": "Cybage Software", "link": "https://www.linkedin.com/company/cybage/", "industry": "IT Services and IT Consulting", "location": null}, {"name": "Zensar Technologies", "link": "https://www.linkedin.com/company/zensar/", "industry": "IT Services and IT Consulting", "location": null}, {"name": "Tata Consultancy Services", "link": "https://www.linkedin.com/company/tata-consultancy-services/", "industry": "IT Services and IT Consulting", "location": null}, {"name": "Ittiam Systems Pvt Ltd", "link": "https://www.linkedin.com/company/ittiam-systems/", "industry": "Software Development", "location": null}, {"name": "Deloitte", "link": "https://www.linkedin.com/company/deloitte/", "industry": "Business Consulting and Services", "location": null}, {"name": "Cognizant", "link": "https://www.linkedin.com/company/cognizant/", "industry": "IT Services and IT Consulting", "location": null}, {"name": "Infosys", "link": "https://www.linkedin.com/company/infosys/", "industry": "IT Services and IT Consulting", "location": null}, {"name": "VibrantMinds Technologies Pvt Ltd", "link": "https://www.linkedin.com/company/vibrantminds-technologies/", "industry": "Information Technology & Services", "location": null}, {"name": "Brainstorm Force", "link": "https://www.linkedin.com/company/brainstorm-force/", "industry": "Software Development", "location": null}, {"name": "Capgemini", "link": "https://www.linkedin.com/company/capgemini/", "industry": "IT Services and IT Consulting", "location": null}, {"name": "Wipro", "link": "https://www.linkedin.com/company/wipro/", "industry": "IT Services and IT Consulting", "location": null}, {"name": "Hexaware Technologies", "link": "https://www.linkedin.com/company/hexaware-technologies/", "industry": "IT Services and IT Consulting", "location": null}, {"name": "Tech Mahindra", "link": "https://www.linkedin.com/company/tech-mahindra/", "industry": "IT Services and IT Consulting", "location": null}, {"name": "YASH Technologies", "link": "https://www.linkedin.com/company/yash-technologies/", "industry": "IT Services and IT Consulting", "location": null}], "affiliated_companies": [], "updates": [], "follower_count": 16240, "acquisitions": null, "exit_data": null, "extra": null, "funding_data": [], "categories": null, "customer_list": null}
